================================================================
== Vivado RTL Synthesis Results
================================================================
+ General Information:
    * Date:            Fri May 02 00:44:56 EDT 2025
    * Version:         2023.1 (Build 3869133 on Jun 15 2023)
    * Project:         project_2
    * Solution:        solution1 (Vivado IP Flow Target)
    * Product family:  virtexuplus
    * Target device:   xcu250-figd2104-2L-e


================================================================
== Run Constraints & Options
================================================================
+ Design Constraints & Options:
    * RTL Synthesis target clock:  10 ns
    * C-Synthesis target clock:    10 ns
    * C-Synthesis uncertainty:     27%

+ RTL Synthesis Options:
    * config_export -vivado_synth_strategy:     default
    * config_export -vivado_synth_design_args:  -directive sdx_optimization_effort_high

+ Reporting Options:
    * config_export -vivado_report_level:      2
    * config_export -vivado_max_timing_paths:  10


================================================================
== RTL Synthesis Resource Summary
================================================================
LUT:              48747
FF:               24324
DSP:              15
BRAM:             2804
URAM:             0
SRL:              545


================================================================
== RTL Synthesis Timing Summary
================================================================
* Timing was met
+----------------+-------------+
| Timing         | Period (ns) |
+----------------+-------------+
| Target         | 10.000      |
| Post-Synthesis | 7.464       |
+----------------+-------------+


================================================================
== RTL Synthesis Resources
================================================================
+-----------------------------------------------------------------------------------------------+-------+-------+-----+------+------+-----+--------+---------+---------+-----------------------------------------------+---------------------------------------------------------------------------------------------------------------------------------------+
| Name                                                                                          | LUT   | FF    | DSP | BRAM | URAM | SRL | Pragma | Impl    | Latency | Variable                                      | Source                                                                                                                                |
+-----------------------------------------------------------------------------------------------+-------+-------+-----+------+------+-----+--------+---------+---------+-----------------------------------------------+---------------------------------------------------------------------------------------------------------------------------------------+
| inst                                                                                          | 48747 | 24324 | 15  | 2804 |      |     |        |         |         |                                               |                                                                                                                                       |
|   (inst)                                                                                      | 841   | 1874  | 1   |      |      |     |        |         |         |                                               |                                                                                                                                       |
|   avg_pooling_local_output_100_U                                                              | 1     |       |     | 8    |      |     |        |         |         |                                               |                                                                                                                                       |
|     bind_storage rom_np                                                                       |       |       |     |      |      |     |        | auto    | 1       | avg_pooling_local_output_100                  | top_new.cpp:161                                                                                                                       |
|   avg_pooling_local_output_101_U                                                              | 1     |       |     | 8    |      |     |        |         |         |                                               |                                                                                                                                       |
|     bind_storage rom_np                                                                       |       |       |     |      |      |     |        | auto    | 1       | avg_pooling_local_output_101                  | top_new.cpp:161                                                                                                                       |
|   avg_pooling_local_output_102_U                                                              | 1     |       |     | 8    |      |     |        |         |         |                                               |                                                                                                                                       |
|     bind_storage rom_np                                                                       |       |       |     |      |      |     |        | auto    | 1       | avg_pooling_local_output_102                  | top_new.cpp:161                                                                                                                       |
|   avg_pooling_local_output_103_U                                                              | 1     |       |     | 8    |      |     |        |         |         |                                               |                                                                                                                                       |
|     bind_storage rom_np                                                                       |       |       |     |      |      |     |        | auto    | 1       | avg_pooling_local_output_103                  | top_new.cpp:161                                                                                                                       |
|   avg_pooling_local_output_104_U                                                              | 1     |       |     | 8    |      |     |        |         |         |                                               |                                                                                                                                       |
|     bind_storage rom_np                                                                       |       |       |     |      |      |     |        | auto    | 1       | avg_pooling_local_output_104                  | top_new.cpp:161                                                                                                                       |
|   avg_pooling_local_output_105_U                                                              | 2     |       |     | 8    |      |     |        |         |         |                                               |                                                                                                                                       |
|     bind_storage rom_np                                                                       |       |       |     |      |      |     |        | auto    | 1       | avg_pooling_local_output_105                  | top_new.cpp:161                                                                                                                       |
|   avg_pooling_local_output_106_U                                                              | 1     |       |     | 8    |      |     |        |         |         |                                               |                                                                                                                                       |
|     bind_storage rom_np                                                                       |       |       |     |      |      |     |        | auto    | 1       | avg_pooling_local_output_106                  | top_new.cpp:161                                                                                                                       |
|   avg_pooling_local_output_107_U                                                              | 1     |       |     | 8    |      |     |        |         |         |                                               |                                                                                                                                       |
|     bind_storage rom_np                                                                       |       |       |     |      |      |     |        | auto    | 1       | avg_pooling_local_output_107                  | top_new.cpp:161                                                                                                                       |
|   avg_pooling_local_output_108_U                                                              | 1     |       |     | 8    |      |     |        |         |         |                                               |                                                                                                                                       |
|     bind_storage rom_np                                                                       |       |       |     |      |      |     |        | auto    | 1       | avg_pooling_local_output_108                  | top_new.cpp:161                                                                                                                       |
|   avg_pooling_local_output_109_U                                                              | 1     |       |     | 8    |      |     |        |         |         |                                               |                                                                                                                                       |
|     bind_storage rom_np                                                                       |       |       |     |      |      |     |        | auto    | 1       | avg_pooling_local_output_109                  | top_new.cpp:161                                                                                                                       |
|   avg_pooling_local_output_10_U                                                               | 1     |       |     | 8    |      |     |        |         |         |                                               |                                                                                                                                       |
|     bind_storage rom_np                                                                       |       |       |     |      |      |     |        | auto    | 1       | avg_pooling_local_output_10                   | top_new.cpp:161                                                                                                                       |
|   avg_pooling_local_output_110_U                                                              | 1     |       |     | 8    |      |     |        |         |         |                                               |                                                                                                                                       |
|     bind_storage rom_np                                                                       |       |       |     |      |      |     |        | auto    | 1       | avg_pooling_local_output_110                  | top_new.cpp:161                                                                                                                       |
|   avg_pooling_local_output_111_U                                                              | 1     |       |     | 8    |      |     |        |         |         |                                               |                                                                                                                                       |
|     bind_storage rom_np                                                                       |       |       |     |      |      |     |        | auto    | 1       | avg_pooling_local_output_111                  | top_new.cpp:161                                                                                                                       |
|   avg_pooling_local_output_112_U                                                              | 1     |       |     | 8    |      |     |        |         |         |                                               |                                                                                                                                       |
|     bind_storage rom_np                                                                       |       |       |     |      |      |     |        | auto    | 1       | avg_pooling_local_output_112                  | top_new.cpp:161                                                                                                                       |
|   avg_pooling_local_output_113_U                                                              | 2     |       |     | 8    |      |     |        |         |         |                                               |                                                                                                                                       |
|     bind_storage rom_np                                                                       |       |       |     |      |      |     |        | auto    | 1       | avg_pooling_local_output_113                  | top_new.cpp:161                                                                                                                       |
|   avg_pooling_local_output_114_U                                                              | 1     |       |     | 8    |      |     |        |         |         |                                               |                                                                                                                                       |
|     bind_storage rom_np                                                                       |       |       |     |      |      |     |        | auto    | 1       | avg_pooling_local_output_114                  | top_new.cpp:161                                                                                                                       |
|   avg_pooling_local_output_115_U                                                              | 1     |       |     | 8    |      |     |        |         |         |                                               |                                                                                                                                       |
|     bind_storage rom_np                                                                       |       |       |     |      |      |     |        | auto    | 1       | avg_pooling_local_output_115                  | top_new.cpp:161                                                                                                                       |
|   avg_pooling_local_output_116_U                                                              | 1     |       |     | 8    |      |     |        |         |         |                                               |                                                                                                                                       |
|     bind_storage rom_np                                                                       |       |       |     |      |      |     |        | auto    | 1       | avg_pooling_local_output_116                  | top_new.cpp:161                                                                                                                       |
|   avg_pooling_local_output_117_U                                                              | 1     |       |     | 8    |      |     |        |         |         |                                               |                                                                                                                                       |
|     bind_storage rom_np                                                                       |       |       |     |      |      |     |        | auto    | 1       | avg_pooling_local_output_117                  | top_new.cpp:161                                                                                                                       |
|   avg_pooling_local_output_118_U                                                              | 1     |       |     | 8    |      |     |        |         |         |                                               |                                                                                                                                       |
|     bind_storage rom_np                                                                       |       |       |     |      |      |     |        | auto    | 1       | avg_pooling_local_output_118                  | top_new.cpp:161                                                                                                                       |
|   avg_pooling_local_output_119_U                                                              | 1     |       |     | 8    |      |     |        |         |         |                                               |                                                                                                                                       |
|     bind_storage rom_np                                                                       |       |       |     |      |      |     |        | auto    | 1       | avg_pooling_local_output_119                  | top_new.cpp:161                                                                                                                       |
|   avg_pooling_local_output_11_U                                                               | 1     |       |     | 8    |      |     |        |         |         |                                               |                                                                                                                                       |
|     bind_storage rom_np                                                                       |       |       |     |      |      |     |        | auto    | 1       | avg_pooling_local_output_11                   | top_new.cpp:161                                                                                                                       |
|   avg_pooling_local_output_120_U                                                              | 1     |       |     | 8    |      |     |        |         |         |                                               |                                                                                                                                       |
|     bind_storage rom_np                                                                       |       |       |     |      |      |     |        | auto    | 1       | avg_pooling_local_output_120                  | top_new.cpp:161                                                                                                                       |
|   avg_pooling_local_output_121_U                                                              | 2     |       |     | 8    |      |     |        |         |         |                                               |                                                                                                                                       |
|     bind_storage rom_np                                                                       |       |       |     |      |      |     |        | auto    | 1       | avg_pooling_local_output_121                  | top_new.cpp:161                                                                                                                       |
|   avg_pooling_local_output_122_U                                                              | 1     |       |     | 8    |      |     |        |         |         |                                               |                                                                                                                                       |
|     bind_storage rom_np                                                                       |       |       |     |      |      |     |        | auto    | 1       | avg_pooling_local_output_122                  | top_new.cpp:161                                                                                                                       |
|   avg_pooling_local_output_123_U                                                              | 1     |       |     | 8    |      |     |        |         |         |                                               |                                                                                                                                       |
|     bind_storage rom_np                                                                       |       |       |     |      |      |     |        | auto    | 1       | avg_pooling_local_output_123                  | top_new.cpp:161                                                                                                                       |
|   avg_pooling_local_output_124_U                                                              | 1     |       |     | 8    |      |     |        |         |         |                                               |                                                                                                                                       |
|     bind_storage rom_np                                                                       |       |       |     |      |      |     |        | auto    | 1       | avg_pooling_local_output_124                  | top_new.cpp:161                                                                                                                       |
|   avg_pooling_local_output_125_U                                                              | 1     |       |     | 8    |      |     |        |         |         |                                               |                                                                                                                                       |
|     bind_storage rom_np                                                                       |       |       |     |      |      |     |        | auto    | 1       | avg_pooling_local_output_125                  | top_new.cpp:161                                                                                                                       |
|   avg_pooling_local_output_126_U                                                              | 1     |       |     | 8    |      |     |        |         |         |                                               |                                                                                                                                       |
|     bind_storage rom_np                                                                       |       |       |     |      |      |     |        | auto    | 1       | avg_pooling_local_output_126                  | top_new.cpp:161                                                                                                                       |
|   avg_pooling_local_output_127_U                                                              | 1     |       |     | 8    |      |     |        |         |         |                                               |                                                                                                                                       |
|     bind_storage rom_np                                                                       |       |       |     |      |      |     |        | auto    | 1       | avg_pooling_local_output_127                  | top_new.cpp:161                                                                                                                       |
|   avg_pooling_local_output_128_U                                                              | 1     |       |     | 8    |      |     |        |         |         |                                               |                                                                                                                                       |
|     bind_storage rom_np                                                                       |       |       |     |      |      |     |        | auto    | 1       | avg_pooling_local_output_128                  | top_new.cpp:161                                                                                                                       |
|   avg_pooling_local_output_129_U                                                              | 2     |       |     | 8    |      |     |        |         |         |                                               |                                                                                                                                       |
|     bind_storage rom_np                                                                       |       |       |     |      |      |     |        | auto    | 1       | avg_pooling_local_output_129                  | top_new.cpp:161                                                                                                                       |
|   avg_pooling_local_output_12_U                                                               | 1     |       |     | 8    |      |     |        |         |         |                                               |                                                                                                                                       |
|     bind_storage rom_np                                                                       |       |       |     |      |      |     |        | auto    | 1       | avg_pooling_local_output_12                   | top_new.cpp:161                                                                                                                       |
|   avg_pooling_local_output_130_U                                                              | 1     |       |     | 8    |      |     |        |         |         |                                               |                                                                                                                                       |
|     bind_storage rom_np                                                                       |       |       |     |      |      |     |        | auto    | 1       | avg_pooling_local_output_130                  | top_new.cpp:161                                                                                                                       |
|   avg_pooling_local_output_131_U                                                              | 1     |       |     | 8    |      |     |        |         |         |                                               |                                                                                                                                       |
|     bind_storage rom_np                                                                       |       |       |     |      |      |     |        | auto    | 1       | avg_pooling_local_output_131                  | top_new.cpp:161                                                                                                                       |
|   avg_pooling_local_output_132_U                                                              | 1     |       |     | 8    |      |     |        |         |         |                                               |                                                                                                                                       |
|     bind_storage rom_np                                                                       |       |       |     |      |      |     |        | auto    | 1       | avg_pooling_local_output_132                  | top_new.cpp:161                                                                                                                       |
|   avg_pooling_local_output_133_U                                                              | 1     |       |     | 8    |      |     |        |         |         |                                               |                                                                                                                                       |
|     bind_storage rom_np                                                                       |       |       |     |      |      |     |        | auto    | 1       | avg_pooling_local_output_133                  | top_new.cpp:161                                                                                                                       |
|   avg_pooling_local_output_134_U                                                              | 1     |       |     | 8    |      |     |        |         |         |                                               |                                                                                                                                       |
|     bind_storage rom_np                                                                       |       |       |     |      |      |     |        | auto    | 1       | avg_pooling_local_output_134                  | top_new.cpp:161                                                                                                                       |
|   avg_pooling_local_output_135_U                                                              | 1     |       |     | 8    |      |     |        |         |         |                                               |                                                                                                                                       |
|     bind_storage rom_np                                                                       |       |       |     |      |      |     |        | auto    | 1       | avg_pooling_local_output_135                  | top_new.cpp:161                                                                                                                       |
|   avg_pooling_local_output_136_U                                                              | 1     |       |     | 8    |      |     |        |         |         |                                               |                                                                                                                                       |
|     bind_storage rom_np                                                                       |       |       |     |      |      |     |        | auto    | 1       | avg_pooling_local_output_136                  | top_new.cpp:161                                                                                                                       |
|   avg_pooling_local_output_137_U                                                              | 2     |       |     | 8    |      |     |        |         |         |                                               |                                                                                                                                       |
|     bind_storage rom_np                                                                       |       |       |     |      |      |     |        | auto    | 1       | avg_pooling_local_output_137                  | top_new.cpp:161                                                                                                                       |
|   avg_pooling_local_output_138_U                                                              | 1     |       |     | 8    |      |     |        |         |         |                                               |                                                                                                                                       |
|     bind_storage rom_np                                                                       |       |       |     |      |      |     |        | auto    | 1       | avg_pooling_local_output_138                  | top_new.cpp:161                                                                                                                       |
|   avg_pooling_local_output_139_U                                                              | 1     |       |     | 8    |      |     |        |         |         |                                               |                                                                                                                                       |
|     bind_storage rom_np                                                                       |       |       |     |      |      |     |        | auto    | 1       | avg_pooling_local_output_139                  | top_new.cpp:161                                                                                                                       |
|   avg_pooling_local_output_13_U                                                               | 1     |       |     | 8    |      |     |        |         |         |                                               |                                                                                                                                       |
|     bind_storage rom_np                                                                       |       |       |     |      |      |     |        | auto    | 1       | avg_pooling_local_output_13                   | top_new.cpp:161                                                                                                                       |
|   avg_pooling_local_output_140_U                                                              | 1     |       |     | 8    |      |     |        |         |         |                                               |                                                                                                                                       |
|     bind_storage rom_np                                                                       |       |       |     |      |      |     |        | auto    | 1       | avg_pooling_local_output_140                  | top_new.cpp:161                                                                                                                       |
|   avg_pooling_local_output_141_U                                                              | 1     |       |     | 8    |      |     |        |         |         |                                               |                                                                                                                                       |
|     bind_storage rom_np                                                                       |       |       |     |      |      |     |        | auto    | 1       | avg_pooling_local_output_141                  | top_new.cpp:161                                                                                                                       |
|   avg_pooling_local_output_142_U                                                              | 1     |       |     | 8    |      |     |        |         |         |                                               |                                                                                                                                       |
|     bind_storage rom_np                                                                       |       |       |     |      |      |     |        | auto    | 1       | avg_pooling_local_output_142                  | top_new.cpp:161                                                                                                                       |
|   avg_pooling_local_output_143_U                                                              | 1     |       |     | 8    |      |     |        |         |         |                                               |                                                                                                                                       |
|     bind_storage rom_np                                                                       |       |       |     |      |      |     |        | auto    | 1       | avg_pooling_local_output_143                  | top_new.cpp:161                                                                                                                       |
|   avg_pooling_local_output_144_U                                                              | 1     |       |     | 8    |      |     |        |         |         |                                               |                                                                                                                                       |
|     bind_storage rom_np                                                                       |       |       |     |      |      |     |        | auto    | 1       | avg_pooling_local_output_144                  | top_new.cpp:161                                                                                                                       |
|   avg_pooling_local_output_145_U                                                              | 2     |       |     | 8    |      |     |        |         |         |                                               |                                                                                                                                       |
|     bind_storage rom_np                                                                       |       |       |     |      |      |     |        | auto    | 1       | avg_pooling_local_output_145                  | top_new.cpp:161                                                                                                                       |
|   avg_pooling_local_output_146_U                                                              | 1     |       |     | 8    |      |     |        |         |         |                                               |                                                                                                                                       |
|     bind_storage rom_np                                                                       |       |       |     |      |      |     |        | auto    | 1       | avg_pooling_local_output_146                  | top_new.cpp:161                                                                                                                       |
|   avg_pooling_local_output_147_U                                                              | 1     |       |     | 8    |      |     |        |         |         |                                               |                                                                                                                                       |
|     bind_storage rom_np                                                                       |       |       |     |      |      |     |        | auto    | 1       | avg_pooling_local_output_147                  | top_new.cpp:161                                                                                                                       |
|   avg_pooling_local_output_148_U                                                              | 1     |       |     | 8    |      |     |        |         |         |                                               |                                                                                                                                       |
|     bind_storage rom_np                                                                       |       |       |     |      |      |     |        | auto    | 1       | avg_pooling_local_output_148                  | top_new.cpp:161                                                                                                                       |
|   avg_pooling_local_output_149_U                                                              | 1     |       |     | 8    |      |     |        |         |         |                                               |                                                                                                                                       |
|     bind_storage rom_np                                                                       |       |       |     |      |      |     |        | auto    | 1       | avg_pooling_local_output_149                  | top_new.cpp:161                                                                                                                       |
|   avg_pooling_local_output_14_U                                                               | 1     |       |     | 8    |      |     |        |         |         |                                               |                                                                                                                                       |
|     bind_storage rom_np                                                                       |       |       |     |      |      |     |        | auto    | 1       | avg_pooling_local_output_14                   | top_new.cpp:161                                                                                                                       |
|   avg_pooling_local_output_150_U                                                              | 1     |       |     | 8    |      |     |        |         |         |                                               |                                                                                                                                       |
|     bind_storage rom_np                                                                       |       |       |     |      |      |     |        | auto    | 1       | avg_pooling_local_output_150                  | top_new.cpp:161                                                                                                                       |
|   avg_pooling_local_output_151_U                                                              | 1     |       |     | 8    |      |     |        |         |         |                                               |                                                                                                                                       |
|     bind_storage rom_np                                                                       |       |       |     |      |      |     |        | auto    | 1       | avg_pooling_local_output_151                  | top_new.cpp:161                                                                                                                       |
|   avg_pooling_local_output_152_U                                                              | 1     |       |     | 8    |      |     |        |         |         |                                               |                                                                                                                                       |
|     bind_storage rom_np                                                                       |       |       |     |      |      |     |        | auto    | 1       | avg_pooling_local_output_152                  | top_new.cpp:161                                                                                                                       |
|   avg_pooling_local_output_153_U                                                              | 2     |       |     | 8    |      |     |        |         |         |                                               |                                                                                                                                       |
|     bind_storage rom_np                                                                       |       |       |     |      |      |     |        | auto    | 1       | avg_pooling_local_output_153                  | top_new.cpp:161                                                                                                                       |
|   avg_pooling_local_output_154_U                                                              | 1     |       |     | 8    |      |     |        |         |         |                                               |                                                                                                                                       |
|     bind_storage rom_np                                                                       |       |       |     |      |      |     |        | auto    | 1       | avg_pooling_local_output_154                  | top_new.cpp:161                                                                                                                       |
|   avg_pooling_local_output_155_U                                                              | 1     |       |     | 8    |      |     |        |         |         |                                               |                                                                                                                                       |
|     bind_storage rom_np                                                                       |       |       |     |      |      |     |        | auto    | 1       | avg_pooling_local_output_155                  | top_new.cpp:161                                                                                                                       |
|   avg_pooling_local_output_156_U                                                              | 1     |       |     | 8    |      |     |        |         |         |                                               |                                                                                                                                       |
|     bind_storage rom_np                                                                       |       |       |     |      |      |     |        | auto    | 1       | avg_pooling_local_output_156                  | top_new.cpp:161                                                                                                                       |
|   avg_pooling_local_output_157_U                                                              | 1     |       |     | 8    |      |     |        |         |         |                                               |                                                                                                                                       |
|     bind_storage rom_np                                                                       |       |       |     |      |      |     |        | auto    | 1       | avg_pooling_local_output_157                  | top_new.cpp:161                                                                                                                       |
|   avg_pooling_local_output_158_U                                                              | 1     |       |     | 8    |      |     |        |         |         |                                               |                                                                                                                                       |
|     bind_storage rom_np                                                                       |       |       |     |      |      |     |        | auto    | 1       | avg_pooling_local_output_158                  | top_new.cpp:161                                                                                                                       |
|   avg_pooling_local_output_159_U                                                              | 1     |       |     | 8    |      |     |        |         |         |                                               |                                                                                                                                       |
|     bind_storage rom_np                                                                       |       |       |     |      |      |     |        | auto    | 1       | avg_pooling_local_output_159                  | top_new.cpp:161                                                                                                                       |
|   avg_pooling_local_output_15_U                                                               | 1     |       |     | 8    |      |     |        |         |         |                                               |                                                                                                                                       |
|   avg_pooling_local_output_160_U                                                              | 1     |       |     | 8    |      |     |        |         |         |                                               |                                                                                                                                       |
|     bind_storage rom_np                                                                       |       |       |     |      |      |     |        | auto    | 1       | avg_pooling_local_output_160                  | top_new.cpp:161                                                                                                                       |
|   avg_pooling_local_output_161_U                                                              | 2     |       |     | 8    |      |     |        |         |         |                                               |                                                                                                                                       |
|     bind_storage rom_np                                                                       |       |       |     |      |      |     |        | auto    | 1       | avg_pooling_local_output_161                  | top_new.cpp:161                                                                                                                       |
|   avg_pooling_local_output_162_U                                                              | 1     |       |     | 8    |      |     |        |         |         |                                               |                                                                                                                                       |
|     bind_storage rom_np                                                                       |       |       |     |      |      |     |        | auto    | 1       | avg_pooling_local_output_162                  | top_new.cpp:161                                                                                                                       |
|   avg_pooling_local_output_163_U                                                              | 1     |       |     | 8    |      |     |        |         |         |                                               |                                                                                                                                       |
|     bind_storage rom_np                                                                       |       |       |     |      |      |     |        | auto    | 1       | avg_pooling_local_output_163                  | top_new.cpp:161                                                                                                                       |
|   avg_pooling_local_output_164_U                                                              | 1     |       |     | 8    |      |     |        |         |         |                                               |                                                                                                                                       |
|     bind_storage rom_np                                                                       |       |       |     |      |      |     |        | auto    | 1       | avg_pooling_local_output_164                  | top_new.cpp:161                                                                                                                       |
|   avg_pooling_local_output_165_U                                                              | 1     |       |     | 8    |      |     |        |         |         |                                               |                                                                                                                                       |
|     bind_storage rom_np                                                                       |       |       |     |      |      |     |        | auto    | 1       | avg_pooling_local_output_165                  | top_new.cpp:161                                                                                                                       |
|   avg_pooling_local_output_166_U                                                              | 1     |       |     | 8    |      |     |        |         |         |                                               |                                                                                                                                       |
|     bind_storage rom_np                                                                       |       |       |     |      |      |     |        | auto    | 1       | avg_pooling_local_output_166                  | top_new.cpp:161                                                                                                                       |
|   avg_pooling_local_output_167_U                                                              | 1     |       |     | 8    |      |     |        |         |         |                                               |                                                                                                                                       |
|     bind_storage rom_np                                                                       |       |       |     |      |      |     |        | auto    | 1       | avg_pooling_local_output_167                  | top_new.cpp:161                                                                                                                       |
|   avg_pooling_local_output_168_U                                                              | 1     |       |     | 8    |      |     |        |         |         |                                               |                                                                                                                                       |
|     bind_storage rom_np                                                                       |       |       |     |      |      |     |        | auto    | 1       | avg_pooling_local_output_168                  | top_new.cpp:161                                                                                                                       |
|   avg_pooling_local_output_169_U                                                              | 2     |       |     | 8    |      |     |        |         |         |                                               |                                                                                                                                       |
|     bind_storage rom_np                                                                       |       |       |     |      |      |     |        | auto    | 1       | avg_pooling_local_output_169                  | top_new.cpp:161                                                                                                                       |
|   avg_pooling_local_output_16_U                                                               | 1     |       |     | 8    |      |     |        |         |         |                                               |                                                                                                                                       |
|   avg_pooling_local_output_170_U                                                              | 1     |       |     | 8    |      |     |        |         |         |                                               |                                                                                                                                       |
|     bind_storage rom_np                                                                       |       |       |     |      |      |     |        | auto    | 1       | avg_pooling_local_output_170                  | top_new.cpp:161                                                                                                                       |
|   avg_pooling_local_output_171_U                                                              | 1     |       |     | 8    |      |     |        |         |         |                                               |                                                                                                                                       |
|     bind_storage rom_np                                                                       |       |       |     |      |      |     |        | auto    | 1       | avg_pooling_local_output_171                  | top_new.cpp:161                                                                                                                       |
|   avg_pooling_local_output_172_U                                                              | 1     |       |     | 8    |      |     |        |         |         |                                               |                                                                                                                                       |
|     bind_storage rom_np                                                                       |       |       |     |      |      |     |        | auto    | 1       | avg_pooling_local_output_172                  | top_new.cpp:161                                                                                                                       |
|   avg_pooling_local_output_173_U                                                              | 1     |       |     | 8    |      |     |        |         |         |                                               |                                                                                                                                       |
|     bind_storage rom_np                                                                       |       |       |     |      |      |     |        | auto    | 1       | avg_pooling_local_output_173                  | top_new.cpp:161                                                                                                                       |
|   avg_pooling_local_output_174_U                                                              | 1     |       |     | 8    |      |     |        |         |         |                                               |                                                                                                                                       |
|     bind_storage rom_np                                                                       |       |       |     |      |      |     |        | auto    | 1       | avg_pooling_local_output_174                  | top_new.cpp:161                                                                                                                       |
|   avg_pooling_local_output_175_U                                                              | 1     |       |     | 8    |      |     |        |         |         |                                               |                                                                                                                                       |
|     bind_storage rom_np                                                                       |       |       |     |      |      |     |        | auto    | 1       | avg_pooling_local_output_175                  | top_new.cpp:161                                                                                                                       |
|   avg_pooling_local_output_176_U                                                              | 1     |       |     | 8    |      |     |        |         |         |                                               |                                                                                                                                       |
|     bind_storage rom_np                                                                       |       |       |     |      |      |     |        | auto    | 1       | avg_pooling_local_output_176                  | top_new.cpp:161                                                                                                                       |
|   avg_pooling_local_output_177_U                                                              | 2     |       |     | 8    |      |     |        |         |         |                                               |                                                                                                                                       |
|     bind_storage rom_np                                                                       |       |       |     |      |      |     |        | auto    | 1       | avg_pooling_local_output_177                  | top_new.cpp:161                                                                                                                       |
|   avg_pooling_local_output_178_U                                                              | 1     |       |     | 8    |      |     |        |         |         |                                               |                                                                                                                                       |
|     bind_storage rom_np                                                                       |       |       |     |      |      |     |        | auto    | 1       | avg_pooling_local_output_178                  | top_new.cpp:161                                                                                                                       |
|   avg_pooling_local_output_179_U                                                              | 1     |       |     | 8    |      |     |        |         |         |                                               |                                                                                                                                       |
|     bind_storage rom_np                                                                       |       |       |     |      |      |     |        | auto    | 1       | avg_pooling_local_output_179                  | top_new.cpp:161                                                                                                                       |
|   avg_pooling_local_output_17_U                                                               | 2     |       |     | 8    |      |     |        |         |         |                                               |                                                                                                                                       |
|     bind_storage rom_np                                                                       |       |       |     |      |      |     |        | auto    | 1       | avg_pooling_local_output_17                   | top_new.cpp:161                                                                                                                       |
|   avg_pooling_local_output_180_U                                                              | 1     |       |     | 8    |      |     |        |         |         |                                               |                                                                                                                                       |
|     bind_storage rom_np                                                                       |       |       |     |      |      |     |        | auto    | 1       | avg_pooling_local_output_180                  | top_new.cpp:161                                                                                                                       |
|   avg_pooling_local_output_181_U                                                              | 1     |       |     | 8    |      |     |        |         |         |                                               |                                                                                                                                       |
|     bind_storage rom_np                                                                       |       |       |     |      |      |     |        | auto    | 1       | avg_pooling_local_output_181                  | top_new.cpp:161                                                                                                                       |
|   avg_pooling_local_output_182_U                                                              | 1     |       |     | 8    |      |     |        |         |         |                                               |                                                                                                                                       |
|     bind_storage rom_np                                                                       |       |       |     |      |      |     |        | auto    | 1       | avg_pooling_local_output_182                  | top_new.cpp:161                                                                                                                       |
|   avg_pooling_local_output_183_U                                                              | 1     |       |     | 8    |      |     |        |         |         |                                               |                                                                                                                                       |
|     bind_storage rom_np                                                                       |       |       |     |      |      |     |        | auto    | 1       | avg_pooling_local_output_183                  | top_new.cpp:161                                                                                                                       |
|   avg_pooling_local_output_184_U                                                              | 1     |       |     | 8    |      |     |        |         |         |                                               |                                                                                                                                       |
|     bind_storage rom_np                                                                       |       |       |     |      |      |     |        | auto    | 1       | avg_pooling_local_output_184                  | top_new.cpp:161                                                                                                                       |
|   avg_pooling_local_output_185_U                                                              | 2     |       |     | 8    |      |     |        |         |         |                                               |                                                                                                                                       |
|     bind_storage rom_np                                                                       |       |       |     |      |      |     |        | auto    | 1       | avg_pooling_local_output_185                  | top_new.cpp:161                                                                                                                       |
|   avg_pooling_local_output_186_U                                                              | 1     |       |     | 8    |      |     |        |         |         |                                               |                                                                                                                                       |
|     bind_storage rom_np                                                                       |       |       |     |      |      |     |        | auto    | 1       | avg_pooling_local_output_186                  | top_new.cpp:161                                                                                                                       |
|   avg_pooling_local_output_187_U                                                              | 1     |       |     | 8    |      |     |        |         |         |                                               |                                                                                                                                       |
|     bind_storage rom_np                                                                       |       |       |     |      |      |     |        | auto    | 1       | avg_pooling_local_output_187                  | top_new.cpp:161                                                                                                                       |
|   avg_pooling_local_output_188_U                                                              | 1     |       |     | 8    |      |     |        |         |         |                                               |                                                                                                                                       |
|     bind_storage rom_np                                                                       |       |       |     |      |      |     |        | auto    | 1       | avg_pooling_local_output_188                  | top_new.cpp:161                                                                                                                       |
|   avg_pooling_local_output_189_U                                                              | 1     |       |     | 8    |      |     |        |         |         |                                               |                                                                                                                                       |
|     bind_storage rom_np                                                                       |       |       |     |      |      |     |        | auto    | 1       | avg_pooling_local_output_189                  | top_new.cpp:161                                                                                                                       |
|   avg_pooling_local_output_18_U                                                               | 1     |       |     | 8    |      |     |        |         |         |                                               |                                                                                                                                       |
|     bind_storage rom_np                                                                       |       |       |     |      |      |     |        | auto    | 1       | avg_pooling_local_output_18                   | top_new.cpp:161                                                                                                                       |
|   avg_pooling_local_output_190_U                                                              | 1     |       |     | 8    |      |     |        |         |         |                                               |                                                                                                                                       |
|     bind_storage rom_np                                                                       |       |       |     |      |      |     |        | auto    | 1       | avg_pooling_local_output_190                  | top_new.cpp:161                                                                                                                       |
|   avg_pooling_local_output_191_U                                                              | 1     |       |     | 8    |      |     |        |         |         |                                               |                                                                                                                                       |
|   avg_pooling_local_output_192_U                                                              | 1     |       |     | 8    |      |     |        |         |         |                                               |                                                                                                                                       |
|   avg_pooling_local_output_193_U                                                              | 2     |       |     | 8    |      |     |        |         |         |                                               |                                                                                                                                       |
|   avg_pooling_local_output_194_U                                                              | 1     |       |     | 8    |      |     |        |         |         |                                               |                                                                                                                                       |
|   avg_pooling_local_output_195_U                                                              | 1     |       |     | 8    |      |     |        |         |         |                                               |                                                                                                                                       |
|   avg_pooling_local_output_196_U                                                              | 1     |       |     | 8    |      |     |        |         |         |                                               |                                                                                                                                       |
|   avg_pooling_local_output_197_U                                                              | 1     |       |     | 8    |      |     |        |         |         |                                               |                                                                                                                                       |
|   avg_pooling_local_output_198_U                                                              | 1     |       |     | 8    |      |     |        |         |         |                                               |                                                                                                                                       |
|     bind_storage rom_np                                                                       |       |       |     |      |      |     |        | auto    | 1       | avg_pooling_local_output_198                  | top_new.cpp:161                                                                                                                       |
|   avg_pooling_local_output_199_U                                                              | 1     |       |     | 8    |      |     |        |         |         |                                               |                                                                                                                                       |
|     bind_storage rom_np                                                                       |       |       |     |      |      |     |        | auto    | 1       | avg_pooling_local_output_199                  | top_new.cpp:161                                                                                                                       |
|   avg_pooling_local_output_19_U                                                               | 1     |       |     | 8    |      |     |        |         |         |                                               |                                                                                                                                       |
|     bind_storage rom_np                                                                       |       |       |     |      |      |     |        | auto    | 1       | avg_pooling_local_output_19                   | top_new.cpp:161                                                                                                                       |
|   avg_pooling_local_output_1_U                                                                | 2     |       |     | 8    |      |     |        |         |         |                                               |                                                                                                                                       |
|     bind_storage rom_np                                                                       |       |       |     |      |      |     |        | auto    | 1       | avg_pooling_local_output_1                    | top_new.cpp:161                                                                                                                       |
|   avg_pooling_local_output_200_U                                                              | 1     |       |     | 8    |      |     |        |         |         |                                               |                                                                                                                                       |
|     bind_storage rom_np                                                                       |       |       |     |      |      |     |        | auto    | 1       | avg_pooling_local_output_200                  | top_new.cpp:161                                                                                                                       |
|   avg_pooling_local_output_201_U                                                              | 2     |       |     | 8    |      |     |        |         |         |                                               |                                                                                                                                       |
|     bind_storage rom_np                                                                       |       |       |     |      |      |     |        | auto    | 1       | avg_pooling_local_output_201                  | top_new.cpp:161                                                                                                                       |
|   avg_pooling_local_output_202_U                                                              | 1     |       |     | 8    |      |     |        |         |         |                                               |                                                                                                                                       |
|   avg_pooling_local_output_203_U                                                              | 1     |       |     | 8    |      |     |        |         |         |                                               |                                                                                                                                       |
|   avg_pooling_local_output_204_U                                                              | 1     |       |     | 8    |      |     |        |         |         |                                               |                                                                                                                                       |
|   avg_pooling_local_output_205_U                                                              | 1     |       |     | 8    |      |     |        |         |         |                                               |                                                                                                                                       |
|   avg_pooling_local_output_206_U                                                              | 1     |       |     | 8    |      |     |        |         |         |                                               |                                                                                                                                       |
|     bind_storage rom_np                                                                       |       |       |     |      |      |     |        | auto    | 1       | avg_pooling_local_output_206                  | top_new.cpp:161                                                                                                                       |
|   avg_pooling_local_output_207_U                                                              | 1     |       |     | 8    |      |     |        |         |         |                                               |                                                                                                                                       |
|     bind_storage rom_np                                                                       |       |       |     |      |      |     |        | auto    | 1       | avg_pooling_local_output_207                  | top_new.cpp:161                                                                                                                       |
|   avg_pooling_local_output_208_U                                                              | 1     |       |     | 8    |      |     |        |         |         |                                               |                                                                                                                                       |
|     bind_storage rom_np                                                                       |       |       |     |      |      |     |        | auto    | 1       | avg_pooling_local_output_208                  | top_new.cpp:161                                                                                                                       |
|   avg_pooling_local_output_209_U                                                              | 2     |       |     | 8    |      |     |        |         |         |                                               |                                                                                                                                       |
|     bind_storage rom_np                                                                       |       |       |     |      |      |     |        | auto    | 1       | avg_pooling_local_output_209                  | top_new.cpp:161                                                                                                                       |
|   avg_pooling_local_output_20_U                                                               | 1     |       |     | 8    |      |     |        |         |         |                                               |                                                                                                                                       |
|     bind_storage rom_np                                                                       |       |       |     |      |      |     |        | auto    | 1       | avg_pooling_local_output_20                   | top_new.cpp:161                                                                                                                       |
|   avg_pooling_local_output_210_U                                                              | 1     |       |     | 8    |      |     |        |         |         |                                               |                                                                                                                                       |
|     bind_storage rom_np                                                                       |       |       |     |      |      |     |        | auto    | 1       | avg_pooling_local_output_210                  | top_new.cpp:161                                                                                                                       |
|   avg_pooling_local_output_211_U                                                              | 1     |       |     | 8    |      |     |        |         |         |                                               |                                                                                                                                       |
|     bind_storage rom_np                                                                       |       |       |     |      |      |     |        | auto    | 1       | avg_pooling_local_output_211                  | top_new.cpp:161                                                                                                                       |
|   avg_pooling_local_output_212_U                                                              | 1     |       |     | 8    |      |     |        |         |         |                                               |                                                                                                                                       |
|     bind_storage rom_np                                                                       |       |       |     |      |      |     |        | auto    | 1       | avg_pooling_local_output_212                  | top_new.cpp:161                                                                                                                       |
|   avg_pooling_local_output_213_U                                                              | 1     |       |     | 8    |      |     |        |         |         |                                               |                                                                                                                                       |
|     bind_storage rom_np                                                                       |       |       |     |      |      |     |        | auto    | 1       | avg_pooling_local_output_213                  | top_new.cpp:161                                                                                                                       |
|   avg_pooling_local_output_214_U                                                              | 1     |       |     | 8    |      |     |        |         |         |                                               |                                                                                                                                       |
|     bind_storage rom_np                                                                       |       |       |     |      |      |     |        | auto    | 1       | avg_pooling_local_output_214                  | top_new.cpp:161                                                                                                                       |
|   avg_pooling_local_output_215_U                                                              | 1     |       |     | 8    |      |     |        |         |         |                                               |                                                                                                                                       |
|     bind_storage rom_np                                                                       |       |       |     |      |      |     |        | auto    | 1       | avg_pooling_local_output_215                  | top_new.cpp:161                                                                                                                       |
|   avg_pooling_local_output_216_U                                                              | 1     |       |     | 8    |      |     |        |         |         |                                               |                                                                                                                                       |
|     bind_storage rom_np                                                                       |       |       |     |      |      |     |        | auto    | 1       | avg_pooling_local_output_216                  | top_new.cpp:161                                                                                                                       |
|   avg_pooling_local_output_217_U                                                              | 2     |       |     | 8    |      |     |        |         |         |                                               |                                                                                                                                       |
|     bind_storage rom_np                                                                       |       |       |     |      |      |     |        | auto    | 1       | avg_pooling_local_output_217                  | top_new.cpp:161                                                                                                                       |
|   avg_pooling_local_output_218_U                                                              | 1     |       |     | 8    |      |     |        |         |         |                                               |                                                                                                                                       |
|     bind_storage rom_np                                                                       |       |       |     |      |      |     |        | auto    | 1       | avg_pooling_local_output_218                  | top_new.cpp:161                                                                                                                       |
|   avg_pooling_local_output_219_U                                                              | 1     |       |     | 8    |      |     |        |         |         |                                               |                                                                                                                                       |
|     bind_storage rom_np                                                                       |       |       |     |      |      |     |        | auto    | 1       | avg_pooling_local_output_219                  | top_new.cpp:161                                                                                                                       |
|   avg_pooling_local_output_21_U                                                               | 1     |       |     | 8    |      |     |        |         |         |                                               |                                                                                                                                       |
|     bind_storage rom_np                                                                       |       |       |     |      |      |     |        | auto    | 1       | avg_pooling_local_output_21                   | top_new.cpp:161                                                                                                                       |
|   avg_pooling_local_output_220_U                                                              | 1     |       |     | 8    |      |     |        |         |         |                                               |                                                                                                                                       |
|     bind_storage rom_np                                                                       |       |       |     |      |      |     |        | auto    | 1       | avg_pooling_local_output_220                  | top_new.cpp:161                                                                                                                       |
|   avg_pooling_local_output_221_U                                                              | 1     |       |     | 8    |      |     |        |         |         |                                               |                                                                                                                                       |
|     bind_storage rom_np                                                                       |       |       |     |      |      |     |        | auto    | 1       | avg_pooling_local_output_221                  | top_new.cpp:161                                                                                                                       |
|   avg_pooling_local_output_222_U                                                              | 1     |       |     | 8    |      |     |        |         |         |                                               |                                                                                                                                       |
|     bind_storage rom_np                                                                       |       |       |     |      |      |     |        | auto    | 1       | avg_pooling_local_output_222                  | top_new.cpp:161                                                                                                                       |
|   avg_pooling_local_output_223_U                                                              | 1     |       |     | 8    |      |     |        |         |         |                                               |                                                                                                                                       |
|     bind_storage rom_np                                                                       |       |       |     |      |      |     |        | auto    | 1       | avg_pooling_local_output_223                  | top_new.cpp:161                                                                                                                       |
|   avg_pooling_local_output_224_U                                                              | 1     |       |     | 8    |      |     |        |         |         |                                               |                                                                                                                                       |
|     bind_storage rom_np                                                                       |       |       |     |      |      |     |        | auto    | 1       | avg_pooling_local_output_224                  | top_new.cpp:161                                                                                                                       |
|   avg_pooling_local_output_225_U                                                              | 2     |       |     | 8    |      |     |        |         |         |                                               |                                                                                                                                       |
|     bind_storage rom_np                                                                       |       |       |     |      |      |     |        | auto    | 1       | avg_pooling_local_output_225                  | top_new.cpp:161                                                                                                                       |
|   avg_pooling_local_output_226_U                                                              | 1     |       |     | 8    |      |     |        |         |         |                                               |                                                                                                                                       |
|     bind_storage rom_np                                                                       |       |       |     |      |      |     |        | auto    | 1       | avg_pooling_local_output_226                  | top_new.cpp:161                                                                                                                       |
|   avg_pooling_local_output_227_U                                                              | 1     |       |     | 8    |      |     |        |         |         |                                               |                                                                                                                                       |
|     bind_storage rom_np                                                                       |       |       |     |      |      |     |        | auto    | 1       | avg_pooling_local_output_227                  | top_new.cpp:161                                                                                                                       |
|   avg_pooling_local_output_228_U                                                              | 1     |       |     | 8    |      |     |        |         |         |                                               |                                                                                                                                       |
|     bind_storage rom_np                                                                       |       |       |     |      |      |     |        | auto    | 1       | avg_pooling_local_output_228                  | top_new.cpp:161                                                                                                                       |
|   avg_pooling_local_output_229_U                                                              | 1     |       |     | 8    |      |     |        |         |         |                                               |                                                                                                                                       |
|     bind_storage rom_np                                                                       |       |       |     |      |      |     |        | auto    | 1       | avg_pooling_local_output_229                  | top_new.cpp:161                                                                                                                       |
|   avg_pooling_local_output_22_U                                                               | 1     |       |     | 8    |      |     |        |         |         |                                               |                                                                                                                                       |
|     bind_storage rom_np                                                                       |       |       |     |      |      |     |        | auto    | 1       | avg_pooling_local_output_22                   | top_new.cpp:161                                                                                                                       |
|   avg_pooling_local_output_230_U                                                              | 1     |       |     | 8    |      |     |        |         |         |                                               |                                                                                                                                       |
|     bind_storage rom_np                                                                       |       |       |     |      |      |     |        | auto    | 1       | avg_pooling_local_output_230                  | top_new.cpp:161                                                                                                                       |
|   avg_pooling_local_output_231_U                                                              | 1     |       |     | 8    |      |     |        |         |         |                                               |                                                                                                                                       |
|     bind_storage rom_np                                                                       |       |       |     |      |      |     |        | auto    | 1       | avg_pooling_local_output_231                  | top_new.cpp:161                                                                                                                       |
|   avg_pooling_local_output_232_U                                                              | 1     |       |     | 8    |      |     |        |         |         |                                               |                                                                                                                                       |
|   avg_pooling_local_output_233_U                                                              | 2     |       |     | 8    |      |     |        |         |         |                                               |                                                                                                                                       |
|   avg_pooling_local_output_234_U                                                              | 1     |       |     | 8    |      |     |        |         |         |                                               |                                                                                                                                       |
|   avg_pooling_local_output_235_U                                                              | 1     |       |     | 8    |      |     |        |         |         |                                               |                                                                                                                                       |
|     bind_storage rom_np                                                                       |       |       |     |      |      |     |        | auto    | 1       | avg_pooling_local_output_235                  | top_new.cpp:161                                                                                                                       |
|   avg_pooling_local_output_236_U                                                              | 1     |       |     | 8    |      |     |        |         |         |                                               |                                                                                                                                       |
|     bind_storage rom_np                                                                       |       |       |     |      |      |     |        | auto    | 1       | avg_pooling_local_output_236                  | top_new.cpp:161                                                                                                                       |
|   avg_pooling_local_output_237_U                                                              | 1     |       |     | 8    |      |     |        |         |         |                                               |                                                                                                                                       |
|     bind_storage rom_np                                                                       |       |       |     |      |      |     |        | auto    | 1       | avg_pooling_local_output_237                  | top_new.cpp:161                                                                                                                       |
|   avg_pooling_local_output_238_U                                                              | 1     |       |     | 8    |      |     |        |         |         |                                               |                                                                                                                                       |
|     bind_storage rom_np                                                                       |       |       |     |      |      |     |        | auto    | 1       | avg_pooling_local_output_238                  | top_new.cpp:161                                                                                                                       |
|   avg_pooling_local_output_239_U                                                              | 1     |       |     | 8    |      |     |        |         |         |                                               |                                                                                                                                       |
|     bind_storage rom_np                                                                       |       |       |     |      |      |     |        | auto    | 1       | avg_pooling_local_output_239                  | top_new.cpp:161                                                                                                                       |
|   avg_pooling_local_output_23_U                                                               | 1     |       |     | 8    |      |     |        |         |         |                                               |                                                                                                                                       |
|     bind_storage rom_np                                                                       |       |       |     |      |      |     |        | auto    | 1       | avg_pooling_local_output_23                   | top_new.cpp:161                                                                                                                       |
|   avg_pooling_local_output_240_U                                                              | 1     |       |     | 8    |      |     |        |         |         |                                               |                                                                                                                                       |
|     bind_storage rom_np                                                                       |       |       |     |      |      |     |        | auto    | 1       | avg_pooling_local_output_240                  | top_new.cpp:161                                                                                                                       |
|   avg_pooling_local_output_241_U                                                              | 2     |       |     | 8    |      |     |        |         |         |                                               |                                                                                                                                       |
|     bind_storage rom_np                                                                       |       |       |     |      |      |     |        | auto    | 1       | avg_pooling_local_output_241                  | top_new.cpp:161                                                                                                                       |
|   avg_pooling_local_output_242_U                                                              | 1     |       |     | 8    |      |     |        |         |         |                                               |                                                                                                                                       |
|     bind_storage rom_np                                                                       |       |       |     |      |      |     |        | auto    | 1       | avg_pooling_local_output_242                  | top_new.cpp:161                                                                                                                       |
|   avg_pooling_local_output_243_U                                                              | 1     |       |     | 8    |      |     |        |         |         |                                               |                                                                                                                                       |
|     bind_storage rom_np                                                                       |       |       |     |      |      |     |        | auto    | 1       | avg_pooling_local_output_243                  | top_new.cpp:161                                                                                                                       |
|   avg_pooling_local_output_244_U                                                              | 1     |       |     | 8    |      |     |        |         |         |                                               |                                                                                                                                       |
|     bind_storage rom_np                                                                       |       |       |     |      |      |     |        | auto    | 1       | avg_pooling_local_output_244                  | top_new.cpp:161                                                                                                                       |
|   avg_pooling_local_output_245_U                                                              | 1     |       |     | 8    |      |     |        |         |         |                                               |                                                                                                                                       |
|     bind_storage rom_np                                                                       |       |       |     |      |      |     |        | auto    | 1       | avg_pooling_local_output_245                  | top_new.cpp:161                                                                                                                       |
|   avg_pooling_local_output_246_U                                                              | 1     |       |     | 8    |      |     |        |         |         |                                               |                                                                                                                                       |
|     bind_storage rom_np                                                                       |       |       |     |      |      |     |        | auto    | 1       | avg_pooling_local_output_246                  | top_new.cpp:161                                                                                                                       |
|   avg_pooling_local_output_247_U                                                              | 1     |       |     | 8    |      |     |        |         |         |                                               |                                                                                                                                       |
|     bind_storage rom_np                                                                       |       |       |     |      |      |     |        | auto    | 1       | avg_pooling_local_output_247                  | top_new.cpp:161                                                                                                                       |
|   avg_pooling_local_output_248_U                                                              | 1     |       |     | 8    |      |     |        |         |         |                                               |                                                                                                                                       |
|     bind_storage rom_np                                                                       |       |       |     |      |      |     |        | auto    | 1       | avg_pooling_local_output_248                  | top_new.cpp:161                                                                                                                       |
|   avg_pooling_local_output_249_U                                                              | 2     |       |     | 8    |      |     |        |         |         |                                               |                                                                                                                                       |
|     bind_storage rom_np                                                                       |       |       |     |      |      |     |        | auto    | 1       | avg_pooling_local_output_249                  | top_new.cpp:161                                                                                                                       |
|   avg_pooling_local_output_24_U                                                               | 1     |       |     | 8    |      |     |        |         |         |                                               |                                                                                                                                       |
|     bind_storage rom_np                                                                       |       |       |     |      |      |     |        | auto    | 1       | avg_pooling_local_output_24                   | top_new.cpp:161                                                                                                                       |
|   avg_pooling_local_output_250_U                                                              | 1     |       |     | 8    |      |     |        |         |         |                                               |                                                                                                                                       |
|     bind_storage rom_np                                                                       |       |       |     |      |      |     |        | auto    | 1       | avg_pooling_local_output_250                  | top_new.cpp:161                                                                                                                       |
|   avg_pooling_local_output_251_U                                                              | 1     |       |     | 8    |      |     |        |         |         |                                               |                                                                                                                                       |
|     bind_storage rom_np                                                                       |       |       |     |      |      |     |        | auto    | 1       | avg_pooling_local_output_251                  | top_new.cpp:161                                                                                                                       |
|   avg_pooling_local_output_252_U                                                              | 1     |       |     | 8    |      |     |        |         |         |                                               |                                                                                                                                       |
|     bind_storage rom_np                                                                       |       |       |     |      |      |     |        | auto    | 1       | avg_pooling_local_output_252                  | top_new.cpp:161                                                                                                                       |
|   avg_pooling_local_output_253_U                                                              | 1     |       |     | 8    |      |     |        |         |         |                                               |                                                                                                                                       |
|     bind_storage rom_np                                                                       |       |       |     |      |      |     |        | auto    | 1       | avg_pooling_local_output_253                  | top_new.cpp:161                                                                                                                       |
|   avg_pooling_local_output_254_U                                                              | 1     |       |     | 8    |      |     |        |         |         |                                               |                                                                                                                                       |
|     bind_storage rom_np                                                                       |       |       |     |      |      |     |        | auto    | 1       | avg_pooling_local_output_254                  | top_new.cpp:161                                                                                                                       |
|   avg_pooling_local_output_255_U                                                              | 1     |       |     | 8    |      |     |        |         |         |                                               |                                                                                                                                       |
|     bind_storage rom_np                                                                       |       |       |     |      |      |     |        | auto    | 1       | avg_pooling_local_output_255                  | top_new.cpp:161                                                                                                                       |
|   avg_pooling_local_output_25_U                                                               | 2     |       |     | 8    |      |     |        |         |         |                                               |                                                                                                                                       |
|     bind_storage rom_np                                                                       |       |       |     |      |      |     |        | auto    | 1       | avg_pooling_local_output_25                   | top_new.cpp:161                                                                                                                       |
|   avg_pooling_local_output_26_U                                                               | 1     |       |     | 8    |      |     |        |         |         |                                               |                                                                                                                                       |
|     bind_storage rom_np                                                                       |       |       |     |      |      |     |        | auto    | 1       | avg_pooling_local_output_26                   | top_new.cpp:161                                                                                                                       |
|   avg_pooling_local_output_27_U                                                               | 1     |       |     | 8    |      |     |        |         |         |                                               |                                                                                                                                       |
|     bind_storage rom_np                                                                       |       |       |     |      |      |     |        | auto    | 1       | avg_pooling_local_output_27                   | top_new.cpp:161                                                                                                                       |
|   avg_pooling_local_output_28_U                                                               | 1     |       |     | 8    |      |     |        |         |         |                                               |                                                                                                                                       |
|     bind_storage rom_np                                                                       |       |       |     |      |      |     |        | auto    | 1       | avg_pooling_local_output_28                   | top_new.cpp:161                                                                                                                       |
|   avg_pooling_local_output_29_U                                                               | 1     |       |     | 8    |      |     |        |         |         |                                               |                                                                                                                                       |
|     bind_storage rom_np                                                                       |       |       |     |      |      |     |        | auto    | 1       | avg_pooling_local_output_29                   | top_new.cpp:161                                                                                                                       |
|   avg_pooling_local_output_2_U                                                                | 1     |       |     | 8    |      |     |        |         |         |                                               |                                                                                                                                       |
|     bind_storage rom_np                                                                       |       |       |     |      |      |     |        | auto    | 1       | avg_pooling_local_output_2                    | top_new.cpp:161                                                                                                                       |
|   avg_pooling_local_output_30_U                                                               | 1     |       |     | 8    |      |     |        |         |         |                                               |                                                                                                                                       |
|     bind_storage rom_np                                                                       |       |       |     |      |      |     |        | auto    | 1       | avg_pooling_local_output_30                   | top_new.cpp:161                                                                                                                       |
|   avg_pooling_local_output_31_U                                                               | 1     |       |     | 8    |      |     |        |         |         |                                               |                                                                                                                                       |
|     bind_storage rom_np                                                                       |       |       |     |      |      |     |        | auto    | 1       | avg_pooling_local_output_31                   | top_new.cpp:161                                                                                                                       |
|   avg_pooling_local_output_32_U                                                               | 1     |       |     | 8    |      |     |        |         |         |                                               |                                                                                                                                       |
|     bind_storage rom_np                                                                       |       |       |     |      |      |     |        | auto    | 1       | avg_pooling_local_output_32                   | top_new.cpp:161                                                                                                                       |
|   avg_pooling_local_output_33_U                                                               | 2     |       |     | 8    |      |     |        |         |         |                                               |                                                                                                                                       |
|     bind_storage rom_np                                                                       |       |       |     |      |      |     |        | auto    | 1       | avg_pooling_local_output_33                   | top_new.cpp:161                                                                                                                       |
|   avg_pooling_local_output_34_U                                                               | 1     |       |     | 8    |      |     |        |         |         |                                               |                                                                                                                                       |
|     bind_storage rom_np                                                                       |       |       |     |      |      |     |        | auto    | 1       | avg_pooling_local_output_34                   | top_new.cpp:161                                                                                                                       |
|   avg_pooling_local_output_35_U                                                               | 1     |       |     | 8    |      |     |        |         |         |                                               |                                                                                                                                       |
|     bind_storage rom_np                                                                       |       |       |     |      |      |     |        | auto    | 1       | avg_pooling_local_output_35                   | top_new.cpp:161                                                                                                                       |
|   avg_pooling_local_output_36_U                                                               | 1     |       |     | 8    |      |     |        |         |         |                                               |                                                                                                                                       |
|   avg_pooling_local_output_37_U                                                               | 1     |       |     | 8    |      |     |        |         |         |                                               |                                                                                                                                       |
|     bind_storage rom_np                                                                       |       |       |     |      |      |     |        | auto    | 1       | avg_pooling_local_output_37                   | top_new.cpp:161                                                                                                                       |
|   avg_pooling_local_output_38_U                                                               | 1     |       |     | 8    |      |     |        |         |         |                                               |                                                                                                                                       |
|     bind_storage rom_np                                                                       |       |       |     |      |      |     |        | auto    | 1       | avg_pooling_local_output_38                   | top_new.cpp:161                                                                                                                       |
|   avg_pooling_local_output_39_U                                                               | 1     |       |     | 8    |      |     |        |         |         |                                               |                                                                                                                                       |
|     bind_storage rom_np                                                                       |       |       |     |      |      |     |        | auto    | 1       | avg_pooling_local_output_39                   | top_new.cpp:161                                                                                                                       |
|   avg_pooling_local_output_3_U                                                                | 1     |       |     | 8    |      |     |        |         |         |                                               |                                                                                                                                       |
|     bind_storage rom_np                                                                       |       |       |     |      |      |     |        | auto    | 1       | avg_pooling_local_output_3                    | top_new.cpp:161                                                                                                                       |
|   avg_pooling_local_output_40_U                                                               | 1     |       |     | 8    |      |     |        |         |         |                                               |                                                                                                                                       |
|     bind_storage rom_np                                                                       |       |       |     |      |      |     |        | auto    | 1       | avg_pooling_local_output_40                   | top_new.cpp:161                                                                                                                       |
|   avg_pooling_local_output_41_U                                                               | 2     |       |     | 8    |      |     |        |         |         |                                               |                                                                                                                                       |
|   avg_pooling_local_output_42_U                                                               | 1     |       |     | 8    |      |     |        |         |         |                                               |                                                                                                                                       |
|   avg_pooling_local_output_43_U                                                               | 1     |       |     | 8    |      |     |        |         |         |                                               |                                                                                                                                       |
|     bind_storage rom_np                                                                       |       |       |     |      |      |     |        | auto    | 1       | avg_pooling_local_output_43                   | top_new.cpp:161                                                                                                                       |
|   avg_pooling_local_output_44_U                                                               | 1     |       |     | 8    |      |     |        |         |         |                                               |                                                                                                                                       |
|     bind_storage rom_np                                                                       |       |       |     |      |      |     |        | auto    | 1       | avg_pooling_local_output_44                   | top_new.cpp:161                                                                                                                       |
|   avg_pooling_local_output_45_U                                                               | 1     |       |     | 8    |      |     |        |         |         |                                               |                                                                                                                                       |
|     bind_storage rom_np                                                                       |       |       |     |      |      |     |        | auto    | 1       | avg_pooling_local_output_45                   | top_new.cpp:161                                                                                                                       |
|   avg_pooling_local_output_46_U                                                               | 1     |       |     | 8    |      |     |        |         |         |                                               |                                                                                                                                       |
|     bind_storage rom_np                                                                       |       |       |     |      |      |     |        | auto    | 1       | avg_pooling_local_output_46                   | top_new.cpp:161                                                                                                                       |
|   avg_pooling_local_output_47_U                                                               | 1     |       |     | 8    |      |     |        |         |         |                                               |                                                                                                                                       |
|     bind_storage rom_np                                                                       |       |       |     |      |      |     |        | auto    | 1       | avg_pooling_local_output_47                   | top_new.cpp:161                                                                                                                       |
|   avg_pooling_local_output_48_U                                                               | 1     |       |     | 8    |      |     |        |         |         |                                               |                                                                                                                                       |
|   avg_pooling_local_output_49_U                                                               | 2     |       |     | 8    |      |     |        |         |         |                                               |                                                                                                                                       |
|     bind_storage rom_np                                                                       |       |       |     |      |      |     |        | auto    | 1       | avg_pooling_local_output_49                   | top_new.cpp:161                                                                                                                       |
|   avg_pooling_local_output_4_U                                                                | 1     |       |     | 8    |      |     |        |         |         |                                               |                                                                                                                                       |
|     bind_storage rom_np                                                                       |       |       |     |      |      |     |        | auto    | 1       | avg_pooling_local_output_4                    | top_new.cpp:161                                                                                                                       |
|   avg_pooling_local_output_50_U                                                               | 1     |       |     | 8    |      |     |        |         |         |                                               |                                                                                                                                       |
|     bind_storage rom_np                                                                       |       |       |     |      |      |     |        | auto    | 1       | avg_pooling_local_output_50                   | top_new.cpp:161                                                                                                                       |
|   avg_pooling_local_output_51_U                                                               | 1     |       |     | 8    |      |     |        |         |         |                                               |                                                                                                                                       |
|     bind_storage rom_np                                                                       |       |       |     |      |      |     |        | auto    | 1       | avg_pooling_local_output_51                   | top_new.cpp:161                                                                                                                       |
|   avg_pooling_local_output_52_U                                                               | 1     |       |     | 8    |      |     |        |         |         |                                               |                                                                                                                                       |
|     bind_storage rom_np                                                                       |       |       |     |      |      |     |        | auto    | 1       | avg_pooling_local_output_52                   | top_new.cpp:161                                                                                                                       |
|   avg_pooling_local_output_53_U                                                               | 1     |       |     | 8    |      |     |        |         |         |                                               |                                                                                                                                       |
|     bind_storage rom_np                                                                       |       |       |     |      |      |     |        | auto    | 1       | avg_pooling_local_output_53                   | top_new.cpp:161                                                                                                                       |
|   avg_pooling_local_output_54_U                                                               | 1     |       |     | 8    |      |     |        |         |         |                                               |                                                                                                                                       |
|   avg_pooling_local_output_55_U                                                               | 1     |       |     | 8    |      |     |        |         |         |                                               |                                                                                                                                       |
|     bind_storage rom_np                                                                       |       |       |     |      |      |     |        | auto    | 1       | avg_pooling_local_output_55                   | top_new.cpp:161                                                                                                                       |
|   avg_pooling_local_output_56_U                                                               | 1     |       |     | 8    |      |     |        |         |         |                                               |                                                                                                                                       |
|     bind_storage rom_np                                                                       |       |       |     |      |      |     |        | auto    | 1       | avg_pooling_local_output_56                   | top_new.cpp:161                                                                                                                       |
|   avg_pooling_local_output_57_U                                                               | 2     |       |     | 8    |      |     |        |         |         |                                               |                                                                                                                                       |
|     bind_storage rom_np                                                                       |       |       |     |      |      |     |        | auto    | 1       | avg_pooling_local_output_57                   | top_new.cpp:161                                                                                                                       |
|   avg_pooling_local_output_58_U                                                               | 1     |       |     | 8    |      |     |        |         |         |                                               |                                                                                                                                       |
|     bind_storage rom_np                                                                       |       |       |     |      |      |     |        | auto    | 1       | avg_pooling_local_output_58                   | top_new.cpp:161                                                                                                                       |
|   avg_pooling_local_output_59_U                                                               | 1     |       |     | 8    |      |     |        |         |         |                                               |                                                                                                                                       |
|     bind_storage rom_np                                                                       |       |       |     |      |      |     |        | auto    | 1       | avg_pooling_local_output_59                   | top_new.cpp:161                                                                                                                       |
|   avg_pooling_local_output_5_U                                                                | 1     |       |     | 8    |      |     |        |         |         |                                               |                                                                                                                                       |
|     bind_storage rom_np                                                                       |       |       |     |      |      |     |        | auto    | 1       | avg_pooling_local_output_5                    | top_new.cpp:161                                                                                                                       |
|   avg_pooling_local_output_60_U                                                               | 1     |       |     | 8    |      |     |        |         |         |                                               |                                                                                                                                       |
|   avg_pooling_local_output_61_U                                                               | 1     |       |     | 8    |      |     |        |         |         |                                               |                                                                                                                                       |
|     bind_storage rom_np                                                                       |       |       |     |      |      |     |        | auto    | 1       | avg_pooling_local_output_61                   | top_new.cpp:161                                                                                                                       |
|   avg_pooling_local_output_62_U                                                               | 1     |       |     | 8    |      |     |        |         |         |                                               |                                                                                                                                       |
|     bind_storage rom_np                                                                       |       |       |     |      |      |     |        | auto    | 1       | avg_pooling_local_output_62                   | top_new.cpp:161                                                                                                                       |
|   avg_pooling_local_output_63_U                                                               | 1     |       |     | 8    |      |     |        |         |         |                                               |                                                                                                                                       |
|     bind_storage rom_np                                                                       |       |       |     |      |      |     |        | auto    | 1       | avg_pooling_local_output_63                   | top_new.cpp:161                                                                                                                       |
|   avg_pooling_local_output_64_U                                                               | 1     |       |     | 8    |      |     |        |         |         |                                               |                                                                                                                                       |
|     bind_storage rom_np                                                                       |       |       |     |      |      |     |        | auto    | 1       | avg_pooling_local_output_64                   | top_new.cpp:161                                                                                                                       |
|   avg_pooling_local_output_65_U                                                               | 2     |       |     | 8    |      |     |        |         |         |                                               |                                                                                                                                       |
|     bind_storage rom_np                                                                       |       |       |     |      |      |     |        | auto    | 1       | avg_pooling_local_output_65                   | top_new.cpp:161                                                                                                                       |
|   avg_pooling_local_output_66_U                                                               | 1     |       |     | 8    |      |     |        |         |         |                                               |                                                                                                                                       |
|   avg_pooling_local_output_67_U                                                               | 1     |       |     | 8    |      |     |        |         |         |                                               |                                                                                                                                       |
|     bind_storage rom_np                                                                       |       |       |     |      |      |     |        | auto    | 1       | avg_pooling_local_output_67                   | top_new.cpp:161                                                                                                                       |
|   avg_pooling_local_output_68_U                                                               | 1     |       |     | 8    |      |     |        |         |         |                                               |                                                                                                                                       |
|     bind_storage rom_np                                                                       |       |       |     |      |      |     |        | auto    | 1       | avg_pooling_local_output_68                   | top_new.cpp:161                                                                                                                       |
|   avg_pooling_local_output_69_U                                                               | 1     |       |     | 8    |      |     |        |         |         |                                               |                                                                                                                                       |
|     bind_storage rom_np                                                                       |       |       |     |      |      |     |        | auto    | 1       | avg_pooling_local_output_69                   | top_new.cpp:161                                                                                                                       |
|   avg_pooling_local_output_6_U                                                                | 1     |       |     | 8    |      |     |        |         |         |                                               |                                                                                                                                       |
|     bind_storage rom_np                                                                       |       |       |     |      |      |     |        | auto    | 1       | avg_pooling_local_output_6                    | top_new.cpp:161                                                                                                                       |
|   avg_pooling_local_output_70_U                                                               | 1     |       |     | 8    |      |     |        |         |         |                                               |                                                                                                                                       |
|     bind_storage rom_np                                                                       |       |       |     |      |      |     |        | auto    | 1       | avg_pooling_local_output_70                   | top_new.cpp:161                                                                                                                       |
|   avg_pooling_local_output_71_U                                                               | 1     |       |     | 8    |      |     |        |         |         |                                               |                                                                                                                                       |
|     bind_storage rom_np                                                                       |       |       |     |      |      |     |        | auto    | 1       | avg_pooling_local_output_71                   | top_new.cpp:161                                                                                                                       |
|   avg_pooling_local_output_72_U                                                               | 1     |       |     | 8    |      |     |        |         |         |                                               |                                                                                                                                       |
|   avg_pooling_local_output_73_U                                                               | 2     |       |     | 8    |      |     |        |         |         |                                               |                                                                                                                                       |
|     bind_storage rom_np                                                                       |       |       |     |      |      |     |        | auto    | 1       | avg_pooling_local_output_73                   | top_new.cpp:161                                                                                                                       |
|   avg_pooling_local_output_74_U                                                               | 1     |       |     | 8    |      |     |        |         |         |                                               |                                                                                                                                       |
|     bind_storage rom_np                                                                       |       |       |     |      |      |     |        | auto    | 1       | avg_pooling_local_output_74                   | top_new.cpp:161                                                                                                                       |
|   avg_pooling_local_output_75_U                                                               | 1     |       |     | 8    |      |     |        |         |         |                                               |                                                                                                                                       |
|     bind_storage rom_np                                                                       |       |       |     |      |      |     |        | auto    | 1       | avg_pooling_local_output_75                   | top_new.cpp:161                                                                                                                       |
|   avg_pooling_local_output_76_U                                                               | 1     |       |     | 8    |      |     |        |         |         |                                               |                                                                                                                                       |
|     bind_storage rom_np                                                                       |       |       |     |      |      |     |        | auto    | 1       | avg_pooling_local_output_76                   | top_new.cpp:161                                                                                                                       |
|   avg_pooling_local_output_77_U                                                               | 1     |       |     | 8    |      |     |        |         |         |                                               |                                                                                                                                       |
|     bind_storage rom_np                                                                       |       |       |     |      |      |     |        | auto    | 1       | avg_pooling_local_output_77                   | top_new.cpp:161                                                                                                                       |
|   avg_pooling_local_output_78_U                                                               | 1     |       |     | 8    |      |     |        |         |         |                                               |                                                                                                                                       |
|   avg_pooling_local_output_79_U                                                               | 1     |       |     | 8    |      |     |        |         |         |                                               |                                                                                                                                       |
|     bind_storage rom_np                                                                       |       |       |     |      |      |     |        | auto    | 1       | avg_pooling_local_output_79                   | top_new.cpp:161                                                                                                                       |
|   avg_pooling_local_output_7_U                                                                | 1     |       |     | 8    |      |     |        |         |         |                                               |                                                                                                                                       |
|     bind_storage rom_np                                                                       |       |       |     |      |      |     |        | auto    | 1       | avg_pooling_local_output_7                    | top_new.cpp:161                                                                                                                       |
|   avg_pooling_local_output_80_U                                                               | 1     |       |     | 8    |      |     |        |         |         |                                               |                                                                                                                                       |
|     bind_storage rom_np                                                                       |       |       |     |      |      |     |        | auto    | 1       | avg_pooling_local_output_80                   | top_new.cpp:161                                                                                                                       |
|   avg_pooling_local_output_81_U                                                               | 2     |       |     | 8    |      |     |        |         |         |                                               |                                                                                                                                       |
|     bind_storage rom_np                                                                       |       |       |     |      |      |     |        | auto    | 1       | avg_pooling_local_output_81                   | top_new.cpp:161                                                                                                                       |
|   avg_pooling_local_output_82_U                                                               | 1     |       |     | 8    |      |     |        |         |         |                                               |                                                                                                                                       |
|     bind_storage rom_np                                                                       |       |       |     |      |      |     |        | auto    | 1       | avg_pooling_local_output_82                   | top_new.cpp:161                                                                                                                       |
|   avg_pooling_local_output_83_U                                                               | 1     |       |     | 8    |      |     |        |         |         |                                               |                                                                                                                                       |
|     bind_storage rom_np                                                                       |       |       |     |      |      |     |        | auto    | 1       | avg_pooling_local_output_83                   | top_new.cpp:161                                                                                                                       |
|   avg_pooling_local_output_84_U                                                               | 1     |       |     | 8    |      |     |        |         |         |                                               |                                                                                                                                       |
|   avg_pooling_local_output_85_U                                                               | 1     |       |     | 8    |      |     |        |         |         |                                               |                                                                                                                                       |
|     bind_storage rom_np                                                                       |       |       |     |      |      |     |        | auto    | 1       | avg_pooling_local_output_85                   | top_new.cpp:161                                                                                                                       |
|   avg_pooling_local_output_86_U                                                               | 1     |       |     | 8    |      |     |        |         |         |                                               |                                                                                                                                       |
|     bind_storage rom_np                                                                       |       |       |     |      |      |     |        | auto    | 1       | avg_pooling_local_output_86                   | top_new.cpp:161                                                                                                                       |
|   avg_pooling_local_output_87_U                                                               | 1     |       |     | 8    |      |     |        |         |         |                                               |                                                                                                                                       |
|     bind_storage rom_np                                                                       |       |       |     |      |      |     |        | auto    | 1       | avg_pooling_local_output_87                   | top_new.cpp:161                                                                                                                       |
|   avg_pooling_local_output_88_U                                                               | 1     |       |     | 8    |      |     |        |         |         |                                               |                                                                                                                                       |
|     bind_storage rom_np                                                                       |       |       |     |      |      |     |        | auto    | 1       | avg_pooling_local_output_88                   | top_new.cpp:161                                                                                                                       |
|   avg_pooling_local_output_89_U                                                               | 2     |       |     | 8    |      |     |        |         |         |                                               |                                                                                                                                       |
|     bind_storage rom_np                                                                       |       |       |     |      |      |     |        | auto    | 1       | avg_pooling_local_output_89                   | top_new.cpp:161                                                                                                                       |
|   avg_pooling_local_output_8_U                                                                | 1     |       |     | 8    |      |     |        |         |         |                                               |                                                                                                                                       |
|     bind_storage rom_np                                                                       |       |       |     |      |      |     |        | auto    | 1       | avg_pooling_local_output_8                    | top_new.cpp:161                                                                                                                       |
|   avg_pooling_local_output_90_U                                                               | 1     |       |     | 8    |      |     |        |         |         |                                               |                                                                                                                                       |
|   avg_pooling_local_output_91_U                                                               | 1     |       |     | 8    |      |     |        |         |         |                                               |                                                                                                                                       |
|     bind_storage rom_np                                                                       |       |       |     |      |      |     |        | auto    | 1       | avg_pooling_local_output_91                   | top_new.cpp:161                                                                                                                       |
|   avg_pooling_local_output_92_U                                                               | 1     |       |     | 8    |      |     |        |         |         |                                               |                                                                                                                                       |
|     bind_storage rom_np                                                                       |       |       |     |      |      |     |        | auto    | 1       | avg_pooling_local_output_92                   | top_new.cpp:161                                                                                                                       |
|   avg_pooling_local_output_93_U                                                               | 1     |       |     | 8    |      |     |        |         |         |                                               |                                                                                                                                       |
|     bind_storage rom_np                                                                       |       |       |     |      |      |     |        | auto    | 1       | avg_pooling_local_output_93                   | top_new.cpp:161                                                                                                                       |
|   avg_pooling_local_output_94_U                                                               | 1     |       |     | 8    |      |     |        |         |         |                                               |                                                                                                                                       |
|     bind_storage rom_np                                                                       |       |       |     |      |      |     |        | auto    | 1       | avg_pooling_local_output_94                   | top_new.cpp:161                                                                                                                       |
|   avg_pooling_local_output_95_U                                                               | 1     |       |     | 8    |      |     |        |         |         |                                               |                                                                                                                                       |
|     bind_storage rom_np                                                                       |       |       |     |      |      |     |        | auto    | 1       | avg_pooling_local_output_95                   | top_new.cpp:161                                                                                                                       |
|   avg_pooling_local_output_96_U                                                               | 1     |       |     | 8    |      |     |        |         |         |                                               |                                                                                                                                       |
|     bind_storage rom_np                                                                       |       |       |     |      |      |     |        | auto    | 1       | avg_pooling_local_output_96                   | top_new.cpp:161                                                                                                                       |
|   avg_pooling_local_output_97_U                                                               | 2     |       |     | 8    |      |     |        |         |         |                                               |                                                                                                                                       |
|     bind_storage rom_np                                                                       |       |       |     |      |      |     |        | auto    | 1       | avg_pooling_local_output_97                   | top_new.cpp:161                                                                                                                       |
|   avg_pooling_local_output_98_U                                                               | 1     |       |     | 8    |      |     |        |         |         |                                               |                                                                                                                                       |
|     bind_storage rom_np                                                                       |       |       |     |      |      |     |        | auto    | 1       | avg_pooling_local_output_98                   | top_new.cpp:161                                                                                                                       |
|   avg_pooling_local_output_99_U                                                               | 1     |       |     | 8    |      |     |        |         |         |                                               |                                                                                                                                       |
|     bind_storage rom_np                                                                       |       |       |     |      |      |     |        | auto    | 1       | avg_pooling_local_output_99                   | top_new.cpp:161                                                                                                                       |
|   avg_pooling_local_output_9_U                                                                | 2     |       |     | 8    |      |     |        |         |         |                                               |                                                                                                                                       |
|     bind_storage rom_np                                                                       |       |       |     |      |      |     |        | auto    | 1       | avg_pooling_local_output_9                    | top_new.cpp:161                                                                                                                       |
|   avg_pooling_local_output_U                                                                  | 3     |       |     | 8    |      |     |        |         |         |                                               |                                                                                                                                       |
|     bind_storage rom_np                                                                       |       |       |     |      |      |     |        | auto    | 1       | avg_pooling_local_output                      | top_new.cpp:161                                                                                                                       |
|   control_s_axi_U                                                                             | 532   | 632   |     |      |      |     |        |         |         |                                               |                                                                                                                                       |
|   faddfsub_32ns_32ns_32_3_full_dsp_1_U2217                                                    | 355   | 180   | 2   |      |      |     |        |         |         |                                               |                                                                                                                                       |
|     bind_storage rom_np                                                                       |       |       |     |      |      |     |        | auto    | 1       | avg_pooling_local_output_16                   | top_new.cpp:161                                                                                                                       |
|     bind_storage rom_np                                                                       |       |       |     |      |      |     |        | auto    | 1       | avg_pooling_local_output_36                   | top_new.cpp:161                                                                                                                       |
|     bind_storage rom_np                                                                       |       |       |     |      |      |     |        | auto    | 1       | avg_pooling_local_output_42                   | top_new.cpp:161                                                                                                                       |
|     bind_storage rom_np                                                                       |       |       |     |      |      |     |        | auto    | 1       | avg_pooling_local_output_48                   | top_new.cpp:161                                                                                                                       |
|     bind_storage rom_np                                                                       |       |       |     |      |      |     |        | auto    | 1       | avg_pooling_local_output_54                   | top_new.cpp:161                                                                                                                       |
|     bind_storage rom_np                                                                       |       |       |     |      |      |     |        | auto    | 1       | avg_pooling_local_output_60                   | top_new.cpp:161                                                                                                                       |
|     bind_storage rom_np                                                                       |       |       |     |      |      |     |        | auto    | 1       | avg_pooling_local_output_66                   | top_new.cpp:161                                                                                                                       |
|     bind_storage rom_np                                                                       |       |       |     |      |      |     |        | auto    | 1       | avg_pooling_local_output_72                   | top_new.cpp:161                                                                                                                       |
|     bind_storage rom_np                                                                       |       |       |     |      |      |     |        | auto    | 1       | avg_pooling_local_output_78                   | top_new.cpp:161                                                                                                                       |
|     bind_storage rom_np                                                                       |       |       |     |      |      |     |        | auto    | 1       | avg_pooling_local_output_84                   | top_new.cpp:161                                                                                                                       |
|     bind_storage rom_np                                                                       |       |       |     |      |      |     |        | auto    | 1       | avg_pooling_local_output_90                   | top_new.cpp:161                                                                                                                       |
|     bind_storage rom_np                                                                       |       |       |     |      |      |     |        | auto    | 1       | avg_pooling_local_output_191                  | top_new.cpp:161                                                                                                                       |
|     bind_storage rom_np                                                                       |       |       |     |      |      |     |        | auto    | 1       | avg_pooling_local_output_193                  | top_new.cpp:161                                                                                                                       |
|     bind_storage rom_np                                                                       |       |       |     |      |      |     |        | auto    | 1       | avg_pooling_local_output_196                  | top_new.cpp:161                                                                                                                       |
|     bind_storage rom_np                                                                       |       |       |     |      |      |     |        | auto    | 1       | avg_pooling_local_output_202                  | top_new.cpp:161                                                                                                                       |
|     bind_storage rom_np                                                                       |       |       |     |      |      |     |        | auto    | 1       | avg_pooling_local_output_232                  | top_new.cpp:161                                                                                                                       |
|     bind_storage rom_np                                                                       |       |       |     |      |      |     |        | auto    | 1       | avg_pooling_local_output_234                  | top_new.cpp:161                                                                                                                       |
|     bind_storage ram_1p                                                                       |       |       |     |      |      |     |        | auto    | 1       | local_weights_ds_998                          | top_new.cpp:164                                                                                                                       |
|     bind_op fadd                                                                              |       |       |     |      |      |     |        | fulldsp | 2       | p_x_assign                                    | top_new.cpp:330                                                                                                                       |
|     bind_op fadd                                                                              |       |       |     |      |      |     |        | fulldsp | 2       | sub_i                                         | top_new.cpp:346                                                                                                                       |
|     bind_op fadd                                                                              |       |       |     |      |      |     |        | fulldsp | 2       | sum                                           | top_new.cpp:346                                                                                                                       |
|     bind_op ram_1wnr                                                                          |       |       |     |      |      |     |        | auto    | 1       | avg_pooling_local_output_158_addr_write_ln428 | top_new.cpp:428                                                                                                                       |
|   fdiv_32ns_32ns_32_6_no_dsp_1_U2219                                                          | 771   | 257   |     |      |      |     |        |         |         |                                               |                                                                                                                                       |
|     bind_storage rom_np                                                                       |       |       |     |      |      |     |        | auto    | 1       | avg_pooling_local_output_197                  | top_new.cpp:161                                                                                                                       |
|     bind_storage rom_np                                                                       |       |       |     |      |      |     |        | auto    | 1       | avg_pooling_local_output_204                  | top_new.cpp:161                                                                                                                       |
|     bind_op fdiv                                                                              |       |       |     |      |      |     |        | fabric  | 5       | inv_std                                       | top_new.cpp:330                                                                                                                       |
|     bind_op fdiv                                                                              |       |       |     |      |      |     |        | fabric  | 5       | div_i9                                        | top_new.cpp:428                                                                                                                       |
|   fmul_32ns_32ns_32_2_max_dsp_1_U2218                                                         | 102   | 97    | 3   |      |      |     |        |         |         |                                               |                                                                                                                                       |
|     bind_storage rom_np                                                                       |       |       |     |      |      |     |        | auto    | 1       | avg_pooling_local_output_15                   | top_new.cpp:161                                                                                                                       |
|     bind_storage rom_np                                                                       |       |       |     |      |      |     |        | auto    | 1       | avg_pooling_local_output_41                   | top_new.cpp:161                                                                                                                       |
|     bind_storage rom_np                                                                       |       |       |     |      |      |     |        | auto    | 1       | avg_pooling_local_output_192                  | top_new.cpp:161                                                                                                                       |
|     bind_storage rom_np                                                                       |       |       |     |      |      |     |        | auto    | 1       | avg_pooling_local_output_194                  | top_new.cpp:161                                                                                                                       |
|     bind_storage rom_np                                                                       |       |       |     |      |      |     |        | auto    | 1       | avg_pooling_local_output_195                  | top_new.cpp:161                                                                                                                       |
|     bind_storage rom_np                                                                       |       |       |     |      |      |     |        | auto    | 1       | avg_pooling_local_output_205                  | top_new.cpp:161                                                                                                                       |
|     bind_storage rom_np                                                                       |       |       |     |      |      |     |        | auto    | 1       | avg_pooling_local_output_233                  | top_new.cpp:161                                                                                                                       |
|     bind_storage ram_1p                                                                       |       |       |     |      |      |     |        | auto    | 1       | local_weights_ds_997                          | top_new.cpp:164                                                                                                                       |
|     bind_op fmul                                                                              |       |       |     |      |      |     |        | maxdsp  | 1       | gamma_local                                   | top_new.cpp:332                                                                                                                       |
|     bind_op fmul                                                                              |       |       |     |      |      |     |        | maxdsp  | 1       | mul37_i                                       | top_new.cpp:346                                                                                                                       |
|   fsqrt_32ns_32ns_32_6_no_dsp_1_U2220                                                         | 418   | 221   |     |      |      |     |        |         |         |                                               |                                                                                                                                       |
|     bind_storage rom_np                                                                       |       |       |     |      |      |     |        | auto    | 1       | avg_pooling_local_output_203                  | top_new.cpp:161                                                                                                                       |
|     bind_op fsqrt                                                                             |       |       |     |      |      |     |        | fabric  | 5       | tmp                                           | /tools/software/xilinx/Vitis_HLS/2023.1/tps/lnx64/gcc-8.3.0/lib/gcc/x86_64-pc-linux-gnu/8.3.0/../../../../include/c++/8.3.0/cmath:464 |
|   grp_Add_4D_fu_7649                                                                          | 1665  | 1699  | 2   |      |      |     |        |         |         |                                               |                                                                                                                                       |
|     (grp_Add_4D_fu_7649)                                                                      | 1003  | 1551  |     |      |      |     |        |         |         |                                               |                                                                                                                                       |
|     fadd_32ns_32ns_32_3_full_dsp_1_U1610                                                      | 570   | 146   | 2   |      |      |     |        |         |         |                                               |                                                                                                                                       |
|       bind_op fadd                                                                            |       |       |     |      |      |     |        | fulldsp | 2       | add_i_i_1                                     | /tools/software/xilinx/Vitis_HLS/2023.1/common/technology/autopilot/hls_vector.h:195                                                  |
|       bind_op fadd                                                                            |       |       |     |      |      |     |        | fulldsp | 2       | add_i_i_3                                     | /tools/software/xilinx/Vitis_HLS/2023.1/common/technology/autopilot/hls_vector.h:195                                                  |
|       bind_op fadd                                                                            |       |       |     |      |      |     |        | fulldsp | 2       | add_i_i_5                                     | /tools/software/xilinx/Vitis_HLS/2023.1/common/technology/autopilot/hls_vector.h:195                                                  |
|       bind_op fadd                                                                            |       |       |     |      |      |     |        | fulldsp | 2       | add_i_i_7                                     | /tools/software/xilinx/Vitis_HLS/2023.1/common/technology/autopilot/hls_vector.h:195                                                  |
|       bind_op fadd                                                                            |       |       |     |      |      |     |        | fulldsp | 2       | add_i_i_9                                     | /tools/software/xilinx/Vitis_HLS/2023.1/common/technology/autopilot/hls_vector.h:195                                                  |
|       bind_op fadd                                                                            |       |       |     |      |      |     |        | fulldsp | 2       | add_i_i_10                                    | /tools/software/xilinx/Vitis_HLS/2023.1/common/technology/autopilot/hls_vector.h:195                                                  |
|       bind_op fadd                                                                            |       |       |     |      |      |     |        | fulldsp | 2       | add_i_i_12                                    | /tools/software/xilinx/Vitis_HLS/2023.1/common/technology/autopilot/hls_vector.h:195                                                  |
|       bind_op fadd                                                                            |       |       |     |      |      |     |        | fulldsp | 2       | add_i_i_14                                    | /tools/software/xilinx/Vitis_HLS/2023.1/common/technology/autopilot/hls_vector.h:195                                                  |
|       bind_op fadd                                                                            |       |       |     |      |      |     |        | fulldsp | 2       | add_i_i_16                                    | /tools/software/xilinx/Vitis_HLS/2023.1/common/technology/autopilot/hls_vector.h:195                                                  |
|       bind_op fadd                                                                            |       |       |     |      |      |     |        | fulldsp | 2       | add_i_i_18                                    | /tools/software/xilinx/Vitis_HLS/2023.1/common/technology/autopilot/hls_vector.h:195                                                  |
|     fcmp_32ns_32ns_1_1_no_dsp_1_U1611                                                         | 41    |       |     |      |      |     |        |         |         |                                               |                                                                                                                                       |
|     fcmp_32ns_32ns_1_1_no_dsp_1_U1612                                                         | 42    |       |     |      |      |     |        |         |         |                                               |                                                                                                                                       |
|     flow_control_loop_pipe_sequential_init_U                                                  | 9     | 2     |     |      |      |     |        |         |         |                                               |                                                                                                                                       |
|   grp_ResNet_Pipeline_VITIS_LOOP_209_1_VITIS_LOOP_211_2_fu_7093                               | 609   | 1070  |     |      |      |     |        |         |         |                                               |                                                                                                                                       |
|     (grp_ResNet_Pipeline_VITIS_LOOP_209_1_VITIS_LOOP_211_2_fu_7093)                           | 561   | 1068  |     |      |      |     |        |         |         |                                               |                                                                                                                                       |
|     flow_control_loop_pipe_sequential_init_U                                                  | 48    | 2     |     |      |      |     |        |         |         |                                               |                                                                                                                                       |
|   grp_ResNet_Pipeline_VITIS_LOOP_342_5_fu_7659                                                | 586   | 240   |     |      |      |     |        |         |         |                                               |                                                                                                                                       |
|     (grp_ResNet_Pipeline_VITIS_LOOP_342_5_fu_7659)                                            | 488   | 238   |     |      |      |     |        |         |         |                                               |                                                                                                                                       |
|     flow_control_loop_pipe_sequential_init_U                                                  | 98    | 2     |     |      |      |     |        |         |         |                                               |                                                                                                                                       |
|   grp_ResNet_Pipeline_VITIS_LOOP_420_3_fu_8211                                                | 1132  | 470   |     |      |      |     |        |         |         |                                               |                                                                                                                                       |
|     (grp_ResNet_Pipeline_VITIS_LOOP_420_3_fu_8211)                                            | 290   | 404   |     |      |      |     |        |         |         |                                               |                                                                                                                                       |
|     fadd_32ns_32ns_32_2_no_dsp_1_U1644                                                        | 701   | 64    |     |      |      |     |        |         |         |                                               |                                                                                                                                       |
|       bind_op fadd                                                                            |       |       |     |      |      |     |        | fabric  | 1       | sum_22                                        | top_new.cpp:425                                                                                                                       |
|       bind_op fadd                                                                            |       |       |     |      |      |     |        | fabric  | 1       | sum_23                                        | top_new.cpp:425                                                                                                                       |
|       bind_op fadd                                                                            |       |       |     |      |      |     |        | fabric  | 1       | sum_24                                        | top_new.cpp:425                                                                                                                       |
|       bind_op fadd                                                                            |       |       |     |      |      |     |        | fabric  | 1       | sum_25                                        | top_new.cpp:425                                                                                                                       |
|       bind_op fadd                                                                            |       |       |     |      |      |     |        | fabric  | 1       | sum_26                                        | top_new.cpp:425                                                                                                                       |
|       bind_op fadd                                                                            |       |       |     |      |      |     |        | fabric  | 1       | sum_27                                        | top_new.cpp:425                                                                                                                       |
|       bind_op fadd                                                                            |       |       |     |      |      |     |        | fabric  | 1       | sum_28                                        | top_new.cpp:425                                                                                                                       |
|       bind_op fadd                                                                            |       |       |     |      |      |     |        | fabric  | 1       | sum_29                                        | top_new.cpp:425                                                                                                                       |
|       bind_op fadd                                                                            |       |       |     |      |      |     |        | fabric  | 1       | sum_30                                        | top_new.cpp:425                                                                                                                       |
|       bind_op fadd                                                                            |       |       |     |      |      |     |        | fabric  | 1       | sum_31                                        | top_new.cpp:425                                                                                                                       |
|       bind_op fadd                                                                            |       |       |     |      |      |     |        | fabric  | 1       | sum_32                                        | top_new.cpp:425                                                                                                                       |
|       bind_op fadd                                                                            |       |       |     |      |      |     |        | fabric  | 1       | sum_33                                        | top_new.cpp:425                                                                                                                       |
|       bind_op fadd                                                                            |       |       |     |      |      |     |        | fabric  | 1       | sum_34                                        | top_new.cpp:425                                                                                                                       |
|       bind_op fadd                                                                            |       |       |     |      |      |     |        | fabric  | 1       | sum_35                                        | top_new.cpp:425                                                                                                                       |
|       bind_op fadd                                                                            |       |       |     |      |      |     |        | fabric  | 1       | sum_36                                        | top_new.cpp:425                                                                                                                       |
|       bind_op fadd                                                                            |       |       |     |      |      |     |        | fabric  | 1       | sum_37                                        | top_new.cpp:425                                                                                                                       |
|       bind_op fadd                                                                            |       |       |     |      |      |     |        | fabric  | 1       | sum_38                                        | top_new.cpp:425                                                                                                                       |
|       bind_op fadd                                                                            |       |       |     |      |      |     |        | fabric  | 1       | sum_39                                        | top_new.cpp:425                                                                                                                       |
|       bind_op fadd                                                                            |       |       |     |      |      |     |        | fabric  | 1       | sum_40                                        | top_new.cpp:425                                                                                                                       |
|       bind_op fadd                                                                            |       |       |     |      |      |     |        | fabric  | 1       | sum_41                                        | top_new.cpp:425                                                                                                                       |
|     flow_control_loop_pipe_sequential_init_U                                                  | 141   | 2     |     |      |      |     |        |         |         |                                               |                                                                                                                                       |
|   grp_conv2d_fu_8185                                                                          | 2841  | 1879  | 5   |      |      |     |        |         |         |                                               |                                                                                                                                       |
|     (grp_conv2d_fu_8185)                                                                      | 194   | 505   |     |      |      |     |        |         |         |                                               |                                                                                                                                       |
|     faddfsub_32ns_32ns_32_3_full_dsp_1_U1631                                                  | 285   | 180   | 2   |      |      |     |        |         |         |                                               |                                                                                                                                       |
|       bind_op fadd                                                                            |       |       |     |      |      |     |        | fulldsp | 2       | p_x_assign                                    | top_new.cpp:370                                                                                                                       |
|       bind_op fadd                                                                            |       |       |     |      |      |     |        | fulldsp | 2       | sub                                           | top_new.cpp:396                                                                                                                       |
|       bind_op fadd                                                                            |       |       |     |      |      |     |        | fulldsp | 2       | sum                                           | top_new.cpp:396                                                                                                                       |
|     fcmp_32ns_32ns_1_1_no_dsp_1_U1634                                                         | 26    |       |     |      |      |     |        |         |         |                                               |                                                                                                                                       |
|     fdiv_32ns_32ns_32_6_no_dsp_1_U1633                                                        | 740   | 225   |     |      |      |     |        |         |         |                                               |                                                                                                                                       |
|       bind_op fdiv                                                                            |       |       |     |      |      |     |        | fabric  | 5       | inv_std                                       | top_new.cpp:370                                                                                                                       |
|     fmul_32ns_32ns_32_2_max_dsp_1_U1632                                                       | 102   | 97    | 3   |      |      |     |        |         |         |                                               |                                                                                                                                       |
|       bind_op fmul                                                                            |       |       |     |      |      |     |        | maxdsp  | 1       | gamma_local                                   | top_new.cpp:372                                                                                                                       |
|       bind_op fmul                                                                            |       |       |     |      |      |     |        | maxdsp  | 1       | mul                                           | top_new.cpp:396                                                                                                                       |
|     fsqrt_32ns_32ns_32_6_no_dsp_1_U1635                                                       | 404   | 188   |     |      |      |     |        |         |         |                                               |                                                                                                                                       |
|       bind_op fsqrt                                                                           |       |       |     |      |      |     |        | fabric  | 5       | tmp                                           | /tools/software/xilinx/Vitis_HLS/2023.1/tps/lnx64/gcc-8.3.0/lib/gcc/x86_64-pc-linux-gnu/8.3.0/../../../../include/c++/8.3.0/cmath:464 |
|     grp_conv2d_Pipeline_VITIS_LOOP_380_5_VITIS_LOOP_382_6_fu_248                              | 1090  | 684   |     |      |      |     |        |         |         |                                               |                                                                                                                                       |
|       (grp_conv2d_Pipeline_VITIS_LOOP_380_5_VITIS_LOOP_382_6_fu_248)                          | 931   | 682   |     |      |      |     |        |         |         |                                               |                                                                                                                                       |
|   grp_conv2d_stride_fu_7612                                                                   | 11557 | 9239  | 2   |      |      |     |        |         |         |                                               |                                                                                                                                       |
|     (grp_conv2d_stride_fu_7612)                                                               | 223   | 521   | 1   |      |      |     |        |         |         |                                               |                                                                                                                                       |
|     fcmp_32ns_32ns_1_1_no_dsp_1_U1044                                                         | 26    |       |     |      |      |     |        |         |         |                                               |                                                                                                                                       |
|     grp_conv2d_stride_Pipeline_VITIS_LOOP_192_1_VITIS_LOOP_194_2_VITIS_LOOP_196_3_fu_1297     | 314   | 183   |     |      |      |     |        |         |         |                                               |                                                                                                                                       |
|       (grp_conv2d_stride_Pipeline_VITIS_LOOP_192_1_VITIS_LOOP_194_2_VITIS_LOOP_196_3_fu_1297) | 291   | 181   |     |      |      |     |        |         |         |                                               |                                                                                                                                       |
|       flow_control_loop_pipe_sequential_init_U                                                | 23    | 2     |     |      |      |     |        |         |         |                                               |                                                                                                                                       |
|     grp_conv2d_stride_Pipeline_VITIS_LOOP_288_5_VITIS_LOOP_290_6_VITIS_LOOP_292_7_fu_1560     | 2802  | 343   | 1   |      |      |     |        |         |         |                                               |                                                                                                                                       |
|       (grp_conv2d_stride_Pipeline_VITIS_LOOP_288_5_VITIS_LOOP_290_6_VITIS_LOOP_292_7_fu_1560) | 468   | 341   |     |      |      |     |        |         |         |                                               |                                                                                                                                       |
|       flow_control_loop_pipe_sequential_init_U                                                | 93    | 2     |     |      |      |     |        |         |         |                                               |                                                                                                                                       |
|       mul_9ns_14ns_22_1_1_U775                                                                | 66    |       | 1   |      |      |     |        |         |         |                                               |                                                                                                                                       |
|         bind_op mul                                                                           |       |       |     |      |      |     |        | auto    | 0       | mul_ln288                                     | top_new.cpp:288                                                                                                                       |
|       mux_256_8_32_1_1_U776                                                                   | 2176  |       |     |      |      |     |        |         |         |                                               |                                                                                                                                       |
|     local_weights_100_U                                                                       | 32    | 32    |     |      |      |     |        |         |         |                                               |                                                                                                                                       |
|       bind_storage ram_1p                                                                     |       |       |     |      |      |     |        | auto    | 1       | local_weights_100                             | top_new.cpp:278                                                                                                                       |
|     local_weights_101_U                                                                       | 32    | 32    |     |      |      |     |        |         |         |                                               |                                                                                                                                       |
|       bind_storage ram_1p                                                                     |       |       |     |      |      |     |        | auto    | 1       | local_weights_101                             | top_new.cpp:278                                                                                                                       |
|     local_weights_102_U                                                                       | 32    | 32    |     |      |      |     |        |         |         |                                               |                                                                                                                                       |
|       bind_storage ram_1p                                                                     |       |       |     |      |      |     |        | auto    | 1       | local_weights_102                             | top_new.cpp:278                                                                                                                       |
|     local_weights_103_U                                                                       | 32    | 32    |     |      |      |     |        |         |         |                                               |                                                                                                                                       |
|       bind_storage ram_1p                                                                     |       |       |     |      |      |     |        | auto    | 1       | local_weights_103                             | top_new.cpp:278                                                                                                                       |
|     local_weights_104_U                                                                       | 32    | 32    |     |      |      |     |        |         |         |                                               |                                                                                                                                       |
|       bind_storage ram_1p                                                                     |       |       |     |      |      |     |        | auto    | 1       | local_weights_104                             | top_new.cpp:278                                                                                                                       |
|     local_weights_105_U                                                                       | 32    | 32    |     |      |      |     |        |         |         |                                               |                                                                                                                                       |
|       bind_storage ram_1p                                                                     |       |       |     |      |      |     |        | auto    | 1       | local_weights_105                             | top_new.cpp:278                                                                                                                       |
|     local_weights_106_U                                                                       | 32    | 32    |     |      |      |     |        |         |         |                                               |                                                                                                                                       |
|       bind_storage ram_1p                                                                     |       |       |     |      |      |     |        | auto    | 1       | local_weights_106                             | top_new.cpp:278                                                                                                                       |
|     local_weights_107_U                                                                       | 32    | 32    |     |      |      |     |        |         |         |                                               |                                                                                                                                       |
|       bind_storage ram_1p                                                                     |       |       |     |      |      |     |        | auto    | 1       | local_weights_107                             | top_new.cpp:278                                                                                                                       |
|     local_weights_108_U                                                                       | 32    | 32    |     |      |      |     |        |         |         |                                               |                                                                                                                                       |
|       bind_storage ram_1p                                                                     |       |       |     |      |      |     |        | auto    | 1       | local_weights_108                             | top_new.cpp:278                                                                                                                       |
|     local_weights_109_U                                                                       | 32    | 32    |     |      |      |     |        |         |         |                                               |                                                                                                                                       |
|       bind_storage ram_1p                                                                     |       |       |     |      |      |     |        | auto    | 1       | local_weights_109                             | top_new.cpp:278                                                                                                                       |
|     local_weights_10_U                                                                        | 32    | 32    |     |      |      |     |        |         |         |                                               |                                                                                                                                       |
|       bind_storage ram_1p                                                                     |       |       |     |      |      |     |        | auto    | 1       | local_weights_10                              | top_new.cpp:278                                                                                                                       |
|     local_weights_110_U                                                                       | 32    | 32    |     |      |      |     |        |         |         |                                               |                                                                                                                                       |
|       bind_storage ram_1p                                                                     |       |       |     |      |      |     |        | auto    | 1       | local_weights_110                             | top_new.cpp:278                                                                                                                       |
|     local_weights_111_U                                                                       | 32    | 32    |     |      |      |     |        |         |         |                                               |                                                                                                                                       |
|       bind_storage ram_1p                                                                     |       |       |     |      |      |     |        | auto    | 1       | local_weights_111                             | top_new.cpp:278                                                                                                                       |
|     local_weights_112_U                                                                       | 32    | 32    |     |      |      |     |        |         |         |                                               |                                                                                                                                       |
|       bind_storage ram_1p                                                                     |       |       |     |      |      |     |        | auto    | 1       | local_weights_112                             | top_new.cpp:278                                                                                                                       |
|     local_weights_113_U                                                                       | 32    | 32    |     |      |      |     |        |         |         |                                               |                                                                                                                                       |
|       bind_storage ram_1p                                                                     |       |       |     |      |      |     |        | auto    | 1       | local_weights_113                             | top_new.cpp:278                                                                                                                       |
|     local_weights_114_U                                                                       | 32    | 32    |     |      |      |     |        |         |         |                                               |                                                                                                                                       |
|       bind_storage ram_1p                                                                     |       |       |     |      |      |     |        | auto    | 1       | local_weights_114                             | top_new.cpp:278                                                                                                                       |
|     local_weights_115_U                                                                       | 32    | 32    |     |      |      |     |        |         |         |                                               |                                                                                                                                       |
|       bind_storage ram_1p                                                                     |       |       |     |      |      |     |        | auto    | 1       | local_weights_115                             | top_new.cpp:278                                                                                                                       |
|     local_weights_116_U                                                                       | 32    | 32    |     |      |      |     |        |         |         |                                               |                                                                                                                                       |
|       bind_storage ram_1p                                                                     |       |       |     |      |      |     |        | auto    | 1       | local_weights_116                             | top_new.cpp:278                                                                                                                       |
|     local_weights_117_U                                                                       | 32    | 32    |     |      |      |     |        |         |         |                                               |                                                                                                                                       |
|       bind_storage ram_1p                                                                     |       |       |     |      |      |     |        | auto    | 1       | local_weights_117                             | top_new.cpp:278                                                                                                                       |
|     local_weights_118_U                                                                       | 32    | 32    |     |      |      |     |        |         |         |                                               |                                                                                                                                       |
|       bind_storage ram_1p                                                                     |       |       |     |      |      |     |        | auto    | 1       | local_weights_118                             | top_new.cpp:278                                                                                                                       |
|     local_weights_119_U                                                                       | 32    | 32    |     |      |      |     |        |         |         |                                               |                                                                                                                                       |
|       bind_storage ram_1p                                                                     |       |       |     |      |      |     |        | auto    | 1       | local_weights_119                             | top_new.cpp:278                                                                                                                       |
|     local_weights_11_U                                                                        | 32    | 32    |     |      |      |     |        |         |         |                                               |                                                                                                                                       |
|       bind_storage ram_1p                                                                     |       |       |     |      |      |     |        | auto    | 1       | local_weights_11                              | top_new.cpp:278                                                                                                                       |
|     local_weights_120_U                                                                       | 32    | 32    |     |      |      |     |        |         |         |                                               |                                                                                                                                       |
|       bind_storage ram_1p                                                                     |       |       |     |      |      |     |        | auto    | 1       | local_weights_120                             | top_new.cpp:278                                                                                                                       |
|     local_weights_121_U                                                                       | 32    | 32    |     |      |      |     |        |         |         |                                               |                                                                                                                                       |
|       bind_storage ram_1p                                                                     |       |       |     |      |      |     |        | auto    | 1       | local_weights_121                             | top_new.cpp:278                                                                                                                       |
|     local_weights_122_U                                                                       | 32    | 32    |     |      |      |     |        |         |         |                                               |                                                                                                                                       |
|       bind_storage ram_1p                                                                     |       |       |     |      |      |     |        | auto    | 1       | local_weights_122                             | top_new.cpp:278                                                                                                                       |
|     local_weights_123_U                                                                       | 32    | 32    |     |      |      |     |        |         |         |                                               |                                                                                                                                       |
|       bind_storage ram_1p                                                                     |       |       |     |      |      |     |        | auto    | 1       | local_weights_123                             | top_new.cpp:278                                                                                                                       |
|     local_weights_124_U                                                                       | 32    | 32    |     |      |      |     |        |         |         |                                               |                                                                                                                                       |
|       bind_storage ram_1p                                                                     |       |       |     |      |      |     |        | auto    | 1       | local_weights_124                             | top_new.cpp:278                                                                                                                       |
|     local_weights_125_U                                                                       | 32    | 32    |     |      |      |     |        |         |         |                                               |                                                                                                                                       |
|       bind_storage ram_1p                                                                     |       |       |     |      |      |     |        | auto    | 1       | local_weights_125                             | top_new.cpp:278                                                                                                                       |
|     local_weights_126_U                                                                       | 32    | 32    |     |      |      |     |        |         |         |                                               |                                                                                                                                       |
|       bind_storage ram_1p                                                                     |       |       |     |      |      |     |        | auto    | 1       | local_weights_126                             | top_new.cpp:278                                                                                                                       |
|     local_weights_127_U                                                                       | 32    | 32    |     |      |      |     |        |         |         |                                               |                                                                                                                                       |
|       bind_storage ram_1p                                                                     |       |       |     |      |      |     |        | auto    | 1       | local_weights_127                             | top_new.cpp:278                                                                                                                       |
|     local_weights_128_U                                                                       | 32    | 32    |     |      |      |     |        |         |         |                                               |                                                                                                                                       |
|       bind_storage ram_1p                                                                     |       |       |     |      |      |     |        | auto    | 1       | local_weights_128                             | top_new.cpp:278                                                                                                                       |
|     local_weights_129_U                                                                       | 32    | 32    |     |      |      |     |        |         |         |                                               |                                                                                                                                       |
|       bind_storage ram_1p                                                                     |       |       |     |      |      |     |        | auto    | 1       | local_weights_129                             | top_new.cpp:278                                                                                                                       |
|     local_weights_12_U                                                                        | 32    | 32    |     |      |      |     |        |         |         |                                               |                                                                                                                                       |
|       bind_storage ram_1p                                                                     |       |       |     |      |      |     |        | auto    | 1       | local_weights_12                              | top_new.cpp:278                                                                                                                       |
|     local_weights_130_U                                                                       | 32    | 32    |     |      |      |     |        |         |         |                                               |                                                                                                                                       |
|       bind_storage ram_1p                                                                     |       |       |     |      |      |     |        | auto    | 1       | local_weights_130                             | top_new.cpp:278                                                                                                                       |
|     local_weights_131_U                                                                       | 32    | 32    |     |      |      |     |        |         |         |                                               |                                                                                                                                       |
|       bind_storage ram_1p                                                                     |       |       |     |      |      |     |        | auto    | 1       | local_weights_131                             | top_new.cpp:278                                                                                                                       |
|     local_weights_132_U                                                                       | 32    | 32    |     |      |      |     |        |         |         |                                               |                                                                                                                                       |
|       bind_storage ram_1p                                                                     |       |       |     |      |      |     |        | auto    | 1       | local_weights_132                             | top_new.cpp:278                                                                                                                       |
|     local_weights_133_U                                                                       | 32    | 32    |     |      |      |     |        |         |         |                                               |                                                                                                                                       |
|       bind_storage ram_1p                                                                     |       |       |     |      |      |     |        | auto    | 1       | local_weights_133                             | top_new.cpp:278                                                                                                                       |
|     local_weights_134_U                                                                       | 32    | 32    |     |      |      |     |        |         |         |                                               |                                                                                                                                       |
|       bind_storage ram_1p                                                                     |       |       |     |      |      |     |        | auto    | 1       | local_weights_134                             | top_new.cpp:278                                                                                                                       |
|     local_weights_135_U                                                                       | 32    | 32    |     |      |      |     |        |         |         |                                               |                                                                                                                                       |
|       bind_storage ram_1p                                                                     |       |       |     |      |      |     |        | auto    | 1       | local_weights_135                             | top_new.cpp:278                                                                                                                       |
|     local_weights_136_U                                                                       | 32    | 32    |     |      |      |     |        |         |         |                                               |                                                                                                                                       |
|       bind_storage ram_1p                                                                     |       |       |     |      |      |     |        | auto    | 1       | local_weights_136                             | top_new.cpp:278                                                                                                                       |
|     local_weights_137_U                                                                       | 32    | 32    |     |      |      |     |        |         |         |                                               |                                                                                                                                       |
|       bind_storage ram_1p                                                                     |       |       |     |      |      |     |        | auto    | 1       | local_weights_137                             | top_new.cpp:278                                                                                                                       |
|     local_weights_138_U                                                                       | 32    | 32    |     |      |      |     |        |         |         |                                               |                                                                                                                                       |
|       bind_storage ram_1p                                                                     |       |       |     |      |      |     |        | auto    | 1       | local_weights_138                             | top_new.cpp:278                                                                                                                       |
|     local_weights_139_U                                                                       | 32    | 32    |     |      |      |     |        |         |         |                                               |                                                                                                                                       |
|       bind_storage ram_1p                                                                     |       |       |     |      |      |     |        | auto    | 1       | local_weights_139                             | top_new.cpp:278                                                                                                                       |
|     local_weights_13_U                                                                        | 32    | 32    |     |      |      |     |        |         |         |                                               |                                                                                                                                       |
|       bind_storage ram_1p                                                                     |       |       |     |      |      |     |        | auto    | 1       | local_weights_13                              | top_new.cpp:278                                                                                                                       |
|     local_weights_140_U                                                                       | 32    | 32    |     |      |      |     |        |         |         |                                               |                                                                                                                                       |
|       bind_storage ram_1p                                                                     |       |       |     |      |      |     |        | auto    | 1       | local_weights_140                             | top_new.cpp:278                                                                                                                       |
|     local_weights_141_U                                                                       | 32    | 32    |     |      |      |     |        |         |         |                                               |                                                                                                                                       |
|       bind_storage ram_1p                                                                     |       |       |     |      |      |     |        | auto    | 1       | local_weights_141                             | top_new.cpp:278                                                                                                                       |
|     local_weights_142_U                                                                       | 32    | 32    |     |      |      |     |        |         |         |                                               |                                                                                                                                       |
|       bind_storage ram_1p                                                                     |       |       |     |      |      |     |        | auto    | 1       | local_weights_142                             | top_new.cpp:278                                                                                                                       |
|     local_weights_143_U                                                                       | 32    | 32    |     |      |      |     |        |         |         |                                               |                                                                                                                                       |
|       bind_storage ram_1p                                                                     |       |       |     |      |      |     |        | auto    | 1       | local_weights_143                             | top_new.cpp:278                                                                                                                       |
|     local_weights_144_U                                                                       | 32    | 32    |     |      |      |     |        |         |         |                                               |                                                                                                                                       |
|       bind_storage ram_1p                                                                     |       |       |     |      |      |     |        | auto    | 1       | local_weights_144                             | top_new.cpp:278                                                                                                                       |
|     local_weights_145_U                                                                       | 32    | 32    |     |      |      |     |        |         |         |                                               |                                                                                                                                       |
|       bind_storage ram_1p                                                                     |       |       |     |      |      |     |        | auto    | 1       | local_weights_145                             | top_new.cpp:278                                                                                                                       |
|     local_weights_146_U                                                                       | 32    | 32    |     |      |      |     |        |         |         |                                               |                                                                                                                                       |
|       bind_storage ram_1p                                                                     |       |       |     |      |      |     |        | auto    | 1       | local_weights_146                             | top_new.cpp:278                                                                                                                       |
|     local_weights_147_U                                                                       | 32    | 32    |     |      |      |     |        |         |         |                                               |                                                                                                                                       |
|       bind_storage ram_1p                                                                     |       |       |     |      |      |     |        | auto    | 1       | local_weights_147                             | top_new.cpp:278                                                                                                                       |
|     local_weights_148_U                                                                       | 32    | 32    |     |      |      |     |        |         |         |                                               |                                                                                                                                       |
|       bind_storage ram_1p                                                                     |       |       |     |      |      |     |        | auto    | 1       | local_weights_148                             | top_new.cpp:278                                                                                                                       |
|     local_weights_149_U                                                                       | 32    | 32    |     |      |      |     |        |         |         |                                               |                                                                                                                                       |
|       bind_storage ram_1p                                                                     |       |       |     |      |      |     |        | auto    | 1       | local_weights_149                             | top_new.cpp:278                                                                                                                       |
|     local_weights_14_U                                                                        | 32    | 32    |     |      |      |     |        |         |         |                                               |                                                                                                                                       |
|       bind_storage ram_1p                                                                     |       |       |     |      |      |     |        | auto    | 1       | local_weights_14                              | top_new.cpp:278                                                                                                                       |
|     local_weights_150_U                                                                       | 32    | 32    |     |      |      |     |        |         |         |                                               |                                                                                                                                       |
|       bind_storage ram_1p                                                                     |       |       |     |      |      |     |        | auto    | 1       | local_weights_150                             | top_new.cpp:278                                                                                                                       |
|     local_weights_151_U                                                                       | 32    | 32    |     |      |      |     |        |         |         |                                               |                                                                                                                                       |
|       bind_storage ram_1p                                                                     |       |       |     |      |      |     |        | auto    | 1       | local_weights_151                             | top_new.cpp:278                                                                                                                       |
|     local_weights_152_U                                                                       | 32    | 32    |     |      |      |     |        |         |         |                                               |                                                                                                                                       |
|       bind_storage ram_1p                                                                     |       |       |     |      |      |     |        | auto    | 1       | local_weights_152                             | top_new.cpp:278                                                                                                                       |
|     local_weights_153_U                                                                       | 32    | 32    |     |      |      |     |        |         |         |                                               |                                                                                                                                       |
|       bind_storage ram_1p                                                                     |       |       |     |      |      |     |        | auto    | 1       | local_weights_153                             | top_new.cpp:278                                                                                                                       |
|     local_weights_154_U                                                                       | 32    | 32    |     |      |      |     |        |         |         |                                               |                                                                                                                                       |
|       bind_storage ram_1p                                                                     |       |       |     |      |      |     |        | auto    | 1       | local_weights_154                             | top_new.cpp:278                                                                                                                       |
|     local_weights_155_U                                                                       | 32    | 32    |     |      |      |     |        |         |         |                                               |                                                                                                                                       |
|       bind_storage ram_1p                                                                     |       |       |     |      |      |     |        | auto    | 1       | local_weights_155                             | top_new.cpp:278                                                                                                                       |
|     local_weights_156_U                                                                       | 32    | 32    |     |      |      |     |        |         |         |                                               |                                                                                                                                       |
|       bind_storage ram_1p                                                                     |       |       |     |      |      |     |        | auto    | 1       | local_weights_156                             | top_new.cpp:278                                                                                                                       |
|     local_weights_157_U                                                                       | 32    | 32    |     |      |      |     |        |         |         |                                               |                                                                                                                                       |
|       bind_storage ram_1p                                                                     |       |       |     |      |      |     |        | auto    | 1       | local_weights_157                             | top_new.cpp:278                                                                                                                       |
|     local_weights_158_U                                                                       | 32    | 32    |     |      |      |     |        |         |         |                                               |                                                                                                                                       |
|       bind_storage ram_1p                                                                     |       |       |     |      |      |     |        | auto    | 1       | local_weights_158                             | top_new.cpp:278                                                                                                                       |
|     local_weights_159_U                                                                       | 32    | 32    |     |      |      |     |        |         |         |                                               |                                                                                                                                       |
|       bind_storage ram_1p                                                                     |       |       |     |      |      |     |        | auto    | 1       | local_weights_159                             | top_new.cpp:278                                                                                                                       |
|     local_weights_15_U                                                                        | 32    | 32    |     |      |      |     |        |         |         |                                               |                                                                                                                                       |
|       bind_storage ram_1p                                                                     |       |       |     |      |      |     |        | auto    | 1       | local_weights_15                              | top_new.cpp:278                                                                                                                       |
|     local_weights_160_U                                                                       | 32    | 32    |     |      |      |     |        |         |         |                                               |                                                                                                                                       |
|       bind_storage ram_1p                                                                     |       |       |     |      |      |     |        | auto    | 1       | local_weights_160                             | top_new.cpp:278                                                                                                                       |
|     local_weights_161_U                                                                       | 32    | 32    |     |      |      |     |        |         |         |                                               |                                                                                                                                       |
|       bind_storage ram_1p                                                                     |       |       |     |      |      |     |        | auto    | 1       | local_weights_161                             | top_new.cpp:278                                                                                                                       |
|     local_weights_162_U                                                                       | 32    | 32    |     |      |      |     |        |         |         |                                               |                                                                                                                                       |
|       bind_storage ram_1p                                                                     |       |       |     |      |      |     |        | auto    | 1       | local_weights_162                             | top_new.cpp:278                                                                                                                       |
|     local_weights_163_U                                                                       | 32    | 32    |     |      |      |     |        |         |         |                                               |                                                                                                                                       |
|       bind_storage ram_1p                                                                     |       |       |     |      |      |     |        | auto    | 1       | local_weights_163                             | top_new.cpp:278                                                                                                                       |
|     local_weights_164_U                                                                       | 32    | 32    |     |      |      |     |        |         |         |                                               |                                                                                                                                       |
|       bind_storage ram_1p                                                                     |       |       |     |      |      |     |        | auto    | 1       | local_weights_164                             | top_new.cpp:278                                                                                                                       |
|     local_weights_165_U                                                                       | 32    | 32    |     |      |      |     |        |         |         |                                               |                                                                                                                                       |
|       bind_storage ram_1p                                                                     |       |       |     |      |      |     |        | auto    | 1       | local_weights_165                             | top_new.cpp:278                                                                                                                       |
|     local_weights_166_U                                                                       | 32    | 32    |     |      |      |     |        |         |         |                                               |                                                                                                                                       |
|       bind_storage ram_1p                                                                     |       |       |     |      |      |     |        | auto    | 1       | local_weights_166                             | top_new.cpp:278                                                                                                                       |
|     local_weights_167_U                                                                       | 32    | 32    |     |      |      |     |        |         |         |                                               |                                                                                                                                       |
|       bind_storage ram_1p                                                                     |       |       |     |      |      |     |        | auto    | 1       | local_weights_167                             | top_new.cpp:278                                                                                                                       |
|     local_weights_168_U                                                                       | 32    | 32    |     |      |      |     |        |         |         |                                               |                                                                                                                                       |
|       bind_storage ram_1p                                                                     |       |       |     |      |      |     |        | auto    | 1       | local_weights_168                             | top_new.cpp:278                                                                                                                       |
|     local_weights_169_U                                                                       | 32    | 32    |     |      |      |     |        |         |         |                                               |                                                                                                                                       |
|       bind_storage ram_1p                                                                     |       |       |     |      |      |     |        | auto    | 1       | local_weights_169                             | top_new.cpp:278                                                                                                                       |
|     local_weights_16_U                                                                        | 32    | 32    |     |      |      |     |        |         |         |                                               |                                                                                                                                       |
|       bind_storage ram_1p                                                                     |       |       |     |      |      |     |        | auto    | 1       | local_weights_16                              | top_new.cpp:278                                                                                                                       |
|     local_weights_170_U                                                                       | 32    | 32    |     |      |      |     |        |         |         |                                               |                                                                                                                                       |
|       bind_storage ram_1p                                                                     |       |       |     |      |      |     |        | auto    | 1       | local_weights_170                             | top_new.cpp:278                                                                                                                       |
|     local_weights_171_U                                                                       | 32    | 32    |     |      |      |     |        |         |         |                                               |                                                                                                                                       |
|       bind_storage ram_1p                                                                     |       |       |     |      |      |     |        | auto    | 1       | local_weights_171                             | top_new.cpp:278                                                                                                                       |
|     local_weights_172_U                                                                       | 32    | 32    |     |      |      |     |        |         |         |                                               |                                                                                                                                       |
|       bind_storage ram_1p                                                                     |       |       |     |      |      |     |        | auto    | 1       | local_weights_172                             | top_new.cpp:278                                                                                                                       |
|     local_weights_173_U                                                                       | 32    | 32    |     |      |      |     |        |         |         |                                               |                                                                                                                                       |
|       bind_storage ram_1p                                                                     |       |       |     |      |      |     |        | auto    | 1       | local_weights_173                             | top_new.cpp:278                                                                                                                       |
|     local_weights_174_U                                                                       | 32    | 32    |     |      |      |     |        |         |         |                                               |                                                                                                                                       |
|       bind_storage ram_1p                                                                     |       |       |     |      |      |     |        | auto    | 1       | local_weights_174                             | top_new.cpp:278                                                                                                                       |
|     local_weights_175_U                                                                       | 32    | 32    |     |      |      |     |        |         |         |                                               |                                                                                                                                       |
|       bind_storage ram_1p                                                                     |       |       |     |      |      |     |        | auto    | 1       | local_weights_175                             | top_new.cpp:278                                                                                                                       |
|     local_weights_176_U                                                                       | 32    | 32    |     |      |      |     |        |         |         |                                               |                                                                                                                                       |
|       bind_storage ram_1p                                                                     |       |       |     |      |      |     |        | auto    | 1       | local_weights_176                             | top_new.cpp:278                                                                                                                       |
|     local_weights_177_U                                                                       | 32    | 32    |     |      |      |     |        |         |         |                                               |                                                                                                                                       |
|       bind_storage ram_1p                                                                     |       |       |     |      |      |     |        | auto    | 1       | local_weights_177                             | top_new.cpp:278                                                                                                                       |
|     local_weights_178_U                                                                       | 32    | 32    |     |      |      |     |        |         |         |                                               |                                                                                                                                       |
|       bind_storage ram_1p                                                                     |       |       |     |      |      |     |        | auto    | 1       | local_weights_178                             | top_new.cpp:278                                                                                                                       |
|     local_weights_179_U                                                                       | 32    | 32    |     |      |      |     |        |         |         |                                               |                                                                                                                                       |
|       bind_storage ram_1p                                                                     |       |       |     |      |      |     |        | auto    | 1       | local_weights_179                             | top_new.cpp:278                                                                                                                       |
|     local_weights_17_U                                                                        | 32    | 32    |     |      |      |     |        |         |         |                                               |                                                                                                                                       |
|       bind_storage ram_1p                                                                     |       |       |     |      |      |     |        | auto    | 1       | local_weights_17                              | top_new.cpp:278                                                                                                                       |
|     local_weights_180_U                                                                       | 32    | 32    |     |      |      |     |        |         |         |                                               |                                                                                                                                       |
|       bind_storage ram_1p                                                                     |       |       |     |      |      |     |        | auto    | 1       | local_weights_180                             | top_new.cpp:278                                                                                                                       |
|     local_weights_181_U                                                                       | 32    | 32    |     |      |      |     |        |         |         |                                               |                                                                                                                                       |
|       bind_storage ram_1p                                                                     |       |       |     |      |      |     |        | auto    | 1       | local_weights_181                             | top_new.cpp:278                                                                                                                       |
|     local_weights_182_U                                                                       | 32    | 32    |     |      |      |     |        |         |         |                                               |                                                                                                                                       |
|       bind_storage ram_1p                                                                     |       |       |     |      |      |     |        | auto    | 1       | local_weights_182                             | top_new.cpp:278                                                                                                                       |
|     local_weights_183_U                                                                       | 32    | 32    |     |      |      |     |        |         |         |                                               |                                                                                                                                       |
|       bind_storage ram_1p                                                                     |       |       |     |      |      |     |        | auto    | 1       | local_weights_183                             | top_new.cpp:278                                                                                                                       |
|     local_weights_184_U                                                                       | 32    | 32    |     |      |      |     |        |         |         |                                               |                                                                                                                                       |
|       bind_storage ram_1p                                                                     |       |       |     |      |      |     |        | auto    | 1       | local_weights_184                             | top_new.cpp:278                                                                                                                       |
|     local_weights_185_U                                                                       | 32    | 32    |     |      |      |     |        |         |         |                                               |                                                                                                                                       |
|       bind_storage ram_1p                                                                     |       |       |     |      |      |     |        | auto    | 1       | local_weights_185                             | top_new.cpp:278                                                                                                                       |
|     local_weights_186_U                                                                       | 32    | 32    |     |      |      |     |        |         |         |                                               |                                                                                                                                       |
|       bind_storage ram_1p                                                                     |       |       |     |      |      |     |        | auto    | 1       | local_weights_186                             | top_new.cpp:278                                                                                                                       |
|     local_weights_187_U                                                                       | 32    | 32    |     |      |      |     |        |         |         |                                               |                                                                                                                                       |
|       bind_storage ram_1p                                                                     |       |       |     |      |      |     |        | auto    | 1       | local_weights_187                             | top_new.cpp:278                                                                                                                       |
|     local_weights_188_U                                                                       | 32    | 32    |     |      |      |     |        |         |         |                                               |                                                                                                                                       |
|       bind_storage ram_1p                                                                     |       |       |     |      |      |     |        | auto    | 1       | local_weights_188                             | top_new.cpp:278                                                                                                                       |
|     local_weights_189_U                                                                       | 32    | 32    |     |      |      |     |        |         |         |                                               |                                                                                                                                       |
|       bind_storage ram_1p                                                                     |       |       |     |      |      |     |        | auto    | 1       | local_weights_189                             | top_new.cpp:278                                                                                                                       |
|     local_weights_18_U                                                                        | 32    | 32    |     |      |      |     |        |         |         |                                               |                                                                                                                                       |
|       bind_storage ram_1p                                                                     |       |       |     |      |      |     |        | auto    | 1       | local_weights_18                              | top_new.cpp:278                                                                                                                       |
|     local_weights_190_U                                                                       | 32    | 32    |     |      |      |     |        |         |         |                                               |                                                                                                                                       |
|       bind_storage ram_1p                                                                     |       |       |     |      |      |     |        | auto    | 1       | local_weights_190                             | top_new.cpp:278                                                                                                                       |
|     local_weights_191_U                                                                       | 32    | 32    |     |      |      |     |        |         |         |                                               |                                                                                                                                       |
|       bind_storage ram_1p                                                                     |       |       |     |      |      |     |        | auto    | 1       | local_weights_191                             | top_new.cpp:278                                                                                                                       |
|     local_weights_192_U                                                                       | 32    | 32    |     |      |      |     |        |         |         |                                               |                                                                                                                                       |
|       bind_storage ram_1p                                                                     |       |       |     |      |      |     |        | auto    | 1       | local_weights_192                             | top_new.cpp:278                                                                                                                       |
|     local_weights_193_U                                                                       | 32    | 32    |     |      |      |     |        |         |         |                                               |                                                                                                                                       |
|       bind_storage ram_1p                                                                     |       |       |     |      |      |     |        | auto    | 1       | local_weights_193                             | top_new.cpp:278                                                                                                                       |
|     local_weights_194_U                                                                       | 32    | 32    |     |      |      |     |        |         |         |                                               |                                                                                                                                       |
|       bind_storage ram_1p                                                                     |       |       |     |      |      |     |        | auto    | 1       | local_weights_194                             | top_new.cpp:278                                                                                                                       |
|     local_weights_195_U                                                                       | 32    | 32    |     |      |      |     |        |         |         |                                               |                                                                                                                                       |
|       bind_storage ram_1p                                                                     |       |       |     |      |      |     |        | auto    | 1       | local_weights_195                             | top_new.cpp:278                                                                                                                       |
|     local_weights_196_U                                                                       | 32    | 32    |     |      |      |     |        |         |         |                                               |                                                                                                                                       |
|       bind_storage ram_1p                                                                     |       |       |     |      |      |     |        | auto    | 1       | local_weights_196                             | top_new.cpp:278                                                                                                                       |
|     local_weights_197_U                                                                       | 32    | 32    |     |      |      |     |        |         |         |                                               |                                                                                                                                       |
|       bind_storage ram_1p                                                                     |       |       |     |      |      |     |        | auto    | 1       | local_weights_197                             | top_new.cpp:278                                                                                                                       |
|     local_weights_198_U                                                                       | 32    | 32    |     |      |      |     |        |         |         |                                               |                                                                                                                                       |
|       bind_storage ram_1p                                                                     |       |       |     |      |      |     |        | auto    | 1       | local_weights_198                             | top_new.cpp:278                                                                                                                       |
|     local_weights_199_U                                                                       | 32    | 32    |     |      |      |     |        |         |         |                                               |                                                                                                                                       |
|       bind_storage ram_1p                                                                     |       |       |     |      |      |     |        | auto    | 1       | local_weights_199                             | top_new.cpp:278                                                                                                                       |
|     local_weights_19_U                                                                        | 32    | 32    |     |      |      |     |        |         |         |                                               |                                                                                                                                       |
|       bind_storage ram_1p                                                                     |       |       |     |      |      |     |        | auto    | 1       | local_weights_19                              | top_new.cpp:278                                                                                                                       |
|     local_weights_1_U                                                                         | 32    | 32    |     |      |      |     |        |         |         |                                               |                                                                                                                                       |
|       bind_storage ram_1p                                                                     |       |       |     |      |      |     |        | auto    | 1       | local_weights_1                               | top_new.cpp:278                                                                                                                       |
|     local_weights_200_U                                                                       | 32    | 32    |     |      |      |     |        |         |         |                                               |                                                                                                                                       |
|       bind_storage ram_1p                                                                     |       |       |     |      |      |     |        | auto    | 1       | local_weights_200                             | top_new.cpp:278                                                                                                                       |
|     local_weights_201_U                                                                       | 32    | 32    |     |      |      |     |        |         |         |                                               |                                                                                                                                       |
|       bind_storage ram_1p                                                                     |       |       |     |      |      |     |        | auto    | 1       | local_weights_201                             | top_new.cpp:278                                                                                                                       |
|     local_weights_202_U                                                                       | 32    | 32    |     |      |      |     |        |         |         |                                               |                                                                                                                                       |
|       bind_storage ram_1p                                                                     |       |       |     |      |      |     |        | auto    | 1       | local_weights_202                             | top_new.cpp:278                                                                                                                       |
|     local_weights_203_U                                                                       | 32    | 32    |     |      |      |     |        |         |         |                                               |                                                                                                                                       |
|       bind_storage ram_1p                                                                     |       |       |     |      |      |     |        | auto    | 1       | local_weights_203                             | top_new.cpp:278                                                                                                                       |
|     local_weights_204_U                                                                       | 32    | 32    |     |      |      |     |        |         |         |                                               |                                                                                                                                       |
|       bind_storage ram_1p                                                                     |       |       |     |      |      |     |        | auto    | 1       | local_weights_204                             | top_new.cpp:278                                                                                                                       |
|     local_weights_205_U                                                                       | 32    | 32    |     |      |      |     |        |         |         |                                               |                                                                                                                                       |
|       bind_storage ram_1p                                                                     |       |       |     |      |      |     |        | auto    | 1       | local_weights_205                             | top_new.cpp:278                                                                                                                       |
|     local_weights_206_U                                                                       | 32    | 32    |     |      |      |     |        |         |         |                                               |                                                                                                                                       |
|       bind_storage ram_1p                                                                     |       |       |     |      |      |     |        | auto    | 1       | local_weights_206                             | top_new.cpp:278                                                                                                                       |
|     local_weights_207_U                                                                       | 32    | 32    |     |      |      |     |        |         |         |                                               |                                                                                                                                       |
|       bind_storage ram_1p                                                                     |       |       |     |      |      |     |        | auto    | 1       | local_weights_207                             | top_new.cpp:278                                                                                                                       |
|     local_weights_208_U                                                                       | 32    | 32    |     |      |      |     |        |         |         |                                               |                                                                                                                                       |
|       bind_storage ram_1p                                                                     |       |       |     |      |      |     |        | auto    | 1       | local_weights_208                             | top_new.cpp:278                                                                                                                       |
|     local_weights_209_U                                                                       | 32    | 32    |     |      |      |     |        |         |         |                                               |                                                                                                                                       |
|       bind_storage ram_1p                                                                     |       |       |     |      |      |     |        | auto    | 1       | local_weights_209                             | top_new.cpp:278                                                                                                                       |
|     local_weights_20_U                                                                        | 32    | 32    |     |      |      |     |        |         |         |                                               |                                                                                                                                       |
|       bind_storage ram_1p                                                                     |       |       |     |      |      |     |        | auto    | 1       | local_weights_20                              | top_new.cpp:278                                                                                                                       |
|     local_weights_210_U                                                                       | 32    | 32    |     |      |      |     |        |         |         |                                               |                                                                                                                                       |
|       bind_storage ram_1p                                                                     |       |       |     |      |      |     |        | auto    | 1       | local_weights_210                             | top_new.cpp:278                                                                                                                       |
|     local_weights_211_U                                                                       | 32    | 32    |     |      |      |     |        |         |         |                                               |                                                                                                                                       |
|       bind_storage ram_1p                                                                     |       |       |     |      |      |     |        | auto    | 1       | local_weights_211                             | top_new.cpp:278                                                                                                                       |
|     local_weights_212_U                                                                       | 32    | 32    |     |      |      |     |        |         |         |                                               |                                                                                                                                       |
|       bind_storage ram_1p                                                                     |       |       |     |      |      |     |        | auto    | 1       | local_weights_212                             | top_new.cpp:278                                                                                                                       |
|     local_weights_213_U                                                                       | 32    | 32    |     |      |      |     |        |         |         |                                               |                                                                                                                                       |
|       bind_storage ram_1p                                                                     |       |       |     |      |      |     |        | auto    | 1       | local_weights_213                             | top_new.cpp:278                                                                                                                       |
|     local_weights_214_U                                                                       | 32    | 32    |     |      |      |     |        |         |         |                                               |                                                                                                                                       |
|       bind_storage ram_1p                                                                     |       |       |     |      |      |     |        | auto    | 1       | local_weights_214                             | top_new.cpp:278                                                                                                                       |
|     local_weights_215_U                                                                       | 32    | 32    |     |      |      |     |        |         |         |                                               |                                                                                                                                       |
|       bind_storage ram_1p                                                                     |       |       |     |      |      |     |        | auto    | 1       | local_weights_215                             | top_new.cpp:278                                                                                                                       |
|     local_weights_216_U                                                                       | 32    | 32    |     |      |      |     |        |         |         |                                               |                                                                                                                                       |
|       bind_storage ram_1p                                                                     |       |       |     |      |      |     |        | auto    | 1       | local_weights_216                             | top_new.cpp:278                                                                                                                       |
|     local_weights_217_U                                                                       | 32    | 32    |     |      |      |     |        |         |         |                                               |                                                                                                                                       |
|       bind_storage ram_1p                                                                     |       |       |     |      |      |     |        | auto    | 1       | local_weights_217                             | top_new.cpp:278                                                                                                                       |
|     local_weights_218_U                                                                       | 32    | 32    |     |      |      |     |        |         |         |                                               |                                                                                                                                       |
|       bind_storage ram_1p                                                                     |       |       |     |      |      |     |        | auto    | 1       | local_weights_218                             | top_new.cpp:278                                                                                                                       |
|     local_weights_219_U                                                                       | 32    | 32    |     |      |      |     |        |         |         |                                               |                                                                                                                                       |
|       bind_storage ram_1p                                                                     |       |       |     |      |      |     |        | auto    | 1       | local_weights_219                             | top_new.cpp:278                                                                                                                       |
|     local_weights_21_U                                                                        | 32    | 32    |     |      |      |     |        |         |         |                                               |                                                                                                                                       |
|       bind_storage ram_1p                                                                     |       |       |     |      |      |     |        | auto    | 1       | local_weights_21                              | top_new.cpp:278                                                                                                                       |
|     local_weights_220_U                                                                       | 32    | 32    |     |      |      |     |        |         |         |                                               |                                                                                                                                       |
|       bind_storage ram_1p                                                                     |       |       |     |      |      |     |        | auto    | 1       | local_weights_220                             | top_new.cpp:278                                                                                                                       |
|     local_weights_221_U                                                                       | 32    | 32    |     |      |      |     |        |         |         |                                               |                                                                                                                                       |
|       bind_storage ram_1p                                                                     |       |       |     |      |      |     |        | auto    | 1       | local_weights_221                             | top_new.cpp:278                                                                                                                       |
|     local_weights_222_U                                                                       | 32    | 32    |     |      |      |     |        |         |         |                                               |                                                                                                                                       |
|       bind_storage ram_1p                                                                     |       |       |     |      |      |     |        | auto    | 1       | local_weights_222                             | top_new.cpp:278                                                                                                                       |
|     local_weights_223_U                                                                       | 32    | 32    |     |      |      |     |        |         |         |                                               |                                                                                                                                       |
|       bind_storage ram_1p                                                                     |       |       |     |      |      |     |        | auto    | 1       | local_weights_223                             | top_new.cpp:278                                                                                                                       |
|     local_weights_224_U                                                                       | 32    | 32    |     |      |      |     |        |         |         |                                               |                                                                                                                                       |
|       bind_storage ram_1p                                                                     |       |       |     |      |      |     |        | auto    | 1       | local_weights_224                             | top_new.cpp:278                                                                                                                       |
|     local_weights_225_U                                                                       | 32    | 32    |     |      |      |     |        |         |         |                                               |                                                                                                                                       |
|       bind_storage ram_1p                                                                     |       |       |     |      |      |     |        | auto    | 1       | local_weights_225                             | top_new.cpp:278                                                                                                                       |
|     local_weights_226_U                                                                       | 32    | 32    |     |      |      |     |        |         |         |                                               |                                                                                                                                       |
|       bind_storage ram_1p                                                                     |       |       |     |      |      |     |        | auto    | 1       | local_weights_226                             | top_new.cpp:278                                                                                                                       |
|     local_weights_227_U                                                                       | 32    | 32    |     |      |      |     |        |         |         |                                               |                                                                                                                                       |
|       bind_storage ram_1p                                                                     |       |       |     |      |      |     |        | auto    | 1       | local_weights_227                             | top_new.cpp:278                                                                                                                       |
|     local_weights_228_U                                                                       | 32    | 32    |     |      |      |     |        |         |         |                                               |                                                                                                                                       |
|       bind_storage ram_1p                                                                     |       |       |     |      |      |     |        | auto    | 1       | local_weights_228                             | top_new.cpp:278                                                                                                                       |
|     local_weights_229_U                                                                       | 32    | 32    |     |      |      |     |        |         |         |                                               |                                                                                                                                       |
|       bind_storage ram_1p                                                                     |       |       |     |      |      |     |        | auto    | 1       | local_weights_229                             | top_new.cpp:278                                                                                                                       |
|     local_weights_22_U                                                                        | 32    | 32    |     |      |      |     |        |         |         |                                               |                                                                                                                                       |
|       bind_storage ram_1p                                                                     |       |       |     |      |      |     |        | auto    | 1       | local_weights_22                              | top_new.cpp:278                                                                                                                       |
|     local_weights_230_U                                                                       | 32    | 32    |     |      |      |     |        |         |         |                                               |                                                                                                                                       |
|       bind_storage ram_1p                                                                     |       |       |     |      |      |     |        | auto    | 1       | local_weights_230                             | top_new.cpp:278                                                                                                                       |
|     local_weights_231_U                                                                       | 32    | 32    |     |      |      |     |        |         |         |                                               |                                                                                                                                       |
|       bind_storage ram_1p                                                                     |       |       |     |      |      |     |        | auto    | 1       | local_weights_231                             | top_new.cpp:278                                                                                                                       |
|     local_weights_232_U                                                                       | 32    | 32    |     |      |      |     |        |         |         |                                               |                                                                                                                                       |
|       bind_storage ram_1p                                                                     |       |       |     |      |      |     |        | auto    | 1       | local_weights_232                             | top_new.cpp:278                                                                                                                       |
|     local_weights_233_U                                                                       | 32    | 32    |     |      |      |     |        |         |         |                                               |                                                                                                                                       |
|       bind_storage ram_1p                                                                     |       |       |     |      |      |     |        | auto    | 1       | local_weights_233                             | top_new.cpp:278                                                                                                                       |
|     local_weights_234_U                                                                       | 32    | 32    |     |      |      |     |        |         |         |                                               |                                                                                                                                       |
|       bind_storage ram_1p                                                                     |       |       |     |      |      |     |        | auto    | 1       | local_weights_234                             | top_new.cpp:278                                                                                                                       |
|     local_weights_235_U                                                                       | 32    | 32    |     |      |      |     |        |         |         |                                               |                                                                                                                                       |
|       bind_storage ram_1p                                                                     |       |       |     |      |      |     |        | auto    | 1       | local_weights_235                             | top_new.cpp:278                                                                                                                       |
|     local_weights_236_U                                                                       | 32    | 32    |     |      |      |     |        |         |         |                                               |                                                                                                                                       |
|       bind_storage ram_1p                                                                     |       |       |     |      |      |     |        | auto    | 1       | local_weights_236                             | top_new.cpp:278                                                                                                                       |
|     local_weights_237_U                                                                       | 32    | 32    |     |      |      |     |        |         |         |                                               |                                                                                                                                       |
|       bind_storage ram_1p                                                                     |       |       |     |      |      |     |        | auto    | 1       | local_weights_237                             | top_new.cpp:278                                                                                                                       |
|     local_weights_238_U                                                                       | 32    | 32    |     |      |      |     |        |         |         |                                               |                                                                                                                                       |
|       bind_storage ram_1p                                                                     |       |       |     |      |      |     |        | auto    | 1       | local_weights_238                             | top_new.cpp:278                                                                                                                       |
|     local_weights_239_U                                                                       | 32    | 32    |     |      |      |     |        |         |         |                                               |                                                                                                                                       |
|       bind_storage ram_1p                                                                     |       |       |     |      |      |     |        | auto    | 1       | local_weights_239                             | top_new.cpp:278                                                                                                                       |
|     local_weights_23_U                                                                        | 32    | 32    |     |      |      |     |        |         |         |                                               |                                                                                                                                       |
|       bind_storage ram_1p                                                                     |       |       |     |      |      |     |        | auto    | 1       | local_weights_23                              | top_new.cpp:278                                                                                                                       |
|     local_weights_240_U                                                                       | 32    | 32    |     |      |      |     |        |         |         |                                               |                                                                                                                                       |
|       bind_storage ram_1p                                                                     |       |       |     |      |      |     |        | auto    | 1       | local_weights_240                             | top_new.cpp:278                                                                                                                       |
|     local_weights_241_U                                                                       | 32    | 32    |     |      |      |     |        |         |         |                                               |                                                                                                                                       |
|       bind_storage ram_1p                                                                     |       |       |     |      |      |     |        | auto    | 1       | local_weights_241                             | top_new.cpp:278                                                                                                                       |
|     local_weights_242_U                                                                       | 32    | 32    |     |      |      |     |        |         |         |                                               |                                                                                                                                       |
|       bind_storage ram_1p                                                                     |       |       |     |      |      |     |        | auto    | 1       | local_weights_242                             | top_new.cpp:278                                                                                                                       |
|     local_weights_243_U                                                                       | 32    | 32    |     |      |      |     |        |         |         |                                               |                                                                                                                                       |
|       bind_storage ram_1p                                                                     |       |       |     |      |      |     |        | auto    | 1       | local_weights_243                             | top_new.cpp:278                                                                                                                       |
|     local_weights_244_U                                                                       | 32    | 32    |     |      |      |     |        |         |         |                                               |                                                                                                                                       |
|       bind_storage ram_1p                                                                     |       |       |     |      |      |     |        | auto    | 1       | local_weights_244                             | top_new.cpp:278                                                                                                                       |
|     local_weights_245_U                                                                       | 32    | 32    |     |      |      |     |        |         |         |                                               |                                                                                                                                       |
|       bind_storage ram_1p                                                                     |       |       |     |      |      |     |        | auto    | 1       | local_weights_245                             | top_new.cpp:278                                                                                                                       |
|     local_weights_246_U                                                                       | 32    | 32    |     |      |      |     |        |         |         |                                               |                                                                                                                                       |
|       bind_storage ram_1p                                                                     |       |       |     |      |      |     |        | auto    | 1       | local_weights_246                             | top_new.cpp:278                                                                                                                       |
|     local_weights_247_U                                                                       | 32    | 32    |     |      |      |     |        |         |         |                                               |                                                                                                                                       |
|       bind_storage ram_1p                                                                     |       |       |     |      |      |     |        | auto    | 1       | local_weights_247                             | top_new.cpp:278                                                                                                                       |
|     local_weights_248_U                                                                       | 32    | 32    |     |      |      |     |        |         |         |                                               |                                                                                                                                       |
|       bind_storage ram_1p                                                                     |       |       |     |      |      |     |        | auto    | 1       | local_weights_248                             | top_new.cpp:278                                                                                                                       |
|     local_weights_249_U                                                                       | 32    | 32    |     |      |      |     |        |         |         |                                               |                                                                                                                                       |
|       bind_storage ram_1p                                                                     |       |       |     |      |      |     |        | auto    | 1       | local_weights_249                             | top_new.cpp:278                                                                                                                       |
|     local_weights_24_U                                                                        | 32    | 32    |     |      |      |     |        |         |         |                                               |                                                                                                                                       |
|       bind_storage ram_1p                                                                     |       |       |     |      |      |     |        | auto    | 1       | local_weights_24                              | top_new.cpp:278                                                                                                                       |
|     local_weights_250_U                                                                       | 32    | 32    |     |      |      |     |        |         |         |                                               |                                                                                                                                       |
|       bind_storage ram_1p                                                                     |       |       |     |      |      |     |        | auto    | 1       | local_weights_250                             | top_new.cpp:278                                                                                                                       |
|     local_weights_251_U                                                                       | 32    | 32    |     |      |      |     |        |         |         |                                               |                                                                                                                                       |
|       bind_storage ram_1p                                                                     |       |       |     |      |      |     |        | auto    | 1       | local_weights_251                             | top_new.cpp:278                                                                                                                       |
|     local_weights_252_U                                                                       | 32    | 32    |     |      |      |     |        |         |         |                                               |                                                                                                                                       |
|       bind_storage ram_1p                                                                     |       |       |     |      |      |     |        | auto    | 1       | local_weights_252                             | top_new.cpp:278                                                                                                                       |
|     local_weights_253_U                                                                       | 32    | 32    |     |      |      |     |        |         |         |                                               |                                                                                                                                       |
|       bind_storage ram_1p                                                                     |       |       |     |      |      |     |        | auto    | 1       | local_weights_253                             | top_new.cpp:278                                                                                                                       |
|     local_weights_254_U                                                                       | 32    | 32    |     |      |      |     |        |         |         |                                               |                                                                                                                                       |
|       bind_storage ram_1p                                                                     |       |       |     |      |      |     |        | auto    | 1       | local_weights_254                             | top_new.cpp:278                                                                                                                       |
|     local_weights_255_U                                                                       | 32    | 32    |     |      |      |     |        |         |         |                                               |                                                                                                                                       |
|       bind_storage ram_1p                                                                     |       |       |     |      |      |     |        | auto    | 1       | local_weights_255                             | top_new.cpp:278                                                                                                                       |
|     local_weights_25_U                                                                        | 32    | 32    |     |      |      |     |        |         |         |                                               |                                                                                                                                       |
|       bind_storage ram_1p                                                                     |       |       |     |      |      |     |        | auto    | 1       | local_weights_25                              | top_new.cpp:278                                                                                                                       |
|     local_weights_26_U                                                                        | 32    | 32    |     |      |      |     |        |         |         |                                               |                                                                                                                                       |
|       bind_storage ram_1p                                                                     |       |       |     |      |      |     |        | auto    | 1       | local_weights_26                              | top_new.cpp:278                                                                                                                       |
|     local_weights_27_U                                                                        | 32    | 32    |     |      |      |     |        |         |         |                                               |                                                                                                                                       |
|       bind_storage ram_1p                                                                     |       |       |     |      |      |     |        | auto    | 1       | local_weights_27                              | top_new.cpp:278                                                                                                                       |
|     local_weights_28_U                                                                        | 32    | 32    |     |      |      |     |        |         |         |                                               |                                                                                                                                       |
|       bind_storage ram_1p                                                                     |       |       |     |      |      |     |        | auto    | 1       | local_weights_28                              | top_new.cpp:278                                                                                                                       |
|     local_weights_29_U                                                                        | 32    | 32    |     |      |      |     |        |         |         |                                               |                                                                                                                                       |
|       bind_storage ram_1p                                                                     |       |       |     |      |      |     |        | auto    | 1       | local_weights_29                              | top_new.cpp:278                                                                                                                       |
|     local_weights_2_U                                                                         | 32    | 32    |     |      |      |     |        |         |         |                                               |                                                                                                                                       |
|       bind_storage ram_1p                                                                     |       |       |     |      |      |     |        | auto    | 1       | local_weights_2                               | top_new.cpp:278                                                                                                                       |
|     local_weights_30_U                                                                        | 32    | 32    |     |      |      |     |        |         |         |                                               |                                                                                                                                       |
|       bind_storage ram_1p                                                                     |       |       |     |      |      |     |        | auto    | 1       | local_weights_30                              | top_new.cpp:278                                                                                                                       |
|     local_weights_31_U                                                                        | 32    | 32    |     |      |      |     |        |         |         |                                               |                                                                                                                                       |
|       bind_storage ram_1p                                                                     |       |       |     |      |      |     |        | auto    | 1       | local_weights_31                              | top_new.cpp:278                                                                                                                       |
|     local_weights_32_U                                                                        | 32    | 32    |     |      |      |     |        |         |         |                                               |                                                                                                                                       |
|       bind_storage ram_1p                                                                     |       |       |     |      |      |     |        | auto    | 1       | local_weights_32                              | top_new.cpp:278                                                                                                                       |
|     local_weights_33_U                                                                        | 32    | 32    |     |      |      |     |        |         |         |                                               |                                                                                                                                       |
|       bind_storage ram_1p                                                                     |       |       |     |      |      |     |        | auto    | 1       | local_weights_33                              | top_new.cpp:278                                                                                                                       |
|     local_weights_34_U                                                                        | 32    | 32    |     |      |      |     |        |         |         |                                               |                                                                                                                                       |
|       bind_storage ram_1p                                                                     |       |       |     |      |      |     |        | auto    | 1       | local_weights_34                              | top_new.cpp:278                                                                                                                       |
|     local_weights_35_U                                                                        | 32    | 32    |     |      |      |     |        |         |         |                                               |                                                                                                                                       |
|       bind_storage ram_1p                                                                     |       |       |     |      |      |     |        | auto    | 1       | local_weights_35                              | top_new.cpp:278                                                                                                                       |
|     local_weights_36_U                                                                        | 32    | 32    |     |      |      |     |        |         |         |                                               |                                                                                                                                       |
|       bind_storage ram_1p                                                                     |       |       |     |      |      |     |        | auto    | 1       | local_weights_36                              | top_new.cpp:278                                                                                                                       |
|     local_weights_37_U                                                                        | 32    | 32    |     |      |      |     |        |         |         |                                               |                                                                                                                                       |
|       bind_storage ram_1p                                                                     |       |       |     |      |      |     |        | auto    | 1       | local_weights_37                              | top_new.cpp:278                                                                                                                       |
|     local_weights_38_U                                                                        | 32    | 32    |     |      |      |     |        |         |         |                                               |                                                                                                                                       |
|       bind_storage ram_1p                                                                     |       |       |     |      |      |     |        | auto    | 1       | local_weights_38                              | top_new.cpp:278                                                                                                                       |
|     local_weights_39_U                                                                        | 32    | 32    |     |      |      |     |        |         |         |                                               |                                                                                                                                       |
|       bind_storage ram_1p                                                                     |       |       |     |      |      |     |        | auto    | 1       | local_weights_39                              | top_new.cpp:278                                                                                                                       |
|     local_weights_3_U                                                                         | 32    | 32    |     |      |      |     |        |         |         |                                               |                                                                                                                                       |
|       bind_storage ram_1p                                                                     |       |       |     |      |      |     |        | auto    | 1       | local_weights_3                               | top_new.cpp:278                                                                                                                       |
|     local_weights_40_U                                                                        | 32    | 32    |     |      |      |     |        |         |         |                                               |                                                                                                                                       |
|       bind_storage ram_1p                                                                     |       |       |     |      |      |     |        | auto    | 1       | local_weights_40                              | top_new.cpp:278                                                                                                                       |
|     local_weights_41_U                                                                        | 32    | 32    |     |      |      |     |        |         |         |                                               |                                                                                                                                       |
|       bind_storage ram_1p                                                                     |       |       |     |      |      |     |        | auto    | 1       | local_weights_41                              | top_new.cpp:278                                                                                                                       |
|     local_weights_42_U                                                                        | 32    | 32    |     |      |      |     |        |         |         |                                               |                                                                                                                                       |
|       bind_storage ram_1p                                                                     |       |       |     |      |      |     |        | auto    | 1       | local_weights_42                              | top_new.cpp:278                                                                                                                       |
|     local_weights_43_U                                                                        | 32    | 32    |     |      |      |     |        |         |         |                                               |                                                                                                                                       |
|       bind_storage ram_1p                                                                     |       |       |     |      |      |     |        | auto    | 1       | local_weights_43                              | top_new.cpp:278                                                                                                                       |
|     local_weights_44_U                                                                        | 32    | 32    |     |      |      |     |        |         |         |                                               |                                                                                                                                       |
|       bind_storage ram_1p                                                                     |       |       |     |      |      |     |        | auto    | 1       | local_weights_44                              | top_new.cpp:278                                                                                                                       |
|     local_weights_45_U                                                                        | 32    | 32    |     |      |      |     |        |         |         |                                               |                                                                                                                                       |
|       bind_storage ram_1p                                                                     |       |       |     |      |      |     |        | auto    | 1       | local_weights_45                              | top_new.cpp:278                                                                                                                       |
|     local_weights_46_U                                                                        | 32    | 32    |     |      |      |     |        |         |         |                                               |                                                                                                                                       |
|       bind_storage ram_1p                                                                     |       |       |     |      |      |     |        | auto    | 1       | local_weights_46                              | top_new.cpp:278                                                                                                                       |
|     local_weights_47_U                                                                        | 32    | 32    |     |      |      |     |        |         |         |                                               |                                                                                                                                       |
|       bind_storage ram_1p                                                                     |       |       |     |      |      |     |        | auto    | 1       | local_weights_47                              | top_new.cpp:278                                                                                                                       |
|     local_weights_48_U                                                                        | 32    | 32    |     |      |      |     |        |         |         |                                               |                                                                                                                                       |
|       bind_storage ram_1p                                                                     |       |       |     |      |      |     |        | auto    | 1       | local_weights_48                              | top_new.cpp:278                                                                                                                       |
|     local_weights_49_U                                                                        | 32    | 32    |     |      |      |     |        |         |         |                                               |                                                                                                                                       |
|       bind_storage ram_1p                                                                     |       |       |     |      |      |     |        | auto    | 1       | local_weights_49                              | top_new.cpp:278                                                                                                                       |
|     local_weights_4_U                                                                         | 32    | 32    |     |      |      |     |        |         |         |                                               |                                                                                                                                       |
|       bind_storage ram_1p                                                                     |       |       |     |      |      |     |        | auto    | 1       | local_weights_4                               | top_new.cpp:278                                                                                                                       |
|     local_weights_50_U                                                                        | 32    | 32    |     |      |      |     |        |         |         |                                               |                                                                                                                                       |
|       bind_storage ram_1p                                                                     |       |       |     |      |      |     |        | auto    | 1       | local_weights_50                              | top_new.cpp:278                                                                                                                       |
|     local_weights_51_U                                                                        | 32    | 32    |     |      |      |     |        |         |         |                                               |                                                                                                                                       |
|       bind_storage ram_1p                                                                     |       |       |     |      |      |     |        | auto    | 1       | local_weights_51                              | top_new.cpp:278                                                                                                                       |
|     local_weights_52_U                                                                        | 32    | 32    |     |      |      |     |        |         |         |                                               |                                                                                                                                       |
|       bind_storage ram_1p                                                                     |       |       |     |      |      |     |        | auto    | 1       | local_weights_52                              | top_new.cpp:278                                                                                                                       |
|     local_weights_53_U                                                                        | 32    | 32    |     |      |      |     |        |         |         |                                               |                                                                                                                                       |
|       bind_storage ram_1p                                                                     |       |       |     |      |      |     |        | auto    | 1       | local_weights_53                              | top_new.cpp:278                                                                                                                       |
|     local_weights_54_U                                                                        | 32    | 32    |     |      |      |     |        |         |         |                                               |                                                                                                                                       |
|       bind_storage ram_1p                                                                     |       |       |     |      |      |     |        | auto    | 1       | local_weights_54                              | top_new.cpp:278                                                                                                                       |
|     local_weights_55_U                                                                        | 32    | 32    |     |      |      |     |        |         |         |                                               |                                                                                                                                       |
|       bind_storage ram_1p                                                                     |       |       |     |      |      |     |        | auto    | 1       | local_weights_55                              | top_new.cpp:278                                                                                                                       |
|     local_weights_56_U                                                                        | 32    | 32    |     |      |      |     |        |         |         |                                               |                                                                                                                                       |
|       bind_storage ram_1p                                                                     |       |       |     |      |      |     |        | auto    | 1       | local_weights_56                              | top_new.cpp:278                                                                                                                       |
|     local_weights_57_U                                                                        | 32    | 32    |     |      |      |     |        |         |         |                                               |                                                                                                                                       |
|       bind_storage ram_1p                                                                     |       |       |     |      |      |     |        | auto    | 1       | local_weights_57                              | top_new.cpp:278                                                                                                                       |
|     local_weights_58_U                                                                        | 32    | 32    |     |      |      |     |        |         |         |                                               |                                                                                                                                       |
|       bind_storage ram_1p                                                                     |       |       |     |      |      |     |        | auto    | 1       | local_weights_58                              | top_new.cpp:278                                                                                                                       |
|     local_weights_59_U                                                                        | 32    | 32    |     |      |      |     |        |         |         |                                               |                                                                                                                                       |
|       bind_storage ram_1p                                                                     |       |       |     |      |      |     |        | auto    | 1       | local_weights_59                              | top_new.cpp:278                                                                                                                       |
|     local_weights_5_U                                                                         | 32    | 32    |     |      |      |     |        |         |         |                                               |                                                                                                                                       |
|       bind_storage ram_1p                                                                     |       |       |     |      |      |     |        | auto    | 1       | local_weights_5                               | top_new.cpp:278                                                                                                                       |
|     local_weights_60_U                                                                        | 32    | 32    |     |      |      |     |        |         |         |                                               |                                                                                                                                       |
|       bind_storage ram_1p                                                                     |       |       |     |      |      |     |        | auto    | 1       | local_weights_60                              | top_new.cpp:278                                                                                                                       |
|     local_weights_61_U                                                                        | 32    | 32    |     |      |      |     |        |         |         |                                               |                                                                                                                                       |
|       bind_storage ram_1p                                                                     |       |       |     |      |      |     |        | auto    | 1       | local_weights_61                              | top_new.cpp:278                                                                                                                       |
|     local_weights_62_U                                                                        | 32    | 32    |     |      |      |     |        |         |         |                                               |                                                                                                                                       |
|       bind_storage ram_1p                                                                     |       |       |     |      |      |     |        | auto    | 1       | local_weights_62                              | top_new.cpp:278                                                                                                                       |
|     local_weights_63_U                                                                        | 32    | 32    |     |      |      |     |        |         |         |                                               |                                                                                                                                       |
|       bind_storage ram_1p                                                                     |       |       |     |      |      |     |        | auto    | 1       | local_weights_63                              | top_new.cpp:278                                                                                                                       |
|     local_weights_64_U                                                                        | 32    | 32    |     |      |      |     |        |         |         |                                               |                                                                                                                                       |
|       bind_storage ram_1p                                                                     |       |       |     |      |      |     |        | auto    | 1       | local_weights_64                              | top_new.cpp:278                                                                                                                       |
|     local_weights_65_U                                                                        | 32    | 32    |     |      |      |     |        |         |         |                                               |                                                                                                                                       |
|       bind_storage ram_1p                                                                     |       |       |     |      |      |     |        | auto    | 1       | local_weights_65                              | top_new.cpp:278                                                                                                                       |
|     local_weights_66_U                                                                        | 32    | 32    |     |      |      |     |        |         |         |                                               |                                                                                                                                       |
|       bind_storage ram_1p                                                                     |       |       |     |      |      |     |        | auto    | 1       | local_weights_66                              | top_new.cpp:278                                                                                                                       |
|     local_weights_67_U                                                                        | 32    | 32    |     |      |      |     |        |         |         |                                               |                                                                                                                                       |
|       bind_storage ram_1p                                                                     |       |       |     |      |      |     |        | auto    | 1       | local_weights_67                              | top_new.cpp:278                                                                                                                       |
|     local_weights_68_U                                                                        | 32    | 32    |     |      |      |     |        |         |         |                                               |                                                                                                                                       |
|       bind_storage ram_1p                                                                     |       |       |     |      |      |     |        | auto    | 1       | local_weights_68                              | top_new.cpp:278                                                                                                                       |
|     local_weights_69_U                                                                        | 32    | 32    |     |      |      |     |        |         |         |                                               |                                                                                                                                       |
|       bind_storage ram_1p                                                                     |       |       |     |      |      |     |        | auto    | 1       | local_weights_69                              | top_new.cpp:278                                                                                                                       |
|     local_weights_6_U                                                                         | 32    | 32    |     |      |      |     |        |         |         |                                               |                                                                                                                                       |
|       bind_storage ram_1p                                                                     |       |       |     |      |      |     |        | auto    | 1       | local_weights_6                               | top_new.cpp:278                                                                                                                       |
|     local_weights_70_U                                                                        | 32    | 32    |     |      |      |     |        |         |         |                                               |                                                                                                                                       |
|       bind_storage ram_1p                                                                     |       |       |     |      |      |     |        | auto    | 1       | local_weights_70                              | top_new.cpp:278                                                                                                                       |
|     local_weights_71_U                                                                        | 32    | 32    |     |      |      |     |        |         |         |                                               |                                                                                                                                       |
|       bind_storage ram_1p                                                                     |       |       |     |      |      |     |        | auto    | 1       | local_weights_71                              | top_new.cpp:278                                                                                                                       |
|     local_weights_72_U                                                                        | 32    | 32    |     |      |      |     |        |         |         |                                               |                                                                                                                                       |
|       bind_storage ram_1p                                                                     |       |       |     |      |      |     |        | auto    | 1       | local_weights_72                              | top_new.cpp:278                                                                                                                       |
|     local_weights_73_U                                                                        | 32    | 32    |     |      |      |     |        |         |         |                                               |                                                                                                                                       |
|       bind_storage ram_1p                                                                     |       |       |     |      |      |     |        | auto    | 1       | local_weights_73                              | top_new.cpp:278                                                                                                                       |
|     local_weights_74_U                                                                        | 32    | 32    |     |      |      |     |        |         |         |                                               |                                                                                                                                       |
|       bind_storage ram_1p                                                                     |       |       |     |      |      |     |        | auto    | 1       | local_weights_74                              | top_new.cpp:278                                                                                                                       |
|     local_weights_75_U                                                                        | 32    | 32    |     |      |      |     |        |         |         |                                               |                                                                                                                                       |
|       bind_storage ram_1p                                                                     |       |       |     |      |      |     |        | auto    | 1       | local_weights_75                              | top_new.cpp:278                                                                                                                       |
|     local_weights_76_U                                                                        | 32    | 32    |     |      |      |     |        |         |         |                                               |                                                                                                                                       |
|       bind_storage ram_1p                                                                     |       |       |     |      |      |     |        | auto    | 1       | local_weights_76                              | top_new.cpp:278                                                                                                                       |
|     local_weights_77_U                                                                        | 32    | 32    |     |      |      |     |        |         |         |                                               |                                                                                                                                       |
|       bind_storage ram_1p                                                                     |       |       |     |      |      |     |        | auto    | 1       | local_weights_77                              | top_new.cpp:278                                                                                                                       |
|     local_weights_78_U                                                                        | 32    | 32    |     |      |      |     |        |         |         |                                               |                                                                                                                                       |
|       bind_storage ram_1p                                                                     |       |       |     |      |      |     |        | auto    | 1       | local_weights_78                              | top_new.cpp:278                                                                                                                       |
|     local_weights_79_U                                                                        | 32    | 32    |     |      |      |     |        |         |         |                                               |                                                                                                                                       |
|       bind_storage ram_1p                                                                     |       |       |     |      |      |     |        | auto    | 1       | local_weights_79                              | top_new.cpp:278                                                                                                                       |
|     local_weights_7_U                                                                         | 32    | 32    |     |      |      |     |        |         |         |                                               |                                                                                                                                       |
|       bind_storage ram_1p                                                                     |       |       |     |      |      |     |        | auto    | 1       | local_weights_7                               | top_new.cpp:278                                                                                                                       |
|     local_weights_80_U                                                                        | 32    | 32    |     |      |      |     |        |         |         |                                               |                                                                                                                                       |
|       bind_storage ram_1p                                                                     |       |       |     |      |      |     |        | auto    | 1       | local_weights_80                              | top_new.cpp:278                                                                                                                       |
|     local_weights_81_U                                                                        | 32    | 32    |     |      |      |     |        |         |         |                                               |                                                                                                                                       |
|       bind_storage ram_1p                                                                     |       |       |     |      |      |     |        | auto    | 1       | local_weights_81                              | top_new.cpp:278                                                                                                                       |
|     local_weights_82_U                                                                        | 32    | 32    |     |      |      |     |        |         |         |                                               |                                                                                                                                       |
|       bind_storage ram_1p                                                                     |       |       |     |      |      |     |        | auto    | 1       | local_weights_82                              | top_new.cpp:278                                                                                                                       |
|     local_weights_83_U                                                                        | 32    | 32    |     |      |      |     |        |         |         |                                               |                                                                                                                                       |
|       bind_storage ram_1p                                                                     |       |       |     |      |      |     |        | auto    | 1       | local_weights_83                              | top_new.cpp:278                                                                                                                       |
|     local_weights_84_U                                                                        | 32    | 32    |     |      |      |     |        |         |         |                                               |                                                                                                                                       |
|       bind_storage ram_1p                                                                     |       |       |     |      |      |     |        | auto    | 1       | local_weights_84                              | top_new.cpp:278                                                                                                                       |
|     local_weights_85_U                                                                        | 32    | 32    |     |      |      |     |        |         |         |                                               |                                                                                                                                       |
|       bind_storage ram_1p                                                                     |       |       |     |      |      |     |        | auto    | 1       | local_weights_85                              | top_new.cpp:278                                                                                                                       |
|     local_weights_86_U                                                                        | 32    | 32    |     |      |      |     |        |         |         |                                               |                                                                                                                                       |
|       bind_storage ram_1p                                                                     |       |       |     |      |      |     |        | auto    | 1       | local_weights_86                              | top_new.cpp:278                                                                                                                       |
|     local_weights_87_U                                                                        | 32    | 32    |     |      |      |     |        |         |         |                                               |                                                                                                                                       |
|       bind_storage ram_1p                                                                     |       |       |     |      |      |     |        | auto    | 1       | local_weights_87                              | top_new.cpp:278                                                                                                                       |
|     local_weights_88_U                                                                        | 32    | 32    |     |      |      |     |        |         |         |                                               |                                                                                                                                       |
|       bind_storage ram_1p                                                                     |       |       |     |      |      |     |        | auto    | 1       | local_weights_88                              | top_new.cpp:278                                                                                                                       |
|     local_weights_89_U                                                                        | 32    | 32    |     |      |      |     |        |         |         |                                               |                                                                                                                                       |
|       bind_storage ram_1p                                                                     |       |       |     |      |      |     |        | auto    | 1       | local_weights_89                              | top_new.cpp:278                                                                                                                       |
|     local_weights_8_U                                                                         | 32    | 32    |     |      |      |     |        |         |         |                                               |                                                                                                                                       |
|       bind_storage ram_1p                                                                     |       |       |     |      |      |     |        | auto    | 1       | local_weights_8                               | top_new.cpp:278                                                                                                                       |
|     local_weights_90_U                                                                        | 32    | 32    |     |      |      |     |        |         |         |                                               |                                                                                                                                       |
|       bind_storage ram_1p                                                                     |       |       |     |      |      |     |        | auto    | 1       | local_weights_90                              | top_new.cpp:278                                                                                                                       |
|     local_weights_91_U                                                                        | 32    | 32    |     |      |      |     |        |         |         |                                               |                                                                                                                                       |
|       bind_storage ram_1p                                                                     |       |       |     |      |      |     |        | auto    | 1       | local_weights_91                              | top_new.cpp:278                                                                                                                       |
|     local_weights_92_U                                                                        | 32    | 32    |     |      |      |     |        |         |         |                                               |                                                                                                                                       |
|       bind_storage ram_1p                                                                     |       |       |     |      |      |     |        | auto    | 1       | local_weights_92                              | top_new.cpp:278                                                                                                                       |
|     local_weights_93_U                                                                        | 32    | 32    |     |      |      |     |        |         |         |                                               |                                                                                                                                       |
|       bind_storage ram_1p                                                                     |       |       |     |      |      |     |        | auto    | 1       | local_weights_93                              | top_new.cpp:278                                                                                                                       |
|     local_weights_94_U                                                                        | 32    | 32    |     |      |      |     |        |         |         |                                               |                                                                                                                                       |
|       bind_storage ram_1p                                                                     |       |       |     |      |      |     |        | auto    | 1       | local_weights_94                              | top_new.cpp:278                                                                                                                       |
|     local_weights_95_U                                                                        | 32    | 32    |     |      |      |     |        |         |         |                                               |                                                                                                                                       |
|       bind_storage ram_1p                                                                     |       |       |     |      |      |     |        | auto    | 1       | local_weights_95                              | top_new.cpp:278                                                                                                                       |
|     local_weights_96_U                                                                        | 32    | 32    |     |      |      |     |        |         |         |                                               |                                                                                                                                       |
|       bind_storage ram_1p                                                                     |       |       |     |      |      |     |        | auto    | 1       | local_weights_96                              | top_new.cpp:278                                                                                                                       |
|     local_weights_97_U                                                                        | 32    | 32    |     |      |      |     |        |         |         |                                               |                                                                                                                                       |
|       bind_storage ram_1p                                                                     |       |       |     |      |      |     |        | auto    | 1       | local_weights_97                              | top_new.cpp:278                                                                                                                       |
|     local_weights_98_U                                                                        | 32    | 32    |     |      |      |     |        |         |         |                                               |                                                                                                                                       |
|       bind_storage ram_1p                                                                     |       |       |     |      |      |     |        | auto    | 1       | local_weights_98                              | top_new.cpp:278                                                                                                                       |
|     local_weights_99_U                                                                        | 32    | 32    |     |      |      |     |        |         |         |                                               |                                                                                                                                       |
|       bind_storage ram_1p                                                                     |       |       |     |      |      |     |        | auto    | 1       | local_weights_99                              | top_new.cpp:278                                                                                                                       |
|     local_weights_9_U                                                                         | 32    | 32    |     |      |      |     |        |         |         |                                               |                                                                                                                                       |
|       bind_storage ram_1p                                                                     |       |       |     |      |      |     |        | auto    | 1       | local_weights_9                               | top_new.cpp:278                                                                                                                       |
|     local_weights_U                                                                           | 32    | 32    |     |      |      |     |        |         |         |                                               |                                                                                                                                       |
|       bind_storage ram_1p                                                                     |       |       |     |      |      |     |        | auto    | 1       | local_weights                                 | top_new.cpp:278                                                                                                                       |
|   grp_conv2d_vector_fu_7630                                                                   | 1693  | 1774  |     |      |      |     |        |         |         |                                               |                                                                                                                                       |
|     (grp_conv2d_vector_fu_7630)                                                               | 849   | 1089  |     |      |      |     |        |         |         |                                               |                                                                                                                                       |
|     fcmp_32ns_32ns_1_1_no_dsp_1_U1075                                                         | 26    |       |     |      |      |     |        |         |         |                                               |                                                                                                                                       |
|     grp_conv2d_vector_Pipeline_VITIS_LOOP_57_5_VITIS_LOOP_59_6_fu_250                         | 818   | 685   |     |      |      |     |        |         |         |                                               |                                                                                                                                       |
|       (grp_conv2d_vector_Pipeline_VITIS_LOOP_57_5_VITIS_LOOP_59_6_fu_250)                     | 653   | 683   |     |      |      |     |        |         |         |                                               |                                                                                                                                       |
|       flow_control_loop_pipe_sequential_init_U                                                | 166   | 2     |     |      |      |     |        |         |         |                                               |                                                                                                                                       |
|   grp_fully_connected_fu_8219                                                                 | 18454 | 1025  |     | 240  |      |     |        |         |         |                                               |                                                                                                                                       |
|     (grp_fully_connected_fu_8219)                                                             | 199   | 399   |     |      |      |     |        |         |         |                                               |                                                                                                                                       |
|     grp_fully_connected_Pipeline_VITIS_LOOP_446_1_VITIS_LOOP_448_2_fu_738                     | 17602 | 40    |     |      |      |     |        |         |         |                                               |                                                                                                                                       |
|       (grp_fully_connected_Pipeline_VITIS_LOOP_446_1_VITIS_LOOP_448_2_fu_738)                 | 148   | 38    |     |      |      |     |        |         |         |                                               |                                                                                                                                       |
|       flow_control_loop_pipe_sequential_init_U                                                | 46    | 2     |     |      |      |     |        |         |         |                                               |                                                                                                                                       |
|       mux_256_8_32_1_1_U1649                                                                  | 2176  |       |     |      |      |     |        |         |         |                                               |                                                                                                                                       |
|       mux_256_8_32_1_1_U1650                                                                  | 2176  |       |     |      |      |     |        |         |         |                                               |                                                                                                                                       |
|       mux_256_8_32_1_1_U1651                                                                  | 2176  |       |     |      |      |     |        |         |         |                                               |                                                                                                                                       |
|       mux_256_8_32_1_1_U1652                                                                  | 2176  |       |     |      |      |     |        |         |         |                                               |                                                                                                                                       |
|       mux_256_8_32_1_1_U1653                                                                  | 2176  |       |     |      |      |     |        |         |         |                                               |                                                                                                                                       |
|       mux_256_8_32_1_1_U1654                                                                  | 2176  |       |     |      |      |     |        |         |         |                                               |                                                                                                                                       |
|       mux_256_8_32_1_1_U1655                                                                  | 2176  |       |     |      |      |     |        |         |         |                                               |                                                                                                                                       |
|       mux_256_8_32_1_1_U1656                                                                  | 2176  |       |     |      |      |     |        |         |         |                                               |                                                                                                                                       |
|     grp_fully_connected_Pipeline_VITIS_LOOP_467_5_fu_1286                                     | 653   | 586   |     |      |      |     |        |         |         |                                               |                                                                                                                                       |
|       (grp_fully_connected_Pipeline_VITIS_LOOP_467_5_fu_1286)                                 | 610   | 584   |     |      |      |     |        |         |         |                                               |                                                                                                                                       |
|       flow_control_loop_pipe_sequential_init_U                                                | 43    | 2     |     |      |      |     |        |         |         |                                               |                                                                                                                                       |
|     input_local_10_U                                                                          |       |       |     | 15   |      |     |        |         |         |                                               |                                                                                                                                       |
|       bind_storage ram_1p                                                                     |       |       |     |      |      |     |        | auto    | 1       | input_local_10                                | top_new.cpp:441                                                                                                                       |
|     input_local_11_U                                                                          |       |       |     | 15   |      |     |        |         |         |                                               |                                                                                                                                       |
|       bind_storage ram_1p                                                                     |       |       |     |      |      |     |        | auto    | 1       | input_local_11                                | top_new.cpp:441                                                                                                                       |
|     input_local_12_U                                                                          |       |       |     | 15   |      |     |        |         |         |                                               |                                                                                                                                       |
|       bind_storage ram_1p                                                                     |       |       |     |      |      |     |        | auto    | 1       | input_local_12                                | top_new.cpp:441                                                                                                                       |
|     input_local_13_U                                                                          |       |       |     | 15   |      |     |        |         |         |                                               |                                                                                                                                       |
|       bind_storage ram_1p                                                                     |       |       |     |      |      |     |        | auto    | 1       | input_local_13                                | top_new.cpp:441                                                                                                                       |
|     input_local_14_U                                                                          |       |       |     | 15   |      |     |        |         |         |                                               |                                                                                                                                       |
|       bind_storage ram_1p                                                                     |       |       |     |      |      |     |        | auto    | 1       | input_local_14                                | top_new.cpp:441                                                                                                                       |
|     input_local_15_U                                                                          |       |       |     | 15   |      |     |        |         |         |                                               |                                                                                                                                       |
|       bind_storage ram_1p                                                                     |       |       |     |      |      |     |        | auto    | 1       | input_local_15                                | top_new.cpp:441                                                                                                                       |
|     input_local_1_U                                                                           |       |       |     | 15   |      |     |        |         |         |                                               |                                                                                                                                       |
|       bind_storage ram_1p                                                                     |       |       |     |      |      |     |        | auto    | 1       | input_local_1                                 | top_new.cpp:441                                                                                                                       |
|     input_local_2_U                                                                           |       |       |     | 15   |      |     |        |         |         |                                               |                                                                                                                                       |
|       bind_storage ram_1p                                                                     |       |       |     |      |      |     |        | auto    | 1       | input_local_2                                 | top_new.cpp:441                                                                                                                       |
|     input_local_3_U                                                                           |       |       |     | 15   |      |     |        |         |         |                                               |                                                                                                                                       |
|       bind_storage ram_1p                                                                     |       |       |     |      |      |     |        | auto    | 1       | input_local_3                                 | top_new.cpp:441                                                                                                                       |
|     input_local_4_U                                                                           |       |       |     | 15   |      |     |        |         |         |                                               |                                                                                                                                       |
|       bind_storage ram_1p                                                                     |       |       |     |      |      |     |        | auto    | 1       | input_local_4                                 | top_new.cpp:441                                                                                                                       |
|     input_local_5_U                                                                           |       |       |     | 15   |      |     |        |         |         |                                               |                                                                                                                                       |
|       bind_storage ram_1p                                                                     |       |       |     |      |      |     |        | auto    | 1       | input_local_5                                 | top_new.cpp:441                                                                                                                       |
|     input_local_6_U                                                                           |       |       |     | 15   |      |     |        |         |         |                                               |                                                                                                                                       |
|       bind_storage ram_1p                                                                     |       |       |     |      |      |     |        | auto    | 1       | input_local_6                                 | top_new.cpp:441                                                                                                                       |
|     input_local_7_U                                                                           |       |       |     | 15   |      |     |        |         |         |                                               |                                                                                                                                       |
|       bind_storage ram_1p                                                                     |       |       |     |      |      |     |        | auto    | 1       | input_local_7                                 | top_new.cpp:441                                                                                                                       |
|     input_local_8_U                                                                           |       |       |     | 15   |      |     |        |         |         |                                               |                                                                                                                                       |
|       bind_storage ram_1p                                                                     |       |       |     |      |      |     |        | auto    | 1       | input_local_8                                 | top_new.cpp:441                                                                                                                       |
|     input_local_9_U                                                                           |       |       |     | 15   |      |     |        |         |         |                                               |                                                                                                                                       |
|       bind_storage ram_1p                                                                     |       |       |     |      |      |     |        | auto    | 1       | input_local_9                                 | top_new.cpp:441                                                                                                                       |
|     input_local_U                                                                             |       |       |     | 15   |      |     |        |         |         |                                               |                                                                                                                                       |
|       bind_storage ram_1p                                                                     |       |       |     |      |      |     |        | auto    | 1       | input_local                                   | top_new.cpp:441                                                                                                                       |
|   local_weights_ds_1000_U                                                                     |       |       |     | 1    |      |     |        |         |         |                                               |                                                                                                                                       |
|     bind_storage ram_1p                                                                       |       |       |     |      |      |     |        | auto    | 1       | local_weights_ds_1000                         | top_new.cpp:164                                                                                                                       |
|   local_weights_ds_1001_U                                                                     |       |       |     | 1    |      |     |        |         |         |                                               |                                                                                                                                       |
|     bind_storage ram_1p                                                                       |       |       |     |      |      |     |        | auto    | 1       | local_weights_ds_1001                         | top_new.cpp:164                                                                                                                       |
|   local_weights_ds_1002_U                                                                     | 32    |       |     | 1    |      |     |        |         |         |                                               |                                                                                                                                       |
|     bind_storage ram_1p                                                                       |       |       |     |      |      |     |        | auto    | 1       | local_weights_ds_1002                         | top_new.cpp:164                                                                                                                       |
|   local_weights_ds_1003_U                                                                     |       |       |     | 1    |      |     |        |         |         |                                               |                                                                                                                                       |
|     bind_storage ram_1p                                                                       |       |       |     |      |      |     |        | auto    | 1       | local_weights_ds_1003                         | top_new.cpp:164                                                                                                                       |
|   local_weights_ds_1004_U                                                                     |       |       |     | 1    |      |     |        |         |         |                                               |                                                                                                                                       |
|     bind_storage ram_1p                                                                       |       |       |     |      |      |     |        | auto    | 1       | local_weights_ds_1004                         | top_new.cpp:164                                                                                                                       |
|   local_weights_ds_1005_U                                                                     |       |       |     | 1    |      |     |        |         |         |                                               |                                                                                                                                       |
|     bind_storage ram_1p                                                                       |       |       |     |      |      |     |        | auto    | 1       | local_weights_ds_1005                         | top_new.cpp:164                                                                                                                       |
|   local_weights_ds_1006_U                                                                     | 32    |       |     | 1    |      |     |        |         |         |                                               |                                                                                                                                       |
|     bind_storage ram_1p                                                                       |       |       |     |      |      |     |        | auto    | 1       | local_weights_ds_1006                         | top_new.cpp:164                                                                                                                       |
|   local_weights_ds_1007_U                                                                     |       |       |     | 1    |      |     |        |         |         |                                               |                                                                                                                                       |
|     bind_storage ram_1p                                                                       |       |       |     |      |      |     |        | auto    | 1       | local_weights_ds_1007                         | top_new.cpp:164                                                                                                                       |
|   local_weights_ds_1008_U                                                                     |       |       |     | 1    |      |     |        |         |         |                                               |                                                                                                                                       |
|     bind_storage ram_1p                                                                       |       |       |     |      |      |     |        | auto    | 1       | local_weights_ds_1008                         | top_new.cpp:164                                                                                                                       |
|   local_weights_ds_1009_U                                                                     |       |       |     | 1    |      |     |        |         |         |                                               |                                                                                                                                       |
|     bind_storage ram_1p                                                                       |       |       |     |      |      |     |        | auto    | 1       | local_weights_ds_1009                         | top_new.cpp:164                                                                                                                       |
|   local_weights_ds_1010_U                                                                     | 64    |       |     | 1    |      |     |        |         |         |                                               |                                                                                                                                       |
|     bind_storage ram_1p                                                                       |       |       |     |      |      |     |        | auto    | 1       | local_weights_ds_1010                         | top_new.cpp:164                                                                                                                       |
|   local_weights_ds_1011_U                                                                     |       |       |     | 1    |      |     |        |         |         |                                               |                                                                                                                                       |
|     bind_storage ram_1p                                                                       |       |       |     |      |      |     |        | auto    | 1       | local_weights_ds_1011                         | top_new.cpp:164                                                                                                                       |
|   local_weights_ds_1012_U                                                                     |       |       |     | 1    |      |     |        |         |         |                                               |                                                                                                                                       |
|     bind_storage ram_1p                                                                       |       |       |     |      |      |     |        | auto    | 1       | local_weights_ds_1012                         | top_new.cpp:164                                                                                                                       |
|   local_weights_ds_1013_U                                                                     |       |       |     | 1    |      |     |        |         |         |                                               |                                                                                                                                       |
|     bind_storage ram_1p                                                                       |       |       |     |      |      |     |        | auto    | 1       | local_weights_ds_1013                         | top_new.cpp:164                                                                                                                       |
|   local_weights_ds_1014_U                                                                     | 32    |       |     | 1    |      |     |        |         |         |                                               |                                                                                                                                       |
|     bind_storage ram_1p                                                                       |       |       |     |      |      |     |        | auto    | 1       | local_weights_ds_1014                         | top_new.cpp:164                                                                                                                       |
|   local_weights_ds_1015_U                                                                     |       |       |     | 1    |      |     |        |         |         |                                               |                                                                                                                                       |
|     bind_storage ram_1p                                                                       |       |       |     |      |      |     |        | auto    | 1       | local_weights_ds_1015                         | top_new.cpp:164                                                                                                                       |
|   local_weights_ds_1016_U                                                                     |       |       |     | 1    |      |     |        |         |         |                                               |                                                                                                                                       |
|     bind_storage ram_1p                                                                       |       |       |     |      |      |     |        | auto    | 1       | local_weights_ds_1016                         | top_new.cpp:164                                                                                                                       |
|   local_weights_ds_1017_U                                                                     |       |       |     | 1    |      |     |        |         |         |                                               |                                                                                                                                       |
|     bind_storage ram_1p                                                                       |       |       |     |      |      |     |        | auto    | 1       | local_weights_ds_1017                         | top_new.cpp:164                                                                                                                       |
|   local_weights_ds_1018_U                                                                     | 32    |       |     | 1    |      |     |        |         |         |                                               |                                                                                                                                       |
|     bind_storage ram_1p                                                                       |       |       |     |      |      |     |        | auto    | 1       | local_weights_ds_1018                         | top_new.cpp:164                                                                                                                       |
|   local_weights_ds_1019_U                                                                     |       |       |     | 1    |      |     |        |         |         |                                               |                                                                                                                                       |
|     bind_storage ram_1p                                                                       |       |       |     |      |      |     |        | auto    | 1       | local_weights_ds_1019                         | top_new.cpp:164                                                                                                                       |
|   local_weights_ds_1020_U                                                                     |       |       |     | 1    |      |     |        |         |         |                                               |                                                                                                                                       |
|     bind_storage ram_1p                                                                       |       |       |     |      |      |     |        | auto    | 1       | local_weights_ds_1020                         | top_new.cpp:164                                                                                                                       |
|   local_weights_ds_1021_U                                                                     |       |       |     | 1    |      |     |        |         |         |                                               |                                                                                                                                       |
|     bind_storage ram_1p                                                                       |       |       |     |      |      |     |        | auto    | 1       | local_weights_ds_1021                         | top_new.cpp:164                                                                                                                       |
|   local_weights_ds_1022_U                                                                     | 32    |       |     | 1    |      |     |        |         |         |                                               |                                                                                                                                       |
|     bind_storage ram_1p                                                                       |       |       |     |      |      |     |        | auto    | 1       | local_weights_ds_1022                         | top_new.cpp:164                                                                                                                       |
|   local_weights_ds_512_U                                                                      |       |       |     | 1    |      |     |        |         |         |                                               |                                                                                                                                       |
|     bind_storage ram_1p                                                                       |       |       |     |      |      |     |        | auto    | 1       | local_weights_ds_512                          | top_new.cpp:164                                                                                                                       |
|   local_weights_ds_513_U                                                                      |       |       |     | 1    |      |     |        |         |         |                                               |                                                                                                                                       |
|     bind_storage ram_1p                                                                       |       |       |     |      |      |     |        | auto    | 1       | local_weights_ds_513                          | top_new.cpp:164                                                                                                                       |
|   local_weights_ds_514_U                                                                      | 32    |       |     | 1    |      |     |        |         |         |                                               |                                                                                                                                       |
|     bind_storage ram_1p                                                                       |       |       |     |      |      |     |        | auto    | 1       | local_weights_ds_514                          | top_new.cpp:164                                                                                                                       |
|   local_weights_ds_515_U                                                                      |       |       |     | 1    |      |     |        |         |         |                                               |                                                                                                                                       |
|     bind_storage ram_1p                                                                       |       |       |     |      |      |     |        | auto    | 1       | local_weights_ds_515                          | top_new.cpp:164                                                                                                                       |
|   local_weights_ds_516_U                                                                      |       |       |     | 1    |      |     |        |         |         |                                               |                                                                                                                                       |
|     bind_storage ram_1p                                                                       |       |       |     |      |      |     |        | auto    | 1       | local_weights_ds_516                          | top_new.cpp:164                                                                                                                       |
|   local_weights_ds_517_U                                                                      |       |       |     | 1    |      |     |        |         |         |                                               |                                                                                                                                       |
|     bind_storage ram_1p                                                                       |       |       |     |      |      |     |        | auto    | 1       | local_weights_ds_517                          | top_new.cpp:164                                                                                                                       |
|   local_weights_ds_518_U                                                                      | 32    |       |     | 1    |      |     |        |         |         |                                               |                                                                                                                                       |
|     bind_storage ram_1p                                                                       |       |       |     |      |      |     |        | auto    | 1       | local_weights_ds_518                          | top_new.cpp:164                                                                                                                       |
|   local_weights_ds_519_U                                                                      |       |       |     | 1    |      |     |        |         |         |                                               |                                                                                                                                       |
|     bind_storage ram_1p                                                                       |       |       |     |      |      |     |        | auto    | 1       | local_weights_ds_519                          | top_new.cpp:164                                                                                                                       |
|   local_weights_ds_520_U                                                                      |       |       |     | 1    |      |     |        |         |         |                                               |                                                                                                                                       |
|     bind_storage ram_1p                                                                       |       |       |     |      |      |     |        | auto    | 1       | local_weights_ds_520                          | top_new.cpp:164                                                                                                                       |
|   local_weights_ds_521_U                                                                      |       |       |     | 1    |      |     |        |         |         |                                               |                                                                                                                                       |
|     bind_storage ram_1p                                                                       |       |       |     |      |      |     |        | auto    | 1       | local_weights_ds_521                          | top_new.cpp:164                                                                                                                       |
|   local_weights_ds_522_U                                                                      | 32    |       |     | 1    |      |     |        |         |         |                                               |                                                                                                                                       |
|     bind_storage ram_1p                                                                       |       |       |     |      |      |     |        | auto    | 1       | local_weights_ds_522                          | top_new.cpp:164                                                                                                                       |
|   local_weights_ds_523_U                                                                      |       |       |     | 1    |      |     |        |         |         |                                               |                                                                                                                                       |
|     bind_storage ram_1p                                                                       |       |       |     |      |      |     |        | auto    | 1       | local_weights_ds_523                          | top_new.cpp:164                                                                                                                       |
|   local_weights_ds_524_U                                                                      |       |       |     | 1    |      |     |        |         |         |                                               |                                                                                                                                       |
|     bind_storage ram_1p                                                                       |       |       |     |      |      |     |        | auto    | 1       | local_weights_ds_524                          | top_new.cpp:164                                                                                                                       |
|   local_weights_ds_525_U                                                                      |       |       |     | 1    |      |     |        |         |         |                                               |                                                                                                                                       |
|     bind_storage ram_1p                                                                       |       |       |     |      |      |     |        | auto    | 1       | local_weights_ds_525                          | top_new.cpp:164                                                                                                                       |
|   local_weights_ds_526_U                                                                      | 32    |       |     | 1    |      |     |        |         |         |                                               |                                                                                                                                       |
|     bind_storage ram_1p                                                                       |       |       |     |      |      |     |        | auto    | 1       | local_weights_ds_526                          | top_new.cpp:164                                                                                                                       |
|   local_weights_ds_527_U                                                                      |       |       |     | 1    |      |     |        |         |         |                                               |                                                                                                                                       |
|     bind_storage ram_1p                                                                       |       |       |     |      |      |     |        | auto    | 1       | local_weights_ds_527                          | top_new.cpp:164                                                                                                                       |
|   local_weights_ds_528_U                                                                      |       |       |     | 1    |      |     |        |         |         |                                               |                                                                                                                                       |
|     bind_storage ram_1p                                                                       |       |       |     |      |      |     |        | auto    | 1       | local_weights_ds_528                          | top_new.cpp:164                                                                                                                       |
|   local_weights_ds_529_U                                                                      |       |       |     | 1    |      |     |        |         |         |                                               |                                                                                                                                       |
|     bind_storage ram_1p                                                                       |       |       |     |      |      |     |        | auto    | 1       | local_weights_ds_529                          | top_new.cpp:164                                                                                                                       |
|   local_weights_ds_530_U                                                                      | 32    |       |     | 1    |      |     |        |         |         |                                               |                                                                                                                                       |
|     bind_storage ram_1p                                                                       |       |       |     |      |      |     |        | auto    | 1       | local_weights_ds_530                          | top_new.cpp:164                                                                                                                       |
|   local_weights_ds_531_U                                                                      |       |       |     | 1    |      |     |        |         |         |                                               |                                                                                                                                       |
|     bind_storage ram_1p                                                                       |       |       |     |      |      |     |        | auto    | 1       | local_weights_ds_531                          | top_new.cpp:164                                                                                                                       |
|   local_weights_ds_532_U                                                                      |       |       |     | 1    |      |     |        |         |         |                                               |                                                                                                                                       |
|     bind_storage ram_1p                                                                       |       |       |     |      |      |     |        | auto    | 1       | local_weights_ds_532                          | top_new.cpp:164                                                                                                                       |
|   local_weights_ds_533_U                                                                      |       |       |     | 1    |      |     |        |         |         |                                               |                                                                                                                                       |
|     bind_storage ram_1p                                                                       |       |       |     |      |      |     |        | auto    | 1       | local_weights_ds_533                          | top_new.cpp:164                                                                                                                       |
|   local_weights_ds_534_U                                                                      | 32    |       |     | 1    |      |     |        |         |         |                                               |                                                                                                                                       |
|     bind_storage ram_1p                                                                       |       |       |     |      |      |     |        | auto    | 1       | local_weights_ds_534                          | top_new.cpp:164                                                                                                                       |
|   local_weights_ds_535_U                                                                      |       |       |     | 1    |      |     |        |         |         |                                               |                                                                                                                                       |
|     bind_storage ram_1p                                                                       |       |       |     |      |      |     |        | auto    | 1       | local_weights_ds_535                          | top_new.cpp:164                                                                                                                       |
|   local_weights_ds_536_U                                                                      |       |       |     | 1    |      |     |        |         |         |                                               |                                                                                                                                       |
|     bind_storage ram_1p                                                                       |       |       |     |      |      |     |        | auto    | 1       | local_weights_ds_536                          | top_new.cpp:164                                                                                                                       |
|   local_weights_ds_537_U                                                                      |       |       |     | 1    |      |     |        |         |         |                                               |                                                                                                                                       |
|     bind_storage ram_1p                                                                       |       |       |     |      |      |     |        | auto    | 1       | local_weights_ds_537                          | top_new.cpp:164                                                                                                                       |
|   local_weights_ds_538_U                                                                      | 32    |       |     | 1    |      |     |        |         |         |                                               |                                                                                                                                       |
|     bind_storage ram_1p                                                                       |       |       |     |      |      |     |        | auto    | 1       | local_weights_ds_538                          | top_new.cpp:164                                                                                                                       |
|   local_weights_ds_539_U                                                                      |       |       |     | 1    |      |     |        |         |         |                                               |                                                                                                                                       |
|     bind_storage ram_1p                                                                       |       |       |     |      |      |     |        | auto    | 1       | local_weights_ds_539                          | top_new.cpp:164                                                                                                                       |
|   local_weights_ds_540_U                                                                      |       |       |     | 1    |      |     |        |         |         |                                               |                                                                                                                                       |
|     bind_storage ram_1p                                                                       |       |       |     |      |      |     |        | auto    | 1       | local_weights_ds_540                          | top_new.cpp:164                                                                                                                       |
|   local_weights_ds_541_U                                                                      |       |       |     | 1    |      |     |        |         |         |                                               |                                                                                                                                       |
|     bind_storage ram_1p                                                                       |       |       |     |      |      |     |        | auto    | 1       | local_weights_ds_541                          | top_new.cpp:164                                                                                                                       |
|   local_weights_ds_542_U                                                                      | 32    |       |     | 1    |      |     |        |         |         |                                               |                                                                                                                                       |
|     bind_storage ram_1p                                                                       |       |       |     |      |      |     |        | auto    | 1       | local_weights_ds_542                          | top_new.cpp:164                                                                                                                       |
|   local_weights_ds_543_U                                                                      |       |       |     | 1    |      |     |        |         |         |                                               |                                                                                                                                       |
|     bind_storage ram_1p                                                                       |       |       |     |      |      |     |        | auto    | 1       | local_weights_ds_543                          | top_new.cpp:164                                                                                                                       |
|   local_weights_ds_544_U                                                                      |       |       |     | 1    |      |     |        |         |         |                                               |                                                                                                                                       |
|     bind_storage ram_1p                                                                       |       |       |     |      |      |     |        | auto    | 1       | local_weights_ds_544                          | top_new.cpp:164                                                                                                                       |
|   local_weights_ds_545_U                                                                      |       |       |     | 1    |      |     |        |         |         |                                               |                                                                                                                                       |
|     bind_storage ram_1p                                                                       |       |       |     |      |      |     |        | auto    | 1       | local_weights_ds_545                          | top_new.cpp:164                                                                                                                       |
|   local_weights_ds_546_U                                                                      | 32    |       |     | 1    |      |     |        |         |         |                                               |                                                                                                                                       |
|     bind_storage ram_1p                                                                       |       |       |     |      |      |     |        | auto    | 1       | local_weights_ds_546                          | top_new.cpp:164                                                                                                                       |
|   local_weights_ds_547_U                                                                      |       |       |     | 1    |      |     |        |         |         |                                               |                                                                                                                                       |
|     bind_storage ram_1p                                                                       |       |       |     |      |      |     |        | auto    | 1       | local_weights_ds_547                          | top_new.cpp:164                                                                                                                       |
|   local_weights_ds_548_U                                                                      |       |       |     | 1    |      |     |        |         |         |                                               |                                                                                                                                       |
|     bind_storage ram_1p                                                                       |       |       |     |      |      |     |        | auto    | 1       | local_weights_ds_548                          | top_new.cpp:164                                                                                                                       |
|   local_weights_ds_549_U                                                                      |       |       |     | 1    |      |     |        |         |         |                                               |                                                                                                                                       |
|     bind_storage ram_1p                                                                       |       |       |     |      |      |     |        | auto    | 1       | local_weights_ds_549                          | top_new.cpp:164                                                                                                                       |
|   local_weights_ds_550_U                                                                      | 32    |       |     | 1    |      |     |        |         |         |                                               |                                                                                                                                       |
|     bind_storage ram_1p                                                                       |       |       |     |      |      |     |        | auto    | 1       | local_weights_ds_550                          | top_new.cpp:164                                                                                                                       |
|   local_weights_ds_551_U                                                                      |       |       |     | 1    |      |     |        |         |         |                                               |                                                                                                                                       |
|     bind_storage ram_1p                                                                       |       |       |     |      |      |     |        | auto    | 1       | local_weights_ds_551                          | top_new.cpp:164                                                                                                                       |
|   local_weights_ds_552_U                                                                      |       |       |     | 1    |      |     |        |         |         |                                               |                                                                                                                                       |
|     bind_storage ram_1p                                                                       |       |       |     |      |      |     |        | auto    | 1       | local_weights_ds_552                          | top_new.cpp:164                                                                                                                       |
|   local_weights_ds_553_U                                                                      |       |       |     | 1    |      |     |        |         |         |                                               |                                                                                                                                       |
|     bind_storage ram_1p                                                                       |       |       |     |      |      |     |        | auto    | 1       | local_weights_ds_553                          | top_new.cpp:164                                                                                                                       |
|   local_weights_ds_554_U                                                                      | 32    |       |     | 1    |      |     |        |         |         |                                               |                                                                                                                                       |
|     bind_storage ram_1p                                                                       |       |       |     |      |      |     |        | auto    | 1       | local_weights_ds_554                          | top_new.cpp:164                                                                                                                       |
|   local_weights_ds_555_U                                                                      |       |       |     | 1    |      |     |        |         |         |                                               |                                                                                                                                       |
|     bind_storage ram_1p                                                                       |       |       |     |      |      |     |        | auto    | 1       | local_weights_ds_555                          | top_new.cpp:164                                                                                                                       |
|   local_weights_ds_556_U                                                                      |       |       |     | 1    |      |     |        |         |         |                                               |                                                                                                                                       |
|     bind_storage ram_1p                                                                       |       |       |     |      |      |     |        | auto    | 1       | local_weights_ds_556                          | top_new.cpp:164                                                                                                                       |
|   local_weights_ds_557_U                                                                      |       |       |     | 1    |      |     |        |         |         |                                               |                                                                                                                                       |
|     bind_storage ram_1p                                                                       |       |       |     |      |      |     |        | auto    | 1       | local_weights_ds_557                          | top_new.cpp:164                                                                                                                       |
|   local_weights_ds_558_U                                                                      | 32    |       |     | 1    |      |     |        |         |         |                                               |                                                                                                                                       |
|     bind_storage ram_1p                                                                       |       |       |     |      |      |     |        | auto    | 1       | local_weights_ds_558                          | top_new.cpp:164                                                                                                                       |
|   local_weights_ds_559_U                                                                      |       |       |     | 1    |      |     |        |         |         |                                               |                                                                                                                                       |
|     bind_storage ram_1p                                                                       |       |       |     |      |      |     |        | auto    | 1       | local_weights_ds_559                          | top_new.cpp:164                                                                                                                       |
|   local_weights_ds_560_U                                                                      |       |       |     | 1    |      |     |        |         |         |                                               |                                                                                                                                       |
|     bind_storage ram_1p                                                                       |       |       |     |      |      |     |        | auto    | 1       | local_weights_ds_560                          | top_new.cpp:164                                                                                                                       |
|   local_weights_ds_561_U                                                                      |       |       |     | 1    |      |     |        |         |         |                                               |                                                                                                                                       |
|     bind_storage ram_1p                                                                       |       |       |     |      |      |     |        | auto    | 1       | local_weights_ds_561                          | top_new.cpp:164                                                                                                                       |
|   local_weights_ds_562_U                                                                      | 64    |       |     | 1    |      |     |        |         |         |                                               |                                                                                                                                       |
|     bind_storage ram_1p                                                                       |       |       |     |      |      |     |        | auto    | 1       | local_weights_ds_562                          | top_new.cpp:164                                                                                                                       |
|   local_weights_ds_563_U                                                                      |       |       |     | 1    |      |     |        |         |         |                                               |                                                                                                                                       |
|     bind_storage ram_1p                                                                       |       |       |     |      |      |     |        | auto    | 1       | local_weights_ds_563                          | top_new.cpp:164                                                                                                                       |
|   local_weights_ds_564_U                                                                      |       |       |     | 1    |      |     |        |         |         |                                               |                                                                                                                                       |
|     bind_storage ram_1p                                                                       |       |       |     |      |      |     |        | auto    | 1       | local_weights_ds_564                          | top_new.cpp:164                                                                                                                       |
|   local_weights_ds_565_U                                                                      |       |       |     | 1    |      |     |        |         |         |                                               |                                                                                                                                       |
|     bind_storage ram_1p                                                                       |       |       |     |      |      |     |        | auto    | 1       | local_weights_ds_565                          | top_new.cpp:164                                                                                                                       |
|   local_weights_ds_566_U                                                                      | 32    |       |     | 1    |      |     |        |         |         |                                               |                                                                                                                                       |
|     bind_storage ram_1p                                                                       |       |       |     |      |      |     |        | auto    | 1       | local_weights_ds_566                          | top_new.cpp:164                                                                                                                       |
|   local_weights_ds_567_U                                                                      |       |       |     | 1    |      |     |        |         |         |                                               |                                                                                                                                       |
|     bind_storage ram_1p                                                                       |       |       |     |      |      |     |        | auto    | 1       | local_weights_ds_567                          | top_new.cpp:164                                                                                                                       |
|   local_weights_ds_568_U                                                                      |       |       |     | 1    |      |     |        |         |         |                                               |                                                                                                                                       |
|     bind_storage ram_1p                                                                       |       |       |     |      |      |     |        | auto    | 1       | local_weights_ds_568                          | top_new.cpp:164                                                                                                                       |
|   local_weights_ds_569_U                                                                      |       |       |     | 1    |      |     |        |         |         |                                               |                                                                                                                                       |
|     bind_storage ram_1p                                                                       |       |       |     |      |      |     |        | auto    | 1       | local_weights_ds_569                          | top_new.cpp:164                                                                                                                       |
|   local_weights_ds_570_U                                                                      | 32    |       |     | 1    |      |     |        |         |         |                                               |                                                                                                                                       |
|     bind_storage ram_1p                                                                       |       |       |     |      |      |     |        | auto    | 1       | local_weights_ds_570                          | top_new.cpp:164                                                                                                                       |
|   local_weights_ds_571_U                                                                      |       |       |     | 1    |      |     |        |         |         |                                               |                                                                                                                                       |
|     bind_storage ram_1p                                                                       |       |       |     |      |      |     |        | auto    | 1       | local_weights_ds_571                          | top_new.cpp:164                                                                                                                       |
|   local_weights_ds_572_U                                                                      |       |       |     | 1    |      |     |        |         |         |                                               |                                                                                                                                       |
|     bind_storage ram_1p                                                                       |       |       |     |      |      |     |        | auto    | 1       | local_weights_ds_572                          | top_new.cpp:164                                                                                                                       |
|   local_weights_ds_573_U                                                                      |       |       |     | 1    |      |     |        |         |         |                                               |                                                                                                                                       |
|     bind_storage ram_1p                                                                       |       |       |     |      |      |     |        | auto    | 1       | local_weights_ds_573                          | top_new.cpp:164                                                                                                                       |
|   local_weights_ds_574_U                                                                      | 32    |       |     | 1    |      |     |        |         |         |                                               |                                                                                                                                       |
|     bind_storage ram_1p                                                                       |       |       |     |      |      |     |        | auto    | 1       | local_weights_ds_574                          | top_new.cpp:164                                                                                                                       |
|   local_weights_ds_575_U                                                                      |       |       |     | 1    |      |     |        |         |         |                                               |                                                                                                                                       |
|     bind_storage ram_1p                                                                       |       |       |     |      |      |     |        | auto    | 1       | local_weights_ds_575                          | top_new.cpp:164                                                                                                                       |
|   local_weights_ds_576_U                                                                      |       |       |     | 1    |      |     |        |         |         |                                               |                                                                                                                                       |
|     bind_storage ram_1p                                                                       |       |       |     |      |      |     |        | auto    | 1       | local_weights_ds_576                          | top_new.cpp:164                                                                                                                       |
|   local_weights_ds_577_U                                                                      |       |       |     | 1    |      |     |        |         |         |                                               |                                                                                                                                       |
|     bind_storage ram_1p                                                                       |       |       |     |      |      |     |        | auto    | 1       | local_weights_ds_577                          | top_new.cpp:164                                                                                                                       |
|   local_weights_ds_578_U                                                                      | 32    |       |     | 1    |      |     |        |         |         |                                               |                                                                                                                                       |
|     bind_storage ram_1p                                                                       |       |       |     |      |      |     |        | auto    | 1       | local_weights_ds_578                          | top_new.cpp:164                                                                                                                       |
|   local_weights_ds_579_U                                                                      |       |       |     | 1    |      |     |        |         |         |                                               |                                                                                                                                       |
|     bind_storage ram_1p                                                                       |       |       |     |      |      |     |        | auto    | 1       | local_weights_ds_579                          | top_new.cpp:164                                                                                                                       |
|   local_weights_ds_580_U                                                                      |       |       |     | 1    |      |     |        |         |         |                                               |                                                                                                                                       |
|     bind_storage ram_1p                                                                       |       |       |     |      |      |     |        | auto    | 1       | local_weights_ds_580                          | top_new.cpp:164                                                                                                                       |
|   local_weights_ds_581_U                                                                      |       |       |     | 1    |      |     |        |         |         |                                               |                                                                                                                                       |
|     bind_storage ram_1p                                                                       |       |       |     |      |      |     |        | auto    | 1       | local_weights_ds_581                          | top_new.cpp:164                                                                                                                       |
|   local_weights_ds_582_U                                                                      | 32    |       |     | 1    |      |     |        |         |         |                                               |                                                                                                                                       |
|     bind_storage ram_1p                                                                       |       |       |     |      |      |     |        | auto    | 1       | local_weights_ds_582                          | top_new.cpp:164                                                                                                                       |
|   local_weights_ds_583_U                                                                      |       |       |     | 1    |      |     |        |         |         |                                               |                                                                                                                                       |
|     bind_storage ram_1p                                                                       |       |       |     |      |      |     |        | auto    | 1       | local_weights_ds_583                          | top_new.cpp:164                                                                                                                       |
|   local_weights_ds_584_U                                                                      |       |       |     | 1    |      |     |        |         |         |                                               |                                                                                                                                       |
|     bind_storage ram_1p                                                                       |       |       |     |      |      |     |        | auto    | 1       | local_weights_ds_584                          | top_new.cpp:164                                                                                                                       |
|   local_weights_ds_585_U                                                                      |       |       |     | 1    |      |     |        |         |         |                                               |                                                                                                                                       |
|     bind_storage ram_1p                                                                       |       |       |     |      |      |     |        | auto    | 1       | local_weights_ds_585                          | top_new.cpp:164                                                                                                                       |
|   local_weights_ds_586_U                                                                      | 32    |       |     | 1    |      |     |        |         |         |                                               |                                                                                                                                       |
|     bind_storage ram_1p                                                                       |       |       |     |      |      |     |        | auto    | 1       | local_weights_ds_586                          | top_new.cpp:164                                                                                                                       |
|   local_weights_ds_587_U                                                                      |       |       |     | 1    |      |     |        |         |         |                                               |                                                                                                                                       |
|     bind_storage ram_1p                                                                       |       |       |     |      |      |     |        | auto    | 1       | local_weights_ds_587                          | top_new.cpp:164                                                                                                                       |
|   local_weights_ds_588_U                                                                      |       |       |     | 1    |      |     |        |         |         |                                               |                                                                                                                                       |
|     bind_storage ram_1p                                                                       |       |       |     |      |      |     |        | auto    | 1       | local_weights_ds_588                          | top_new.cpp:164                                                                                                                       |
|   local_weights_ds_589_U                                                                      |       |       |     | 1    |      |     |        |         |         |                                               |                                                                                                                                       |
|     bind_storage ram_1p                                                                       |       |       |     |      |      |     |        | auto    | 1       | local_weights_ds_589                          | top_new.cpp:164                                                                                                                       |
|   local_weights_ds_590_U                                                                      | 32    |       |     | 1    |      |     |        |         |         |                                               |                                                                                                                                       |
|     bind_storage ram_1p                                                                       |       |       |     |      |      |     |        | auto    | 1       | local_weights_ds_590                          | top_new.cpp:164                                                                                                                       |
|   local_weights_ds_591_U                                                                      |       |       |     | 1    |      |     |        |         |         |                                               |                                                                                                                                       |
|     bind_storage ram_1p                                                                       |       |       |     |      |      |     |        | auto    | 1       | local_weights_ds_591                          | top_new.cpp:164                                                                                                                       |
|   local_weights_ds_592_U                                                                      |       |       |     | 1    |      |     |        |         |         |                                               |                                                                                                                                       |
|     bind_storage ram_1p                                                                       |       |       |     |      |      |     |        | auto    | 1       | local_weights_ds_592                          | top_new.cpp:164                                                                                                                       |
|   local_weights_ds_593_U                                                                      |       |       |     | 1    |      |     |        |         |         |                                               |                                                                                                                                       |
|     bind_storage ram_1p                                                                       |       |       |     |      |      |     |        | auto    | 1       | local_weights_ds_593                          | top_new.cpp:164                                                                                                                       |
|   local_weights_ds_594_U                                                                      | 32    |       |     | 1    |      |     |        |         |         |                                               |                                                                                                                                       |
|     bind_storage ram_1p                                                                       |       |       |     |      |      |     |        | auto    | 1       | local_weights_ds_594                          | top_new.cpp:164                                                                                                                       |
|   local_weights_ds_595_U                                                                      |       |       |     | 1    |      |     |        |         |         |                                               |                                                                                                                                       |
|     bind_storage ram_1p                                                                       |       |       |     |      |      |     |        | auto    | 1       | local_weights_ds_595                          | top_new.cpp:164                                                                                                                       |
|   local_weights_ds_596_U                                                                      |       |       |     | 1    |      |     |        |         |         |                                               |                                                                                                                                       |
|     bind_storage ram_1p                                                                       |       |       |     |      |      |     |        | auto    | 1       | local_weights_ds_596                          | top_new.cpp:164                                                                                                                       |
|   local_weights_ds_597_U                                                                      |       |       |     | 1    |      |     |        |         |         |                                               |                                                                                                                                       |
|     bind_storage ram_1p                                                                       |       |       |     |      |      |     |        | auto    | 1       | local_weights_ds_597                          | top_new.cpp:164                                                                                                                       |
|   local_weights_ds_598_U                                                                      | 32    |       |     | 1    |      |     |        |         |         |                                               |                                                                                                                                       |
|     bind_storage ram_1p                                                                       |       |       |     |      |      |     |        | auto    | 1       | local_weights_ds_598                          | top_new.cpp:164                                                                                                                       |
|   local_weights_ds_599_U                                                                      |       |       |     | 1    |      |     |        |         |         |                                               |                                                                                                                                       |
|     bind_storage ram_1p                                                                       |       |       |     |      |      |     |        | auto    | 1       | local_weights_ds_599                          | top_new.cpp:164                                                                                                                       |
|   local_weights_ds_600_U                                                                      |       |       |     | 1    |      |     |        |         |         |                                               |                                                                                                                                       |
|     bind_storage ram_1p                                                                       |       |       |     |      |      |     |        | auto    | 1       | local_weights_ds_600                          | top_new.cpp:164                                                                                                                       |
|   local_weights_ds_601_U                                                                      |       |       |     | 1    |      |     |        |         |         |                                               |                                                                                                                                       |
|     bind_storage ram_1p                                                                       |       |       |     |      |      |     |        | auto    | 1       | local_weights_ds_601                          | top_new.cpp:164                                                                                                                       |
|   local_weights_ds_602_U                                                                      | 32    |       |     | 1    |      |     |        |         |         |                                               |                                                                                                                                       |
|     bind_storage ram_1p                                                                       |       |       |     |      |      |     |        | auto    | 1       | local_weights_ds_602                          | top_new.cpp:164                                                                                                                       |
|   local_weights_ds_603_U                                                                      |       |       |     | 1    |      |     |        |         |         |                                               |                                                                                                                                       |
|     bind_storage ram_1p                                                                       |       |       |     |      |      |     |        | auto    | 1       | local_weights_ds_603                          | top_new.cpp:164                                                                                                                       |
|   local_weights_ds_604_U                                                                      |       |       |     | 1    |      |     |        |         |         |                                               |                                                                                                                                       |
|     bind_storage ram_1p                                                                       |       |       |     |      |      |     |        | auto    | 1       | local_weights_ds_604                          | top_new.cpp:164                                                                                                                       |
|   local_weights_ds_605_U                                                                      |       |       |     | 1    |      |     |        |         |         |                                               |                                                                                                                                       |
|     bind_storage ram_1p                                                                       |       |       |     |      |      |     |        | auto    | 1       | local_weights_ds_605                          | top_new.cpp:164                                                                                                                       |
|   local_weights_ds_606_U                                                                      | 32    |       |     | 1    |      |     |        |         |         |                                               |                                                                                                                                       |
|     bind_storage ram_1p                                                                       |       |       |     |      |      |     |        | auto    | 1       | local_weights_ds_606                          | top_new.cpp:164                                                                                                                       |
|   local_weights_ds_607_U                                                                      |       |       |     | 1    |      |     |        |         |         |                                               |                                                                                                                                       |
|     bind_storage ram_1p                                                                       |       |       |     |      |      |     |        | auto    | 1       | local_weights_ds_607                          | top_new.cpp:164                                                                                                                       |
|   local_weights_ds_608_U                                                                      |       |       |     | 1    |      |     |        |         |         |                                               |                                                                                                                                       |
|     bind_storage ram_1p                                                                       |       |       |     |      |      |     |        | auto    | 1       | local_weights_ds_608                          | top_new.cpp:164                                                                                                                       |
|   local_weights_ds_609_U                                                                      |       |       |     | 1    |      |     |        |         |         |                                               |                                                                                                                                       |
|     bind_storage ram_1p                                                                       |       |       |     |      |      |     |        | auto    | 1       | local_weights_ds_609                          | top_new.cpp:164                                                                                                                       |
|   local_weights_ds_610_U                                                                      | 32    |       |     | 1    |      |     |        |         |         |                                               |                                                                                                                                       |
|     bind_storage ram_1p                                                                       |       |       |     |      |      |     |        | auto    | 1       | local_weights_ds_610                          | top_new.cpp:164                                                                                                                       |
|   local_weights_ds_611_U                                                                      |       |       |     | 1    |      |     |        |         |         |                                               |                                                                                                                                       |
|     bind_storage ram_1p                                                                       |       |       |     |      |      |     |        | auto    | 1       | local_weights_ds_611                          | top_new.cpp:164                                                                                                                       |
|   local_weights_ds_612_U                                                                      |       |       |     | 1    |      |     |        |         |         |                                               |                                                                                                                                       |
|     bind_storage ram_1p                                                                       |       |       |     |      |      |     |        | auto    | 1       | local_weights_ds_612                          | top_new.cpp:164                                                                                                                       |
|   local_weights_ds_613_U                                                                      |       |       |     | 1    |      |     |        |         |         |                                               |                                                                                                                                       |
|     bind_storage ram_1p                                                                       |       |       |     |      |      |     |        | auto    | 1       | local_weights_ds_613                          | top_new.cpp:164                                                                                                                       |
|   local_weights_ds_614_U                                                                      | 32    |       |     | 1    |      |     |        |         |         |                                               |                                                                                                                                       |
|     bind_storage ram_1p                                                                       |       |       |     |      |      |     |        | auto    | 1       | local_weights_ds_614                          | top_new.cpp:164                                                                                                                       |
|   local_weights_ds_615_U                                                                      |       |       |     | 1    |      |     |        |         |         |                                               |                                                                                                                                       |
|     bind_storage ram_1p                                                                       |       |       |     |      |      |     |        | auto    | 1       | local_weights_ds_615                          | top_new.cpp:164                                                                                                                       |
|   local_weights_ds_616_U                                                                      |       |       |     | 1    |      |     |        |         |         |                                               |                                                                                                                                       |
|     bind_storage ram_1p                                                                       |       |       |     |      |      |     |        | auto    | 1       | local_weights_ds_616                          | top_new.cpp:164                                                                                                                       |
|   local_weights_ds_617_U                                                                      |       |       |     | 1    |      |     |        |         |         |                                               |                                                                                                                                       |
|     bind_storage ram_1p                                                                       |       |       |     |      |      |     |        | auto    | 1       | local_weights_ds_617                          | top_new.cpp:164                                                                                                                       |
|   local_weights_ds_618_U                                                                      | 32    |       |     | 1    |      |     |        |         |         |                                               |                                                                                                                                       |
|     bind_storage ram_1p                                                                       |       |       |     |      |      |     |        | auto    | 1       | local_weights_ds_618                          | top_new.cpp:164                                                                                                                       |
|   local_weights_ds_619_U                                                                      |       |       |     | 1    |      |     |        |         |         |                                               |                                                                                                                                       |
|     bind_storage ram_1p                                                                       |       |       |     |      |      |     |        | auto    | 1       | local_weights_ds_619                          | top_new.cpp:164                                                                                                                       |
|   local_weights_ds_620_U                                                                      |       |       |     | 1    |      |     |        |         |         |                                               |                                                                                                                                       |
|     bind_storage ram_1p                                                                       |       |       |     |      |      |     |        | auto    | 1       | local_weights_ds_620                          | top_new.cpp:164                                                                                                                       |
|   local_weights_ds_621_U                                                                      |       |       |     | 1    |      |     |        |         |         |                                               |                                                                                                                                       |
|     bind_storage ram_1p                                                                       |       |       |     |      |      |     |        | auto    | 1       | local_weights_ds_621                          | top_new.cpp:164                                                                                                                       |
|   local_weights_ds_622_U                                                                      | 32    |       |     | 1    |      |     |        |         |         |                                               |                                                                                                                                       |
|     bind_storage ram_1p                                                                       |       |       |     |      |      |     |        | auto    | 1       | local_weights_ds_622                          | top_new.cpp:164                                                                                                                       |
|   local_weights_ds_623_U                                                                      |       |       |     | 1    |      |     |        |         |         |                                               |                                                                                                                                       |
|     bind_storage ram_1p                                                                       |       |       |     |      |      |     |        | auto    | 1       | local_weights_ds_623                          | top_new.cpp:164                                                                                                                       |
|   local_weights_ds_624_U                                                                      |       |       |     | 1    |      |     |        |         |         |                                               |                                                                                                                                       |
|     bind_storage ram_1p                                                                       |       |       |     |      |      |     |        | auto    | 1       | local_weights_ds_624                          | top_new.cpp:164                                                                                                                       |
|   local_weights_ds_625_U                                                                      |       |       |     | 1    |      |     |        |         |         |                                               |                                                                                                                                       |
|     bind_storage ram_1p                                                                       |       |       |     |      |      |     |        | auto    | 1       | local_weights_ds_625                          | top_new.cpp:164                                                                                                                       |
|   local_weights_ds_626_U                                                                      | 64    |       |     | 1    |      |     |        |         |         |                                               |                                                                                                                                       |
|     bind_storage ram_1p                                                                       |       |       |     |      |      |     |        | auto    | 1       | local_weights_ds_626                          | top_new.cpp:164                                                                                                                       |
|   local_weights_ds_627_U                                                                      |       |       |     | 1    |      |     |        |         |         |                                               |                                                                                                                                       |
|     bind_storage ram_1p                                                                       |       |       |     |      |      |     |        | auto    | 1       | local_weights_ds_627                          | top_new.cpp:164                                                                                                                       |
|   local_weights_ds_628_U                                                                      |       |       |     | 1    |      |     |        |         |         |                                               |                                                                                                                                       |
|     bind_storage ram_1p                                                                       |       |       |     |      |      |     |        | auto    | 1       | local_weights_ds_628                          | top_new.cpp:164                                                                                                                       |
|   local_weights_ds_629_U                                                                      |       |       |     | 1    |      |     |        |         |         |                                               |                                                                                                                                       |
|     bind_storage ram_1p                                                                       |       |       |     |      |      |     |        | auto    | 1       | local_weights_ds_629                          | top_new.cpp:164                                                                                                                       |
|   local_weights_ds_630_U                                                                      | 32    |       |     | 1    |      |     |        |         |         |                                               |                                                                                                                                       |
|     bind_storage ram_1p                                                                       |       |       |     |      |      |     |        | auto    | 1       | local_weights_ds_630                          | top_new.cpp:164                                                                                                                       |
|   local_weights_ds_631_U                                                                      |       |       |     | 1    |      |     |        |         |         |                                               |                                                                                                                                       |
|     bind_storage ram_1p                                                                       |       |       |     |      |      |     |        | auto    | 1       | local_weights_ds_631                          | top_new.cpp:164                                                                                                                       |
|   local_weights_ds_632_U                                                                      |       |       |     | 1    |      |     |        |         |         |                                               |                                                                                                                                       |
|     bind_storage ram_1p                                                                       |       |       |     |      |      |     |        | auto    | 1       | local_weights_ds_632                          | top_new.cpp:164                                                                                                                       |
|   local_weights_ds_633_U                                                                      |       |       |     | 1    |      |     |        |         |         |                                               |                                                                                                                                       |
|     bind_storage ram_1p                                                                       |       |       |     |      |      |     |        | auto    | 1       | local_weights_ds_633                          | top_new.cpp:164                                                                                                                       |
|   local_weights_ds_634_U                                                                      | 32    |       |     | 1    |      |     |        |         |         |                                               |                                                                                                                                       |
|     bind_storage ram_1p                                                                       |       |       |     |      |      |     |        | auto    | 1       | local_weights_ds_634                          | top_new.cpp:164                                                                                                                       |
|   local_weights_ds_635_U                                                                      |       |       |     | 1    |      |     |        |         |         |                                               |                                                                                                                                       |
|     bind_storage ram_1p                                                                       |       |       |     |      |      |     |        | auto    | 1       | local_weights_ds_635                          | top_new.cpp:164                                                                                                                       |
|   local_weights_ds_636_U                                                                      |       |       |     | 1    |      |     |        |         |         |                                               |                                                                                                                                       |
|     bind_storage ram_1p                                                                       |       |       |     |      |      |     |        | auto    | 1       | local_weights_ds_636                          | top_new.cpp:164                                                                                                                       |
|   local_weights_ds_637_U                                                                      |       |       |     | 1    |      |     |        |         |         |                                               |                                                                                                                                       |
|     bind_storage ram_1p                                                                       |       |       |     |      |      |     |        | auto    | 1       | local_weights_ds_637                          | top_new.cpp:164                                                                                                                       |
|   local_weights_ds_638_U                                                                      | 32    |       |     | 1    |      |     |        |         |         |                                               |                                                                                                                                       |
|     bind_storage ram_1p                                                                       |       |       |     |      |      |     |        | auto    | 1       | local_weights_ds_638                          | top_new.cpp:164                                                                                                                       |
|   local_weights_ds_639_U                                                                      |       |       |     | 1    |      |     |        |         |         |                                               |                                                                                                                                       |
|     bind_storage ram_1p                                                                       |       |       |     |      |      |     |        | auto    | 1       | local_weights_ds_639                          | top_new.cpp:164                                                                                                                       |
|   local_weights_ds_640_U                                                                      |       |       |     | 1    |      |     |        |         |         |                                               |                                                                                                                                       |
|     bind_storage ram_1p                                                                       |       |       |     |      |      |     |        | auto    | 1       | local_weights_ds_640                          | top_new.cpp:164                                                                                                                       |
|   local_weights_ds_641_U                                                                      |       |       |     | 1    |      |     |        |         |         |                                               |                                                                                                                                       |
|     bind_storage ram_1p                                                                       |       |       |     |      |      |     |        | auto    | 1       | local_weights_ds_641                          | top_new.cpp:164                                                                                                                       |
|   local_weights_ds_642_U                                                                      | 32    |       |     | 1    |      |     |        |         |         |                                               |                                                                                                                                       |
|     bind_storage ram_1p                                                                       |       |       |     |      |      |     |        | auto    | 1       | local_weights_ds_642                          | top_new.cpp:164                                                                                                                       |
|   local_weights_ds_643_U                                                                      |       |       |     | 1    |      |     |        |         |         |                                               |                                                                                                                                       |
|     bind_storage ram_1p                                                                       |       |       |     |      |      |     |        | auto    | 1       | local_weights_ds_643                          | top_new.cpp:164                                                                                                                       |
|   local_weights_ds_644_U                                                                      |       |       |     | 1    |      |     |        |         |         |                                               |                                                                                                                                       |
|     bind_storage ram_1p                                                                       |       |       |     |      |      |     |        | auto    | 1       | local_weights_ds_644                          | top_new.cpp:164                                                                                                                       |
|   local_weights_ds_645_U                                                                      |       |       |     | 1    |      |     |        |         |         |                                               |                                                                                                                                       |
|     bind_storage ram_1p                                                                       |       |       |     |      |      |     |        | auto    | 1       | local_weights_ds_645                          | top_new.cpp:164                                                                                                                       |
|   local_weights_ds_646_U                                                                      | 32    |       |     | 1    |      |     |        |         |         |                                               |                                                                                                                                       |
|     bind_storage ram_1p                                                                       |       |       |     |      |      |     |        | auto    | 1       | local_weights_ds_646                          | top_new.cpp:164                                                                                                                       |
|   local_weights_ds_647_U                                                                      |       |       |     | 1    |      |     |        |         |         |                                               |                                                                                                                                       |
|     bind_storage ram_1p                                                                       |       |       |     |      |      |     |        | auto    | 1       | local_weights_ds_647                          | top_new.cpp:164                                                                                                                       |
|   local_weights_ds_648_U                                                                      |       |       |     | 1    |      |     |        |         |         |                                               |                                                                                                                                       |
|     bind_storage ram_1p                                                                       |       |       |     |      |      |     |        | auto    | 1       | local_weights_ds_648                          | top_new.cpp:164                                                                                                                       |
|   local_weights_ds_649_U                                                                      |       |       |     | 1    |      |     |        |         |         |                                               |                                                                                                                                       |
|     bind_storage ram_1p                                                                       |       |       |     |      |      |     |        | auto    | 1       | local_weights_ds_649                          | top_new.cpp:164                                                                                                                       |
|   local_weights_ds_650_U                                                                      | 32    |       |     | 1    |      |     |        |         |         |                                               |                                                                                                                                       |
|     bind_storage ram_1p                                                                       |       |       |     |      |      |     |        | auto    | 1       | local_weights_ds_650                          | top_new.cpp:164                                                                                                                       |
|   local_weights_ds_651_U                                                                      |       |       |     | 1    |      |     |        |         |         |                                               |                                                                                                                                       |
|     bind_storage ram_1p                                                                       |       |       |     |      |      |     |        | auto    | 1       | local_weights_ds_651                          | top_new.cpp:164                                                                                                                       |
|   local_weights_ds_652_U                                                                      |       |       |     | 1    |      |     |        |         |         |                                               |                                                                                                                                       |
|     bind_storage ram_1p                                                                       |       |       |     |      |      |     |        | auto    | 1       | local_weights_ds_652                          | top_new.cpp:164                                                                                                                       |
|   local_weights_ds_653_U                                                                      |       |       |     | 1    |      |     |        |         |         |                                               |                                                                                                                                       |
|     bind_storage ram_1p                                                                       |       |       |     |      |      |     |        | auto    | 1       | local_weights_ds_653                          | top_new.cpp:164                                                                                                                       |
|   local_weights_ds_654_U                                                                      | 32    |       |     | 1    |      |     |        |         |         |                                               |                                                                                                                                       |
|     bind_storage ram_1p                                                                       |       |       |     |      |      |     |        | auto    | 1       | local_weights_ds_654                          | top_new.cpp:164                                                                                                                       |
|   local_weights_ds_655_U                                                                      |       |       |     | 1    |      |     |        |         |         |                                               |                                                                                                                                       |
|     bind_storage ram_1p                                                                       |       |       |     |      |      |     |        | auto    | 1       | local_weights_ds_655                          | top_new.cpp:164                                                                                                                       |
|   local_weights_ds_656_U                                                                      |       |       |     | 1    |      |     |        |         |         |                                               |                                                                                                                                       |
|     bind_storage ram_1p                                                                       |       |       |     |      |      |     |        | auto    | 1       | local_weights_ds_656                          | top_new.cpp:164                                                                                                                       |
|   local_weights_ds_657_U                                                                      |       |       |     | 1    |      |     |        |         |         |                                               |                                                                                                                                       |
|     bind_storage ram_1p                                                                       |       |       |     |      |      |     |        | auto    | 1       | local_weights_ds_657                          | top_new.cpp:164                                                                                                                       |
|   local_weights_ds_658_U                                                                      | 32    |       |     | 1    |      |     |        |         |         |                                               |                                                                                                                                       |
|     bind_storage ram_1p                                                                       |       |       |     |      |      |     |        | auto    | 1       | local_weights_ds_658                          | top_new.cpp:164                                                                                                                       |
|   local_weights_ds_659_U                                                                      |       |       |     | 1    |      |     |        |         |         |                                               |                                                                                                                                       |
|     bind_storage ram_1p                                                                       |       |       |     |      |      |     |        | auto    | 1       | local_weights_ds_659                          | top_new.cpp:164                                                                                                                       |
|   local_weights_ds_660_U                                                                      |       |       |     | 1    |      |     |        |         |         |                                               |                                                                                                                                       |
|     bind_storage ram_1p                                                                       |       |       |     |      |      |     |        | auto    | 1       | local_weights_ds_660                          | top_new.cpp:164                                                                                                                       |
|   local_weights_ds_661_U                                                                      |       |       |     | 1    |      |     |        |         |         |                                               |                                                                                                                                       |
|     bind_storage ram_1p                                                                       |       |       |     |      |      |     |        | auto    | 1       | local_weights_ds_661                          | top_new.cpp:164                                                                                                                       |
|   local_weights_ds_662_U                                                                      | 32    |       |     | 1    |      |     |        |         |         |                                               |                                                                                                                                       |
|     bind_storage ram_1p                                                                       |       |       |     |      |      |     |        | auto    | 1       | local_weights_ds_662                          | top_new.cpp:164                                                                                                                       |
|   local_weights_ds_663_U                                                                      |       |       |     | 1    |      |     |        |         |         |                                               |                                                                                                                                       |
|     bind_storage ram_1p                                                                       |       |       |     |      |      |     |        | auto    | 1       | local_weights_ds_663                          | top_new.cpp:164                                                                                                                       |
|   local_weights_ds_664_U                                                                      |       |       |     | 1    |      |     |        |         |         |                                               |                                                                                                                                       |
|     bind_storage ram_1p                                                                       |       |       |     |      |      |     |        | auto    | 1       | local_weights_ds_664                          | top_new.cpp:164                                                                                                                       |
|   local_weights_ds_665_U                                                                      |       |       |     | 1    |      |     |        |         |         |                                               |                                                                                                                                       |
|     bind_storage ram_1p                                                                       |       |       |     |      |      |     |        | auto    | 1       | local_weights_ds_665                          | top_new.cpp:164                                                                                                                       |
|   local_weights_ds_666_U                                                                      | 32    |       |     | 1    |      |     |        |         |         |                                               |                                                                                                                                       |
|     bind_storage ram_1p                                                                       |       |       |     |      |      |     |        | auto    | 1       | local_weights_ds_666                          | top_new.cpp:164                                                                                                                       |
|   local_weights_ds_667_U                                                                      |       |       |     | 1    |      |     |        |         |         |                                               |                                                                                                                                       |
|     bind_storage ram_1p                                                                       |       |       |     |      |      |     |        | auto    | 1       | local_weights_ds_667                          | top_new.cpp:164                                                                                                                       |
|   local_weights_ds_668_U                                                                      |       |       |     | 1    |      |     |        |         |         |                                               |                                                                                                                                       |
|     bind_storage ram_1p                                                                       |       |       |     |      |      |     |        | auto    | 1       | local_weights_ds_668                          | top_new.cpp:164                                                                                                                       |
|   local_weights_ds_669_U                                                                      |       |       |     | 1    |      |     |        |         |         |                                               |                                                                                                                                       |
|     bind_storage ram_1p                                                                       |       |       |     |      |      |     |        | auto    | 1       | local_weights_ds_669                          | top_new.cpp:164                                                                                                                       |
|   local_weights_ds_670_U                                                                      | 32    |       |     | 1    |      |     |        |         |         |                                               |                                                                                                                                       |
|     bind_storage ram_1p                                                                       |       |       |     |      |      |     |        | auto    | 1       | local_weights_ds_670                          | top_new.cpp:164                                                                                                                       |
|   local_weights_ds_671_U                                                                      |       |       |     | 1    |      |     |        |         |         |                                               |                                                                                                                                       |
|     bind_storage ram_1p                                                                       |       |       |     |      |      |     |        | auto    | 1       | local_weights_ds_671                          | top_new.cpp:164                                                                                                                       |
|   local_weights_ds_672_U                                                                      |       |       |     | 1    |      |     |        |         |         |                                               |                                                                                                                                       |
|     bind_storage ram_1p                                                                       |       |       |     |      |      |     |        | auto    | 1       | local_weights_ds_672                          | top_new.cpp:164                                                                                                                       |
|   local_weights_ds_673_U                                                                      |       |       |     | 1    |      |     |        |         |         |                                               |                                                                                                                                       |
|     bind_storage ram_1p                                                                       |       |       |     |      |      |     |        | auto    | 1       | local_weights_ds_673                          | top_new.cpp:164                                                                                                                       |
|   local_weights_ds_674_U                                                                      | 32    |       |     | 1    |      |     |        |         |         |                                               |                                                                                                                                       |
|     bind_storage ram_1p                                                                       |       |       |     |      |      |     |        | auto    | 1       | local_weights_ds_674                          | top_new.cpp:164                                                                                                                       |
|   local_weights_ds_675_U                                                                      |       |       |     | 1    |      |     |        |         |         |                                               |                                                                                                                                       |
|     bind_storage ram_1p                                                                       |       |       |     |      |      |     |        | auto    | 1       | local_weights_ds_675                          | top_new.cpp:164                                                                                                                       |
|   local_weights_ds_676_U                                                                      |       |       |     | 1    |      |     |        |         |         |                                               |                                                                                                                                       |
|     bind_storage ram_1p                                                                       |       |       |     |      |      |     |        | auto    | 1       | local_weights_ds_676                          | top_new.cpp:164                                                                                                                       |
|   local_weights_ds_677_U                                                                      |       |       |     | 1    |      |     |        |         |         |                                               |                                                                                                                                       |
|     bind_storage ram_1p                                                                       |       |       |     |      |      |     |        | auto    | 1       | local_weights_ds_677                          | top_new.cpp:164                                                                                                                       |
|   local_weights_ds_678_U                                                                      | 32    |       |     | 1    |      |     |        |         |         |                                               |                                                                                                                                       |
|     bind_storage ram_1p                                                                       |       |       |     |      |      |     |        | auto    | 1       | local_weights_ds_678                          | top_new.cpp:164                                                                                                                       |
|   local_weights_ds_679_U                                                                      |       |       |     | 1    |      |     |        |         |         |                                               |                                                                                                                                       |
|     bind_storage ram_1p                                                                       |       |       |     |      |      |     |        | auto    | 1       | local_weights_ds_679                          | top_new.cpp:164                                                                                                                       |
|   local_weights_ds_680_U                                                                      |       |       |     | 1    |      |     |        |         |         |                                               |                                                                                                                                       |
|     bind_storage ram_1p                                                                       |       |       |     |      |      |     |        | auto    | 1       | local_weights_ds_680                          | top_new.cpp:164                                                                                                                       |
|   local_weights_ds_681_U                                                                      |       |       |     | 1    |      |     |        |         |         |                                               |                                                                                                                                       |
|     bind_storage ram_1p                                                                       |       |       |     |      |      |     |        | auto    | 1       | local_weights_ds_681                          | top_new.cpp:164                                                                                                                       |
|   local_weights_ds_682_U                                                                      | 32    |       |     | 1    |      |     |        |         |         |                                               |                                                                                                                                       |
|     bind_storage ram_1p                                                                       |       |       |     |      |      |     |        | auto    | 1       | local_weights_ds_682                          | top_new.cpp:164                                                                                                                       |
|   local_weights_ds_683_U                                                                      |       |       |     | 1    |      |     |        |         |         |                                               |                                                                                                                                       |
|     bind_storage ram_1p                                                                       |       |       |     |      |      |     |        | auto    | 1       | local_weights_ds_683                          | top_new.cpp:164                                                                                                                       |
|   local_weights_ds_684_U                                                                      |       |       |     | 1    |      |     |        |         |         |                                               |                                                                                                                                       |
|     bind_storage ram_1p                                                                       |       |       |     |      |      |     |        | auto    | 1       | local_weights_ds_684                          | top_new.cpp:164                                                                                                                       |
|   local_weights_ds_685_U                                                                      |       |       |     | 1    |      |     |        |         |         |                                               |                                                                                                                                       |
|     bind_storage ram_1p                                                                       |       |       |     |      |      |     |        | auto    | 1       | local_weights_ds_685                          | top_new.cpp:164                                                                                                                       |
|   local_weights_ds_686_U                                                                      | 32    |       |     | 1    |      |     |        |         |         |                                               |                                                                                                                                       |
|     bind_storage ram_1p                                                                       |       |       |     |      |      |     |        | auto    | 1       | local_weights_ds_686                          | top_new.cpp:164                                                                                                                       |
|   local_weights_ds_687_U                                                                      |       |       |     | 1    |      |     |        |         |         |                                               |                                                                                                                                       |
|     bind_storage ram_1p                                                                       |       |       |     |      |      |     |        | auto    | 1       | local_weights_ds_687                          | top_new.cpp:164                                                                                                                       |
|   local_weights_ds_688_U                                                                      |       |       |     | 1    |      |     |        |         |         |                                               |                                                                                                                                       |
|     bind_storage ram_1p                                                                       |       |       |     |      |      |     |        | auto    | 1       | local_weights_ds_688                          | top_new.cpp:164                                                                                                                       |
|   local_weights_ds_689_U                                                                      |       |       |     | 1    |      |     |        |         |         |                                               |                                                                                                                                       |
|     bind_storage ram_1p                                                                       |       |       |     |      |      |     |        | auto    | 1       | local_weights_ds_689                          | top_new.cpp:164                                                                                                                       |
|   local_weights_ds_690_U                                                                      | 64    |       |     | 1    |      |     |        |         |         |                                               |                                                                                                                                       |
|     bind_storage ram_1p                                                                       |       |       |     |      |      |     |        | auto    | 1       | local_weights_ds_690                          | top_new.cpp:164                                                                                                                       |
|   local_weights_ds_691_U                                                                      |       |       |     | 1    |      |     |        |         |         |                                               |                                                                                                                                       |
|     bind_storage ram_1p                                                                       |       |       |     |      |      |     |        | auto    | 1       | local_weights_ds_691                          | top_new.cpp:164                                                                                                                       |
|   local_weights_ds_692_U                                                                      |       |       |     | 1    |      |     |        |         |         |                                               |                                                                                                                                       |
|     bind_storage ram_1p                                                                       |       |       |     |      |      |     |        | auto    | 1       | local_weights_ds_692                          | top_new.cpp:164                                                                                                                       |
|   local_weights_ds_693_U                                                                      |       |       |     | 1    |      |     |        |         |         |                                               |                                                                                                                                       |
|     bind_storage ram_1p                                                                       |       |       |     |      |      |     |        | auto    | 1       | local_weights_ds_693                          | top_new.cpp:164                                                                                                                       |
|   local_weights_ds_694_U                                                                      | 32    |       |     | 1    |      |     |        |         |         |                                               |                                                                                                                                       |
|     bind_storage ram_1p                                                                       |       |       |     |      |      |     |        | auto    | 1       | local_weights_ds_694                          | top_new.cpp:164                                                                                                                       |
|   local_weights_ds_695_U                                                                      |       |       |     | 1    |      |     |        |         |         |                                               |                                                                                                                                       |
|     bind_storage ram_1p                                                                       |       |       |     |      |      |     |        | auto    | 1       | local_weights_ds_695                          | top_new.cpp:164                                                                                                                       |
|   local_weights_ds_696_U                                                                      |       |       |     | 1    |      |     |        |         |         |                                               |                                                                                                                                       |
|     bind_storage ram_1p                                                                       |       |       |     |      |      |     |        | auto    | 1       | local_weights_ds_696                          | top_new.cpp:164                                                                                                                       |
|   local_weights_ds_697_U                                                                      |       |       |     | 1    |      |     |        |         |         |                                               |                                                                                                                                       |
|     bind_storage ram_1p                                                                       |       |       |     |      |      |     |        | auto    | 1       | local_weights_ds_697                          | top_new.cpp:164                                                                                                                       |
|   local_weights_ds_698_U                                                                      | 32    |       |     | 1    |      |     |        |         |         |                                               |                                                                                                                                       |
|     bind_storage ram_1p                                                                       |       |       |     |      |      |     |        | auto    | 1       | local_weights_ds_698                          | top_new.cpp:164                                                                                                                       |
|   local_weights_ds_699_U                                                                      |       |       |     | 1    |      |     |        |         |         |                                               |                                                                                                                                       |
|     bind_storage ram_1p                                                                       |       |       |     |      |      |     |        | auto    | 1       | local_weights_ds_699                          | top_new.cpp:164                                                                                                                       |
|   local_weights_ds_700_U                                                                      |       |       |     | 1    |      |     |        |         |         |                                               |                                                                                                                                       |
|     bind_storage ram_1p                                                                       |       |       |     |      |      |     |        | auto    | 1       | local_weights_ds_700                          | top_new.cpp:164                                                                                                                       |
|   local_weights_ds_701_U                                                                      |       |       |     | 1    |      |     |        |         |         |                                               |                                                                                                                                       |
|     bind_storage ram_1p                                                                       |       |       |     |      |      |     |        | auto    | 1       | local_weights_ds_701                          | top_new.cpp:164                                                                                                                       |
|   local_weights_ds_702_U                                                                      | 32    |       |     | 1    |      |     |        |         |         |                                               |                                                                                                                                       |
|     bind_storage ram_1p                                                                       |       |       |     |      |      |     |        | auto    | 1       | local_weights_ds_702                          | top_new.cpp:164                                                                                                                       |
|   local_weights_ds_703_U                                                                      |       |       |     | 1    |      |     |        |         |         |                                               |                                                                                                                                       |
|     bind_storage ram_1p                                                                       |       |       |     |      |      |     |        | auto    | 1       | local_weights_ds_703                          | top_new.cpp:164                                                                                                                       |
|   local_weights_ds_704_U                                                                      |       |       |     | 1    |      |     |        |         |         |                                               |                                                                                                                                       |
|     bind_storage ram_1p                                                                       |       |       |     |      |      |     |        | auto    | 1       | local_weights_ds_704                          | top_new.cpp:164                                                                                                                       |
|   local_weights_ds_705_U                                                                      |       |       |     | 1    |      |     |        |         |         |                                               |                                                                                                                                       |
|     bind_storage ram_1p                                                                       |       |       |     |      |      |     |        | auto    | 1       | local_weights_ds_705                          | top_new.cpp:164                                                                                                                       |
|   local_weights_ds_706_U                                                                      | 32    |       |     | 1    |      |     |        |         |         |                                               |                                                                                                                                       |
|     bind_storage ram_1p                                                                       |       |       |     |      |      |     |        | auto    | 1       | local_weights_ds_706                          | top_new.cpp:164                                                                                                                       |
|   local_weights_ds_707_U                                                                      |       |       |     | 1    |      |     |        |         |         |                                               |                                                                                                                                       |
|     bind_storage ram_1p                                                                       |       |       |     |      |      |     |        | auto    | 1       | local_weights_ds_707                          | top_new.cpp:164                                                                                                                       |
|   local_weights_ds_708_U                                                                      |       |       |     | 1    |      |     |        |         |         |                                               |                                                                                                                                       |
|     bind_storage ram_1p                                                                       |       |       |     |      |      |     |        | auto    | 1       | local_weights_ds_708                          | top_new.cpp:164                                                                                                                       |
|   local_weights_ds_709_U                                                                      |       |       |     | 1    |      |     |        |         |         |                                               |                                                                                                                                       |
|     bind_storage ram_1p                                                                       |       |       |     |      |      |     |        | auto    | 1       | local_weights_ds_709                          | top_new.cpp:164                                                                                                                       |
|   local_weights_ds_710_U                                                                      | 32    |       |     | 1    |      |     |        |         |         |                                               |                                                                                                                                       |
|     bind_storage ram_1p                                                                       |       |       |     |      |      |     |        | auto    | 1       | local_weights_ds_710                          | top_new.cpp:164                                                                                                                       |
|   local_weights_ds_711_U                                                                      |       |       |     | 1    |      |     |        |         |         |                                               |                                                                                                                                       |
|     bind_storage ram_1p                                                                       |       |       |     |      |      |     |        | auto    | 1       | local_weights_ds_711                          | top_new.cpp:164                                                                                                                       |
|   local_weights_ds_712_U                                                                      |       |       |     | 1    |      |     |        |         |         |                                               |                                                                                                                                       |
|     bind_storage ram_1p                                                                       |       |       |     |      |      |     |        | auto    | 1       | local_weights_ds_712                          | top_new.cpp:164                                                                                                                       |
|   local_weights_ds_713_U                                                                      |       |       |     | 1    |      |     |        |         |         |                                               |                                                                                                                                       |
|     bind_storage ram_1p                                                                       |       |       |     |      |      |     |        | auto    | 1       | local_weights_ds_713                          | top_new.cpp:164                                                                                                                       |
|   local_weights_ds_714_U                                                                      | 32    |       |     | 1    |      |     |        |         |         |                                               |                                                                                                                                       |
|     bind_storage ram_1p                                                                       |       |       |     |      |      |     |        | auto    | 1       | local_weights_ds_714                          | top_new.cpp:164                                                                                                                       |
|   local_weights_ds_715_U                                                                      |       |       |     | 1    |      |     |        |         |         |                                               |                                                                                                                                       |
|     bind_storage ram_1p                                                                       |       |       |     |      |      |     |        | auto    | 1       | local_weights_ds_715                          | top_new.cpp:164                                                                                                                       |
|   local_weights_ds_716_U                                                                      |       |       |     | 1    |      |     |        |         |         |                                               |                                                                                                                                       |
|     bind_storage ram_1p                                                                       |       |       |     |      |      |     |        | auto    | 1       | local_weights_ds_716                          | top_new.cpp:164                                                                                                                       |
|   local_weights_ds_717_U                                                                      |       |       |     | 1    |      |     |        |         |         |                                               |                                                                                                                                       |
|     bind_storage ram_1p                                                                       |       |       |     |      |      |     |        | auto    | 1       | local_weights_ds_717                          | top_new.cpp:164                                                                                                                       |
|   local_weights_ds_718_U                                                                      | 32    |       |     | 1    |      |     |        |         |         |                                               |                                                                                                                                       |
|     bind_storage ram_1p                                                                       |       |       |     |      |      |     |        | auto    | 1       | local_weights_ds_718                          | top_new.cpp:164                                                                                                                       |
|   local_weights_ds_719_U                                                                      |       |       |     | 1    |      |     |        |         |         |                                               |                                                                                                                                       |
|     bind_storage ram_1p                                                                       |       |       |     |      |      |     |        | auto    | 1       | local_weights_ds_719                          | top_new.cpp:164                                                                                                                       |
|   local_weights_ds_720_U                                                                      |       |       |     | 1    |      |     |        |         |         |                                               |                                                                                                                                       |
|     bind_storage ram_1p                                                                       |       |       |     |      |      |     |        | auto    | 1       | local_weights_ds_720                          | top_new.cpp:164                                                                                                                       |
|   local_weights_ds_721_U                                                                      |       |       |     | 1    |      |     |        |         |         |                                               |                                                                                                                                       |
|     bind_storage ram_1p                                                                       |       |       |     |      |      |     |        | auto    | 1       | local_weights_ds_721                          | top_new.cpp:164                                                                                                                       |
|   local_weights_ds_722_U                                                                      | 32    |       |     | 1    |      |     |        |         |         |                                               |                                                                                                                                       |
|     bind_storage ram_1p                                                                       |       |       |     |      |      |     |        | auto    | 1       | local_weights_ds_722                          | top_new.cpp:164                                                                                                                       |
|   local_weights_ds_723_U                                                                      |       |       |     | 1    |      |     |        |         |         |                                               |                                                                                                                                       |
|     bind_storage ram_1p                                                                       |       |       |     |      |      |     |        | auto    | 1       | local_weights_ds_723                          | top_new.cpp:164                                                                                                                       |
|   local_weights_ds_724_U                                                                      |       |       |     | 1    |      |     |        |         |         |                                               |                                                                                                                                       |
|     bind_storage ram_1p                                                                       |       |       |     |      |      |     |        | auto    | 1       | local_weights_ds_724                          | top_new.cpp:164                                                                                                                       |
|   local_weights_ds_725_U                                                                      |       |       |     | 1    |      |     |        |         |         |                                               |                                                                                                                                       |
|     bind_storage ram_1p                                                                       |       |       |     |      |      |     |        | auto    | 1       | local_weights_ds_725                          | top_new.cpp:164                                                                                                                       |
|   local_weights_ds_726_U                                                                      | 32    |       |     | 1    |      |     |        |         |         |                                               |                                                                                                                                       |
|     bind_storage ram_1p                                                                       |       |       |     |      |      |     |        | auto    | 1       | local_weights_ds_726                          | top_new.cpp:164                                                                                                                       |
|   local_weights_ds_727_U                                                                      |       |       |     | 1    |      |     |        |         |         |                                               |                                                                                                                                       |
|     bind_storage ram_1p                                                                       |       |       |     |      |      |     |        | auto    | 1       | local_weights_ds_727                          | top_new.cpp:164                                                                                                                       |
|   local_weights_ds_728_U                                                                      |       |       |     | 1    |      |     |        |         |         |                                               |                                                                                                                                       |
|     bind_storage ram_1p                                                                       |       |       |     |      |      |     |        | auto    | 1       | local_weights_ds_728                          | top_new.cpp:164                                                                                                                       |
|   local_weights_ds_729_U                                                                      |       |       |     | 1    |      |     |        |         |         |                                               |                                                                                                                                       |
|     bind_storage ram_1p                                                                       |       |       |     |      |      |     |        | auto    | 1       | local_weights_ds_729                          | top_new.cpp:164                                                                                                                       |
|   local_weights_ds_730_U                                                                      | 32    |       |     | 1    |      |     |        |         |         |                                               |                                                                                                                                       |
|     bind_storage ram_1p                                                                       |       |       |     |      |      |     |        | auto    | 1       | local_weights_ds_730                          | top_new.cpp:164                                                                                                                       |
|   local_weights_ds_731_U                                                                      |       |       |     | 1    |      |     |        |         |         |                                               |                                                                                                                                       |
|     bind_storage ram_1p                                                                       |       |       |     |      |      |     |        | auto    | 1       | local_weights_ds_731                          | top_new.cpp:164                                                                                                                       |
|   local_weights_ds_732_U                                                                      |       |       |     | 1    |      |     |        |         |         |                                               |                                                                                                                                       |
|     bind_storage ram_1p                                                                       |       |       |     |      |      |     |        | auto    | 1       | local_weights_ds_732                          | top_new.cpp:164                                                                                                                       |
|   local_weights_ds_733_U                                                                      |       |       |     | 1    |      |     |        |         |         |                                               |                                                                                                                                       |
|     bind_storage ram_1p                                                                       |       |       |     |      |      |     |        | auto    | 1       | local_weights_ds_733                          | top_new.cpp:164                                                                                                                       |
|   local_weights_ds_734_U                                                                      | 32    |       |     | 1    |      |     |        |         |         |                                               |                                                                                                                                       |
|     bind_storage ram_1p                                                                       |       |       |     |      |      |     |        | auto    | 1       | local_weights_ds_734                          | top_new.cpp:164                                                                                                                       |
|   local_weights_ds_735_U                                                                      |       |       |     | 1    |      |     |        |         |         |                                               |                                                                                                                                       |
|     bind_storage ram_1p                                                                       |       |       |     |      |      |     |        | auto    | 1       | local_weights_ds_735                          | top_new.cpp:164                                                                                                                       |
|   local_weights_ds_736_U                                                                      |       |       |     | 1    |      |     |        |         |         |                                               |                                                                                                                                       |
|     bind_storage ram_1p                                                                       |       |       |     |      |      |     |        | auto    | 1       | local_weights_ds_736                          | top_new.cpp:164                                                                                                                       |
|   local_weights_ds_737_U                                                                      |       |       |     | 1    |      |     |        |         |         |                                               |                                                                                                                                       |
|     bind_storage ram_1p                                                                       |       |       |     |      |      |     |        | auto    | 1       | local_weights_ds_737                          | top_new.cpp:164                                                                                                                       |
|   local_weights_ds_738_U                                                                      | 32    |       |     | 1    |      |     |        |         |         |                                               |                                                                                                                                       |
|     bind_storage ram_1p                                                                       |       |       |     |      |      |     |        | auto    | 1       | local_weights_ds_738                          | top_new.cpp:164                                                                                                                       |
|   local_weights_ds_739_U                                                                      |       |       |     | 1    |      |     |        |         |         |                                               |                                                                                                                                       |
|     bind_storage ram_1p                                                                       |       |       |     |      |      |     |        | auto    | 1       | local_weights_ds_739                          | top_new.cpp:164                                                                                                                       |
|   local_weights_ds_740_U                                                                      |       |       |     | 1    |      |     |        |         |         |                                               |                                                                                                                                       |
|     bind_storage ram_1p                                                                       |       |       |     |      |      |     |        | auto    | 1       | local_weights_ds_740                          | top_new.cpp:164                                                                                                                       |
|   local_weights_ds_741_U                                                                      |       |       |     | 1    |      |     |        |         |         |                                               |                                                                                                                                       |
|     bind_storage ram_1p                                                                       |       |       |     |      |      |     |        | auto    | 1       | local_weights_ds_741                          | top_new.cpp:164                                                                                                                       |
|   local_weights_ds_742_U                                                                      | 32    |       |     | 1    |      |     |        |         |         |                                               |                                                                                                                                       |
|     bind_storage ram_1p                                                                       |       |       |     |      |      |     |        | auto    | 1       | local_weights_ds_742                          | top_new.cpp:164                                                                                                                       |
|   local_weights_ds_743_U                                                                      |       |       |     | 1    |      |     |        |         |         |                                               |                                                                                                                                       |
|     bind_storage ram_1p                                                                       |       |       |     |      |      |     |        | auto    | 1       | local_weights_ds_743                          | top_new.cpp:164                                                                                                                       |
|   local_weights_ds_744_U                                                                      |       |       |     | 1    |      |     |        |         |         |                                               |                                                                                                                                       |
|     bind_storage ram_1p                                                                       |       |       |     |      |      |     |        | auto    | 1       | local_weights_ds_744                          | top_new.cpp:164                                                                                                                       |
|   local_weights_ds_745_U                                                                      |       |       |     | 1    |      |     |        |         |         |                                               |                                                                                                                                       |
|     bind_storage ram_1p                                                                       |       |       |     |      |      |     |        | auto    | 1       | local_weights_ds_745                          | top_new.cpp:164                                                                                                                       |
|   local_weights_ds_746_U                                                                      | 32    |       |     | 1    |      |     |        |         |         |                                               |                                                                                                                                       |
|     bind_storage ram_1p                                                                       |       |       |     |      |      |     |        | auto    | 1       | local_weights_ds_746                          | top_new.cpp:164                                                                                                                       |
|   local_weights_ds_747_U                                                                      |       |       |     | 1    |      |     |        |         |         |                                               |                                                                                                                                       |
|     bind_storage ram_1p                                                                       |       |       |     |      |      |     |        | auto    | 1       | local_weights_ds_747                          | top_new.cpp:164                                                                                                                       |
|   local_weights_ds_748_U                                                                      |       |       |     | 1    |      |     |        |         |         |                                               |                                                                                                                                       |
|     bind_storage ram_1p                                                                       |       |       |     |      |      |     |        | auto    | 1       | local_weights_ds_748                          | top_new.cpp:164                                                                                                                       |
|   local_weights_ds_749_U                                                                      |       |       |     | 1    |      |     |        |         |         |                                               |                                                                                                                                       |
|     bind_storage ram_1p                                                                       |       |       |     |      |      |     |        | auto    | 1       | local_weights_ds_749                          | top_new.cpp:164                                                                                                                       |
|   local_weights_ds_750_U                                                                      | 32    |       |     | 1    |      |     |        |         |         |                                               |                                                                                                                                       |
|     bind_storage ram_1p                                                                       |       |       |     |      |      |     |        | auto    | 1       | local_weights_ds_750                          | top_new.cpp:164                                                                                                                       |
|   local_weights_ds_751_U                                                                      |       |       |     | 1    |      |     |        |         |         |                                               |                                                                                                                                       |
|     bind_storage ram_1p                                                                       |       |       |     |      |      |     |        | auto    | 1       | local_weights_ds_751                          | top_new.cpp:164                                                                                                                       |
|   local_weights_ds_752_U                                                                      |       |       |     | 1    |      |     |        |         |         |                                               |                                                                                                                                       |
|     bind_storage ram_1p                                                                       |       |       |     |      |      |     |        | auto    | 1       | local_weights_ds_752                          | top_new.cpp:164                                                                                                                       |
|   local_weights_ds_753_U                                                                      |       |       |     | 1    |      |     |        |         |         |                                               |                                                                                                                                       |
|     bind_storage ram_1p                                                                       |       |       |     |      |      |     |        | auto    | 1       | local_weights_ds_753                          | top_new.cpp:164                                                                                                                       |
|   local_weights_ds_754_U                                                                      | 64    |       |     | 1    |      |     |        |         |         |                                               |                                                                                                                                       |
|     bind_storage ram_1p                                                                       |       |       |     |      |      |     |        | auto    | 1       | local_weights_ds_754                          | top_new.cpp:164                                                                                                                       |
|   local_weights_ds_755_U                                                                      |       |       |     | 1    |      |     |        |         |         |                                               |                                                                                                                                       |
|     bind_storage ram_1p                                                                       |       |       |     |      |      |     |        | auto    | 1       | local_weights_ds_755                          | top_new.cpp:164                                                                                                                       |
|   local_weights_ds_756_U                                                                      |       |       |     | 1    |      |     |        |         |         |                                               |                                                                                                                                       |
|     bind_storage ram_1p                                                                       |       |       |     |      |      |     |        | auto    | 1       | local_weights_ds_756                          | top_new.cpp:164                                                                                                                       |
|   local_weights_ds_757_U                                                                      |       |       |     | 1    |      |     |        |         |         |                                               |                                                                                                                                       |
|     bind_storage ram_1p                                                                       |       |       |     |      |      |     |        | auto    | 1       | local_weights_ds_757                          | top_new.cpp:164                                                                                                                       |
|   local_weights_ds_758_U                                                                      | 32    |       |     | 1    |      |     |        |         |         |                                               |                                                                                                                                       |
|     bind_storage ram_1p                                                                       |       |       |     |      |      |     |        | auto    | 1       | local_weights_ds_758                          | top_new.cpp:164                                                                                                                       |
|   local_weights_ds_759_U                                                                      |       |       |     | 1    |      |     |        |         |         |                                               |                                                                                                                                       |
|     bind_storage ram_1p                                                                       |       |       |     |      |      |     |        | auto    | 1       | local_weights_ds_759                          | top_new.cpp:164                                                                                                                       |
|   local_weights_ds_760_U                                                                      |       |       |     | 1    |      |     |        |         |         |                                               |                                                                                                                                       |
|     bind_storage ram_1p                                                                       |       |       |     |      |      |     |        | auto    | 1       | local_weights_ds_760                          | top_new.cpp:164                                                                                                                       |
|   local_weights_ds_761_U                                                                      |       |       |     | 1    |      |     |        |         |         |                                               |                                                                                                                                       |
|     bind_storage ram_1p                                                                       |       |       |     |      |      |     |        | auto    | 1       | local_weights_ds_761                          | top_new.cpp:164                                                                                                                       |
|   local_weights_ds_762_U                                                                      | 32    |       |     | 1    |      |     |        |         |         |                                               |                                                                                                                                       |
|     bind_storage ram_1p                                                                       |       |       |     |      |      |     |        | auto    | 1       | local_weights_ds_762                          | top_new.cpp:164                                                                                                                       |
|   local_weights_ds_763_U                                                                      |       |       |     | 1    |      |     |        |         |         |                                               |                                                                                                                                       |
|     bind_storage ram_1p                                                                       |       |       |     |      |      |     |        | auto    | 1       | local_weights_ds_763                          | top_new.cpp:164                                                                                                                       |
|   local_weights_ds_764_U                                                                      |       |       |     | 1    |      |     |        |         |         |                                               |                                                                                                                                       |
|     bind_storage ram_1p                                                                       |       |       |     |      |      |     |        | auto    | 1       | local_weights_ds_764                          | top_new.cpp:164                                                                                                                       |
|   local_weights_ds_765_U                                                                      |       |       |     | 1    |      |     |        |         |         |                                               |                                                                                                                                       |
|     bind_storage ram_1p                                                                       |       |       |     |      |      |     |        | auto    | 1       | local_weights_ds_765                          | top_new.cpp:164                                                                                                                       |
|   local_weights_ds_766_U                                                                      | 32    |       |     | 1    |      |     |        |         |         |                                               |                                                                                                                                       |
|     bind_storage ram_1p                                                                       |       |       |     |      |      |     |        | auto    | 1       | local_weights_ds_766                          | top_new.cpp:164                                                                                                                       |
|   local_weights_ds_767_U                                                                      |       |       |     | 1    |      |     |        |         |         |                                               |                                                                                                                                       |
|     bind_storage ram_1p                                                                       |       |       |     |      |      |     |        | auto    | 1       | local_weights_ds_767                          | top_new.cpp:164                                                                                                                       |
|   local_weights_ds_768_U                                                                      |       |       |     | 1    |      |     |        |         |         |                                               |                                                                                                                                       |
|     bind_storage ram_1p                                                                       |       |       |     |      |      |     |        | auto    | 1       | local_weights_ds_768                          | top_new.cpp:164                                                                                                                       |
|   local_weights_ds_769_U                                                                      |       |       |     | 1    |      |     |        |         |         |                                               |                                                                                                                                       |
|     bind_storage ram_1p                                                                       |       |       |     |      |      |     |        | auto    | 1       | local_weights_ds_769                          | top_new.cpp:164                                                                                                                       |
|   local_weights_ds_770_U                                                                      | 32    |       |     | 1    |      |     |        |         |         |                                               |                                                                                                                                       |
|     bind_storage ram_1p                                                                       |       |       |     |      |      |     |        | auto    | 1       | local_weights_ds_770                          | top_new.cpp:164                                                                                                                       |
|   local_weights_ds_771_U                                                                      |       |       |     | 1    |      |     |        |         |         |                                               |                                                                                                                                       |
|     bind_storage ram_1p                                                                       |       |       |     |      |      |     |        | auto    | 1       | local_weights_ds_771                          | top_new.cpp:164                                                                                                                       |
|   local_weights_ds_772_U                                                                      |       |       |     | 1    |      |     |        |         |         |                                               |                                                                                                                                       |
|     bind_storage ram_1p                                                                       |       |       |     |      |      |     |        | auto    | 1       | local_weights_ds_772                          | top_new.cpp:164                                                                                                                       |
|   local_weights_ds_773_U                                                                      |       |       |     | 1    |      |     |        |         |         |                                               |                                                                                                                                       |
|     bind_storage ram_1p                                                                       |       |       |     |      |      |     |        | auto    | 1       | local_weights_ds_773                          | top_new.cpp:164                                                                                                                       |
|   local_weights_ds_774_U                                                                      | 32    |       |     | 1    |      |     |        |         |         |                                               |                                                                                                                                       |
|     bind_storage ram_1p                                                                       |       |       |     |      |      |     |        | auto    | 1       | local_weights_ds_774                          | top_new.cpp:164                                                                                                                       |
|   local_weights_ds_775_U                                                                      |       |       |     | 1    |      |     |        |         |         |                                               |                                                                                                                                       |
|     bind_storage ram_1p                                                                       |       |       |     |      |      |     |        | auto    | 1       | local_weights_ds_775                          | top_new.cpp:164                                                                                                                       |
|   local_weights_ds_776_U                                                                      |       |       |     | 1    |      |     |        |         |         |                                               |                                                                                                                                       |
|     bind_storage ram_1p                                                                       |       |       |     |      |      |     |        | auto    | 1       | local_weights_ds_776                          | top_new.cpp:164                                                                                                                       |
|   local_weights_ds_777_U                                                                      |       |       |     | 1    |      |     |        |         |         |                                               |                                                                                                                                       |
|     bind_storage ram_1p                                                                       |       |       |     |      |      |     |        | auto    | 1       | local_weights_ds_777                          | top_new.cpp:164                                                                                                                       |
|   local_weights_ds_778_U                                                                      | 32    |       |     | 1    |      |     |        |         |         |                                               |                                                                                                                                       |
|     bind_storage ram_1p                                                                       |       |       |     |      |      |     |        | auto    | 1       | local_weights_ds_778                          | top_new.cpp:164                                                                                                                       |
|   local_weights_ds_779_U                                                                      |       |       |     | 1    |      |     |        |         |         |                                               |                                                                                                                                       |
|     bind_storage ram_1p                                                                       |       |       |     |      |      |     |        | auto    | 1       | local_weights_ds_779                          | top_new.cpp:164                                                                                                                       |
|   local_weights_ds_780_U                                                                      |       |       |     | 1    |      |     |        |         |         |                                               |                                                                                                                                       |
|     bind_storage ram_1p                                                                       |       |       |     |      |      |     |        | auto    | 1       | local_weights_ds_780                          | top_new.cpp:164                                                                                                                       |
|   local_weights_ds_781_U                                                                      |       |       |     | 1    |      |     |        |         |         |                                               |                                                                                                                                       |
|     bind_storage ram_1p                                                                       |       |       |     |      |      |     |        | auto    | 1       | local_weights_ds_781                          | top_new.cpp:164                                                                                                                       |
|   local_weights_ds_782_U                                                                      | 32    |       |     | 1    |      |     |        |         |         |                                               |                                                                                                                                       |
|     bind_storage ram_1p                                                                       |       |       |     |      |      |     |        | auto    | 1       | local_weights_ds_782                          | top_new.cpp:164                                                                                                                       |
|   local_weights_ds_783_U                                                                      |       |       |     | 1    |      |     |        |         |         |                                               |                                                                                                                                       |
|     bind_storage ram_1p                                                                       |       |       |     |      |      |     |        | auto    | 1       | local_weights_ds_783                          | top_new.cpp:164                                                                                                                       |
|   local_weights_ds_784_U                                                                      |       |       |     | 1    |      |     |        |         |         |                                               |                                                                                                                                       |
|     bind_storage ram_1p                                                                       |       |       |     |      |      |     |        | auto    | 1       | local_weights_ds_784                          | top_new.cpp:164                                                                                                                       |
|   local_weights_ds_785_U                                                                      |       |       |     | 1    |      |     |        |         |         |                                               |                                                                                                                                       |
|     bind_storage ram_1p                                                                       |       |       |     |      |      |     |        | auto    | 1       | local_weights_ds_785                          | top_new.cpp:164                                                                                                                       |
|   local_weights_ds_786_U                                                                      | 32    |       |     | 1    |      |     |        |         |         |                                               |                                                                                                                                       |
|     bind_storage ram_1p                                                                       |       |       |     |      |      |     |        | auto    | 1       | local_weights_ds_786                          | top_new.cpp:164                                                                                                                       |
|   local_weights_ds_787_U                                                                      |       |       |     | 1    |      |     |        |         |         |                                               |                                                                                                                                       |
|     bind_storage ram_1p                                                                       |       |       |     |      |      |     |        | auto    | 1       | local_weights_ds_787                          | top_new.cpp:164                                                                                                                       |
|   local_weights_ds_788_U                                                                      |       |       |     | 1    |      |     |        |         |         |                                               |                                                                                                                                       |
|     bind_storage ram_1p                                                                       |       |       |     |      |      |     |        | auto    | 1       | local_weights_ds_788                          | top_new.cpp:164                                                                                                                       |
|   local_weights_ds_789_U                                                                      |       |       |     | 1    |      |     |        |         |         |                                               |                                                                                                                                       |
|     bind_storage ram_1p                                                                       |       |       |     |      |      |     |        | auto    | 1       | local_weights_ds_789                          | top_new.cpp:164                                                                                                                       |
|   local_weights_ds_790_U                                                                      | 32    |       |     | 1    |      |     |        |         |         |                                               |                                                                                                                                       |
|     bind_storage ram_1p                                                                       |       |       |     |      |      |     |        | auto    | 1       | local_weights_ds_790                          | top_new.cpp:164                                                                                                                       |
|   local_weights_ds_791_U                                                                      |       |       |     | 1    |      |     |        |         |         |                                               |                                                                                                                                       |
|     bind_storage ram_1p                                                                       |       |       |     |      |      |     |        | auto    | 1       | local_weights_ds_791                          | top_new.cpp:164                                                                                                                       |
|   local_weights_ds_792_U                                                                      |       |       |     | 1    |      |     |        |         |         |                                               |                                                                                                                                       |
|     bind_storage ram_1p                                                                       |       |       |     |      |      |     |        | auto    | 1       | local_weights_ds_792                          | top_new.cpp:164                                                                                                                       |
|   local_weights_ds_793_U                                                                      |       |       |     | 1    |      |     |        |         |         |                                               |                                                                                                                                       |
|     bind_storage ram_1p                                                                       |       |       |     |      |      |     |        | auto    | 1       | local_weights_ds_793                          | top_new.cpp:164                                                                                                                       |
|   local_weights_ds_794_U                                                                      | 32    |       |     | 1    |      |     |        |         |         |                                               |                                                                                                                                       |
|     bind_storage ram_1p                                                                       |       |       |     |      |      |     |        | auto    | 1       | local_weights_ds_794                          | top_new.cpp:164                                                                                                                       |
|   local_weights_ds_795_U                                                                      |       |       |     | 1    |      |     |        |         |         |                                               |                                                                                                                                       |
|     bind_storage ram_1p                                                                       |       |       |     |      |      |     |        | auto    | 1       | local_weights_ds_795                          | top_new.cpp:164                                                                                                                       |
|   local_weights_ds_796_U                                                                      |       |       |     | 1    |      |     |        |         |         |                                               |                                                                                                                                       |
|     bind_storage ram_1p                                                                       |       |       |     |      |      |     |        | auto    | 1       | local_weights_ds_796                          | top_new.cpp:164                                                                                                                       |
|   local_weights_ds_797_U                                                                      |       |       |     | 1    |      |     |        |         |         |                                               |                                                                                                                                       |
|     bind_storage ram_1p                                                                       |       |       |     |      |      |     |        | auto    | 1       | local_weights_ds_797                          | top_new.cpp:164                                                                                                                       |
|   local_weights_ds_798_U                                                                      | 32    |       |     | 1    |      |     |        |         |         |                                               |                                                                                                                                       |
|     bind_storage ram_1p                                                                       |       |       |     |      |      |     |        | auto    | 1       | local_weights_ds_798                          | top_new.cpp:164                                                                                                                       |
|   local_weights_ds_799_U                                                                      |       |       |     | 1    |      |     |        |         |         |                                               |                                                                                                                                       |
|     bind_storage ram_1p                                                                       |       |       |     |      |      |     |        | auto    | 1       | local_weights_ds_799                          | top_new.cpp:164                                                                                                                       |
|   local_weights_ds_800_U                                                                      |       |       |     | 1    |      |     |        |         |         |                                               |                                                                                                                                       |
|     bind_storage ram_1p                                                                       |       |       |     |      |      |     |        | auto    | 1       | local_weights_ds_800                          | top_new.cpp:164                                                                                                                       |
|   local_weights_ds_801_U                                                                      |       |       |     | 1    |      |     |        |         |         |                                               |                                                                                                                                       |
|     bind_storage ram_1p                                                                       |       |       |     |      |      |     |        | auto    | 1       | local_weights_ds_801                          | top_new.cpp:164                                                                                                                       |
|   local_weights_ds_802_U                                                                      | 32    |       |     | 1    |      |     |        |         |         |                                               |                                                                                                                                       |
|     bind_storage ram_1p                                                                       |       |       |     |      |      |     |        | auto    | 1       | local_weights_ds_802                          | top_new.cpp:164                                                                                                                       |
|   local_weights_ds_803_U                                                                      |       |       |     | 1    |      |     |        |         |         |                                               |                                                                                                                                       |
|     bind_storage ram_1p                                                                       |       |       |     |      |      |     |        | auto    | 1       | local_weights_ds_803                          | top_new.cpp:164                                                                                                                       |
|   local_weights_ds_804_U                                                                      |       |       |     | 1    |      |     |        |         |         |                                               |                                                                                                                                       |
|     bind_storage ram_1p                                                                       |       |       |     |      |      |     |        | auto    | 1       | local_weights_ds_804                          | top_new.cpp:164                                                                                                                       |
|   local_weights_ds_805_U                                                                      |       |       |     | 1    |      |     |        |         |         |                                               |                                                                                                                                       |
|     bind_storage ram_1p                                                                       |       |       |     |      |      |     |        | auto    | 1       | local_weights_ds_805                          | top_new.cpp:164                                                                                                                       |
|   local_weights_ds_806_U                                                                      | 32    |       |     | 1    |      |     |        |         |         |                                               |                                                                                                                                       |
|     bind_storage ram_1p                                                                       |       |       |     |      |      |     |        | auto    | 1       | local_weights_ds_806                          | top_new.cpp:164                                                                                                                       |
|   local_weights_ds_807_U                                                                      |       |       |     | 1    |      |     |        |         |         |                                               |                                                                                                                                       |
|     bind_storage ram_1p                                                                       |       |       |     |      |      |     |        | auto    | 1       | local_weights_ds_807                          | top_new.cpp:164                                                                                                                       |
|   local_weights_ds_808_U                                                                      |       |       |     | 1    |      |     |        |         |         |                                               |                                                                                                                                       |
|     bind_storage ram_1p                                                                       |       |       |     |      |      |     |        | auto    | 1       | local_weights_ds_808                          | top_new.cpp:164                                                                                                                       |
|   local_weights_ds_809_U                                                                      |       |       |     | 1    |      |     |        |         |         |                                               |                                                                                                                                       |
|     bind_storage ram_1p                                                                       |       |       |     |      |      |     |        | auto    | 1       | local_weights_ds_809                          | top_new.cpp:164                                                                                                                       |
|   local_weights_ds_810_U                                                                      | 32    |       |     | 1    |      |     |        |         |         |                                               |                                                                                                                                       |
|     bind_storage ram_1p                                                                       |       |       |     |      |      |     |        | auto    | 1       | local_weights_ds_810                          | top_new.cpp:164                                                                                                                       |
|   local_weights_ds_811_U                                                                      |       |       |     | 1    |      |     |        |         |         |                                               |                                                                                                                                       |
|     bind_storage ram_1p                                                                       |       |       |     |      |      |     |        | auto    | 1       | local_weights_ds_811                          | top_new.cpp:164                                                                                                                       |
|   local_weights_ds_812_U                                                                      |       |       |     | 1    |      |     |        |         |         |                                               |                                                                                                                                       |
|     bind_storage ram_1p                                                                       |       |       |     |      |      |     |        | auto    | 1       | local_weights_ds_812                          | top_new.cpp:164                                                                                                                       |
|   local_weights_ds_813_U                                                                      |       |       |     | 1    |      |     |        |         |         |                                               |                                                                                                                                       |
|     bind_storage ram_1p                                                                       |       |       |     |      |      |     |        | auto    | 1       | local_weights_ds_813                          | top_new.cpp:164                                                                                                                       |
|   local_weights_ds_814_U                                                                      | 32    |       |     | 1    |      |     |        |         |         |                                               |                                                                                                                                       |
|     bind_storage ram_1p                                                                       |       |       |     |      |      |     |        | auto    | 1       | local_weights_ds_814                          | top_new.cpp:164                                                                                                                       |
|   local_weights_ds_815_U                                                                      |       |       |     | 1    |      |     |        |         |         |                                               |                                                                                                                                       |
|     bind_storage ram_1p                                                                       |       |       |     |      |      |     |        | auto    | 1       | local_weights_ds_815                          | top_new.cpp:164                                                                                                                       |
|   local_weights_ds_816_U                                                                      |       |       |     | 1    |      |     |        |         |         |                                               |                                                                                                                                       |
|     bind_storage ram_1p                                                                       |       |       |     |      |      |     |        | auto    | 1       | local_weights_ds_816                          | top_new.cpp:164                                                                                                                       |
|   local_weights_ds_817_U                                                                      |       |       |     | 1    |      |     |        |         |         |                                               |                                                                                                                                       |
|     bind_storage ram_1p                                                                       |       |       |     |      |      |     |        | auto    | 1       | local_weights_ds_817                          | top_new.cpp:164                                                                                                                       |
|   local_weights_ds_818_U                                                                      | 64    |       |     | 1    |      |     |        |         |         |                                               |                                                                                                                                       |
|     bind_storage ram_1p                                                                       |       |       |     |      |      |     |        | auto    | 1       | local_weights_ds_818                          | top_new.cpp:164                                                                                                                       |
|   local_weights_ds_819_U                                                                      |       |       |     | 1    |      |     |        |         |         |                                               |                                                                                                                                       |
|     bind_storage ram_1p                                                                       |       |       |     |      |      |     |        | auto    | 1       | local_weights_ds_819                          | top_new.cpp:164                                                                                                                       |
|   local_weights_ds_820_U                                                                      |       |       |     | 1    |      |     |        |         |         |                                               |                                                                                                                                       |
|     bind_storage ram_1p                                                                       |       |       |     |      |      |     |        | auto    | 1       | local_weights_ds_820                          | top_new.cpp:164                                                                                                                       |
|   local_weights_ds_821_U                                                                      |       |       |     | 1    |      |     |        |         |         |                                               |                                                                                                                                       |
|     bind_storage ram_1p                                                                       |       |       |     |      |      |     |        | auto    | 1       | local_weights_ds_821                          | top_new.cpp:164                                                                                                                       |
|   local_weights_ds_822_U                                                                      | 32    |       |     | 1    |      |     |        |         |         |                                               |                                                                                                                                       |
|     bind_storage ram_1p                                                                       |       |       |     |      |      |     |        | auto    | 1       | local_weights_ds_822                          | top_new.cpp:164                                                                                                                       |
|   local_weights_ds_823_U                                                                      |       |       |     | 1    |      |     |        |         |         |                                               |                                                                                                                                       |
|     bind_storage ram_1p                                                                       |       |       |     |      |      |     |        | auto    | 1       | local_weights_ds_823                          | top_new.cpp:164                                                                                                                       |
|   local_weights_ds_824_U                                                                      |       |       |     | 1    |      |     |        |         |         |                                               |                                                                                                                                       |
|     bind_storage ram_1p                                                                       |       |       |     |      |      |     |        | auto    | 1       | local_weights_ds_824                          | top_new.cpp:164                                                                                                                       |
|   local_weights_ds_825_U                                                                      |       |       |     | 1    |      |     |        |         |         |                                               |                                                                                                                                       |
|     bind_storage ram_1p                                                                       |       |       |     |      |      |     |        | auto    | 1       | local_weights_ds_825                          | top_new.cpp:164                                                                                                                       |
|   local_weights_ds_826_U                                                                      | 32    |       |     | 1    |      |     |        |         |         |                                               |                                                                                                                                       |
|     bind_storage ram_1p                                                                       |       |       |     |      |      |     |        | auto    | 1       | local_weights_ds_826                          | top_new.cpp:164                                                                                                                       |
|   local_weights_ds_827_U                                                                      |       |       |     | 1    |      |     |        |         |         |                                               |                                                                                                                                       |
|     bind_storage ram_1p                                                                       |       |       |     |      |      |     |        | auto    | 1       | local_weights_ds_827                          | top_new.cpp:164                                                                                                                       |
|   local_weights_ds_828_U                                                                      |       |       |     | 1    |      |     |        |         |         |                                               |                                                                                                                                       |
|     bind_storage ram_1p                                                                       |       |       |     |      |      |     |        | auto    | 1       | local_weights_ds_828                          | top_new.cpp:164                                                                                                                       |
|   local_weights_ds_829_U                                                                      |       |       |     | 1    |      |     |        |         |         |                                               |                                                                                                                                       |
|     bind_storage ram_1p                                                                       |       |       |     |      |      |     |        | auto    | 1       | local_weights_ds_829                          | top_new.cpp:164                                                                                                                       |
|   local_weights_ds_830_U                                                                      | 32    |       |     | 1    |      |     |        |         |         |                                               |                                                                                                                                       |
|     bind_storage ram_1p                                                                       |       |       |     |      |      |     |        | auto    | 1       | local_weights_ds_830                          | top_new.cpp:164                                                                                                                       |
|   local_weights_ds_831_U                                                                      |       |       |     | 1    |      |     |        |         |         |                                               |                                                                                                                                       |
|     bind_storage ram_1p                                                                       |       |       |     |      |      |     |        | auto    | 1       | local_weights_ds_831                          | top_new.cpp:164                                                                                                                       |
|   local_weights_ds_832_U                                                                      |       |       |     | 1    |      |     |        |         |         |                                               |                                                                                                                                       |
|     bind_storage ram_1p                                                                       |       |       |     |      |      |     |        | auto    | 1       | local_weights_ds_832                          | top_new.cpp:164                                                                                                                       |
|   local_weights_ds_833_U                                                                      |       |       |     | 1    |      |     |        |         |         |                                               |                                                                                                                                       |
|     bind_storage ram_1p                                                                       |       |       |     |      |      |     |        | auto    | 1       | local_weights_ds_833                          | top_new.cpp:164                                                                                                                       |
|   local_weights_ds_834_U                                                                      | 32    |       |     | 1    |      |     |        |         |         |                                               |                                                                                                                                       |
|     bind_storage ram_1p                                                                       |       |       |     |      |      |     |        | auto    | 1       | local_weights_ds_834                          | top_new.cpp:164                                                                                                                       |
|   local_weights_ds_835_U                                                                      |       |       |     | 1    |      |     |        |         |         |                                               |                                                                                                                                       |
|     bind_storage ram_1p                                                                       |       |       |     |      |      |     |        | auto    | 1       | local_weights_ds_835                          | top_new.cpp:164                                                                                                                       |
|   local_weights_ds_836_U                                                                      |       |       |     | 1    |      |     |        |         |         |                                               |                                                                                                                                       |
|     bind_storage ram_1p                                                                       |       |       |     |      |      |     |        | auto    | 1       | local_weights_ds_836                          | top_new.cpp:164                                                                                                                       |
|   local_weights_ds_837_U                                                                      |       |       |     | 1    |      |     |        |         |         |                                               |                                                                                                                                       |
|     bind_storage ram_1p                                                                       |       |       |     |      |      |     |        | auto    | 1       | local_weights_ds_837                          | top_new.cpp:164                                                                                                                       |
|   local_weights_ds_838_U                                                                      | 32    |       |     | 1    |      |     |        |         |         |                                               |                                                                                                                                       |
|     bind_storage ram_1p                                                                       |       |       |     |      |      |     |        | auto    | 1       | local_weights_ds_838                          | top_new.cpp:164                                                                                                                       |
|   local_weights_ds_839_U                                                                      |       |       |     | 1    |      |     |        |         |         |                                               |                                                                                                                                       |
|     bind_storage ram_1p                                                                       |       |       |     |      |      |     |        | auto    | 1       | local_weights_ds_839                          | top_new.cpp:164                                                                                                                       |
|   local_weights_ds_840_U                                                                      |       |       |     | 1    |      |     |        |         |         |                                               |                                                                                                                                       |
|     bind_storage ram_1p                                                                       |       |       |     |      |      |     |        | auto    | 1       | local_weights_ds_840                          | top_new.cpp:164                                                                                                                       |
|   local_weights_ds_841_U                                                                      |       |       |     | 1    |      |     |        |         |         |                                               |                                                                                                                                       |
|     bind_storage ram_1p                                                                       |       |       |     |      |      |     |        | auto    | 1       | local_weights_ds_841                          | top_new.cpp:164                                                                                                                       |
|   local_weights_ds_842_U                                                                      | 32    |       |     | 1    |      |     |        |         |         |                                               |                                                                                                                                       |
|     bind_storage ram_1p                                                                       |       |       |     |      |      |     |        | auto    | 1       | local_weights_ds_842                          | top_new.cpp:164                                                                                                                       |
|   local_weights_ds_843_U                                                                      |       |       |     | 1    |      |     |        |         |         |                                               |                                                                                                                                       |
|     bind_storage ram_1p                                                                       |       |       |     |      |      |     |        | auto    | 1       | local_weights_ds_843                          | top_new.cpp:164                                                                                                                       |
|   local_weights_ds_844_U                                                                      |       |       |     | 1    |      |     |        |         |         |                                               |                                                                                                                                       |
|     bind_storage ram_1p                                                                       |       |       |     |      |      |     |        | auto    | 1       | local_weights_ds_844                          | top_new.cpp:164                                                                                                                       |
|   local_weights_ds_845_U                                                                      |       |       |     | 1    |      |     |        |         |         |                                               |                                                                                                                                       |
|     bind_storage ram_1p                                                                       |       |       |     |      |      |     |        | auto    | 1       | local_weights_ds_845                          | top_new.cpp:164                                                                                                                       |
|   local_weights_ds_846_U                                                                      | 32    |       |     | 1    |      |     |        |         |         |                                               |                                                                                                                                       |
|     bind_storage ram_1p                                                                       |       |       |     |      |      |     |        | auto    | 1       | local_weights_ds_846                          | top_new.cpp:164                                                                                                                       |
|   local_weights_ds_847_U                                                                      |       |       |     | 1    |      |     |        |         |         |                                               |                                                                                                                                       |
|     bind_storage ram_1p                                                                       |       |       |     |      |      |     |        | auto    | 1       | local_weights_ds_847                          | top_new.cpp:164                                                                                                                       |
|   local_weights_ds_848_U                                                                      |       |       |     | 1    |      |     |        |         |         |                                               |                                                                                                                                       |
|     bind_storage ram_1p                                                                       |       |       |     |      |      |     |        | auto    | 1       | local_weights_ds_848                          | top_new.cpp:164                                                                                                                       |
|   local_weights_ds_849_U                                                                      |       |       |     | 1    |      |     |        |         |         |                                               |                                                                                                                                       |
|     bind_storage ram_1p                                                                       |       |       |     |      |      |     |        | auto    | 1       | local_weights_ds_849                          | top_new.cpp:164                                                                                                                       |
|   local_weights_ds_850_U                                                                      | 32    |       |     | 1    |      |     |        |         |         |                                               |                                                                                                                                       |
|     bind_storage ram_1p                                                                       |       |       |     |      |      |     |        | auto    | 1       | local_weights_ds_850                          | top_new.cpp:164                                                                                                                       |
|   local_weights_ds_851_U                                                                      |       |       |     | 1    |      |     |        |         |         |                                               |                                                                                                                                       |
|     bind_storage ram_1p                                                                       |       |       |     |      |      |     |        | auto    | 1       | local_weights_ds_851                          | top_new.cpp:164                                                                                                                       |
|   local_weights_ds_852_U                                                                      |       |       |     | 1    |      |     |        |         |         |                                               |                                                                                                                                       |
|     bind_storage ram_1p                                                                       |       |       |     |      |      |     |        | auto    | 1       | local_weights_ds_852                          | top_new.cpp:164                                                                                                                       |
|   local_weights_ds_853_U                                                                      |       |       |     | 1    |      |     |        |         |         |                                               |                                                                                                                                       |
|     bind_storage ram_1p                                                                       |       |       |     |      |      |     |        | auto    | 1       | local_weights_ds_853                          | top_new.cpp:164                                                                                                                       |
|   local_weights_ds_854_U                                                                      | 32    |       |     | 1    |      |     |        |         |         |                                               |                                                                                                                                       |
|     bind_storage ram_1p                                                                       |       |       |     |      |      |     |        | auto    | 1       | local_weights_ds_854                          | top_new.cpp:164                                                                                                                       |
|   local_weights_ds_855_U                                                                      |       |       |     | 1    |      |     |        |         |         |                                               |                                                                                                                                       |
|     bind_storage ram_1p                                                                       |       |       |     |      |      |     |        | auto    | 1       | local_weights_ds_855                          | top_new.cpp:164                                                                                                                       |
|   local_weights_ds_856_U                                                                      |       |       |     | 1    |      |     |        |         |         |                                               |                                                                                                                                       |
|     bind_storage ram_1p                                                                       |       |       |     |      |      |     |        | auto    | 1       | local_weights_ds_856                          | top_new.cpp:164                                                                                                                       |
|   local_weights_ds_857_U                                                                      |       |       |     | 1    |      |     |        |         |         |                                               |                                                                                                                                       |
|     bind_storage ram_1p                                                                       |       |       |     |      |      |     |        | auto    | 1       | local_weights_ds_857                          | top_new.cpp:164                                                                                                                       |
|   local_weights_ds_858_U                                                                      | 32    |       |     | 1    |      |     |        |         |         |                                               |                                                                                                                                       |
|     bind_storage ram_1p                                                                       |       |       |     |      |      |     |        | auto    | 1       | local_weights_ds_858                          | top_new.cpp:164                                                                                                                       |
|   local_weights_ds_859_U                                                                      |       |       |     | 1    |      |     |        |         |         |                                               |                                                                                                                                       |
|     bind_storage ram_1p                                                                       |       |       |     |      |      |     |        | auto    | 1       | local_weights_ds_859                          | top_new.cpp:164                                                                                                                       |
|   local_weights_ds_860_U                                                                      |       |       |     | 1    |      |     |        |         |         |                                               |                                                                                                                                       |
|     bind_storage ram_1p                                                                       |       |       |     |      |      |     |        | auto    | 1       | local_weights_ds_860                          | top_new.cpp:164                                                                                                                       |
|   local_weights_ds_861_U                                                                      |       |       |     | 1    |      |     |        |         |         |                                               |                                                                                                                                       |
|     bind_storage ram_1p                                                                       |       |       |     |      |      |     |        | auto    | 1       | local_weights_ds_861                          | top_new.cpp:164                                                                                                                       |
|   local_weights_ds_862_U                                                                      | 32    |       |     | 1    |      |     |        |         |         |                                               |                                                                                                                                       |
|     bind_storage ram_1p                                                                       |       |       |     |      |      |     |        | auto    | 1       | local_weights_ds_862                          | top_new.cpp:164                                                                                                                       |
|   local_weights_ds_863_U                                                                      |       |       |     | 1    |      |     |        |         |         |                                               |                                                                                                                                       |
|     bind_storage ram_1p                                                                       |       |       |     |      |      |     |        | auto    | 1       | local_weights_ds_863                          | top_new.cpp:164                                                                                                                       |
|   local_weights_ds_864_U                                                                      |       |       |     | 1    |      |     |        |         |         |                                               |                                                                                                                                       |
|     bind_storage ram_1p                                                                       |       |       |     |      |      |     |        | auto    | 1       | local_weights_ds_864                          | top_new.cpp:164                                                                                                                       |
|   local_weights_ds_865_U                                                                      |       |       |     | 1    |      |     |        |         |         |                                               |                                                                                                                                       |
|     bind_storage ram_1p                                                                       |       |       |     |      |      |     |        | auto    | 1       | local_weights_ds_865                          | top_new.cpp:164                                                                                                                       |
|   local_weights_ds_866_U                                                                      | 32    |       |     | 1    |      |     |        |         |         |                                               |                                                                                                                                       |
|     bind_storage ram_1p                                                                       |       |       |     |      |      |     |        | auto    | 1       | local_weights_ds_866                          | top_new.cpp:164                                                                                                                       |
|   local_weights_ds_867_U                                                                      |       |       |     | 1    |      |     |        |         |         |                                               |                                                                                                                                       |
|     bind_storage ram_1p                                                                       |       |       |     |      |      |     |        | auto    | 1       | local_weights_ds_867                          | top_new.cpp:164                                                                                                                       |
|   local_weights_ds_868_U                                                                      |       |       |     | 1    |      |     |        |         |         |                                               |                                                                                                                                       |
|     bind_storage ram_1p                                                                       |       |       |     |      |      |     |        | auto    | 1       | local_weights_ds_868                          | top_new.cpp:164                                                                                                                       |
|   local_weights_ds_869_U                                                                      |       |       |     | 1    |      |     |        |         |         |                                               |                                                                                                                                       |
|     bind_storage ram_1p                                                                       |       |       |     |      |      |     |        | auto    | 1       | local_weights_ds_869                          | top_new.cpp:164                                                                                                                       |
|   local_weights_ds_870_U                                                                      | 32    |       |     | 1    |      |     |        |         |         |                                               |                                                                                                                                       |
|     bind_storage ram_1p                                                                       |       |       |     |      |      |     |        | auto    | 1       | local_weights_ds_870                          | top_new.cpp:164                                                                                                                       |
|   local_weights_ds_871_U                                                                      |       |       |     | 1    |      |     |        |         |         |                                               |                                                                                                                                       |
|     bind_storage ram_1p                                                                       |       |       |     |      |      |     |        | auto    | 1       | local_weights_ds_871                          | top_new.cpp:164                                                                                                                       |
|   local_weights_ds_872_U                                                                      |       |       |     | 1    |      |     |        |         |         |                                               |                                                                                                                                       |
|     bind_storage ram_1p                                                                       |       |       |     |      |      |     |        | auto    | 1       | local_weights_ds_872                          | top_new.cpp:164                                                                                                                       |
|   local_weights_ds_873_U                                                                      |       |       |     | 1    |      |     |        |         |         |                                               |                                                                                                                                       |
|     bind_storage ram_1p                                                                       |       |       |     |      |      |     |        | auto    | 1       | local_weights_ds_873                          | top_new.cpp:164                                                                                                                       |
|   local_weights_ds_874_U                                                                      | 32    |       |     | 1    |      |     |        |         |         |                                               |                                                                                                                                       |
|     bind_storage ram_1p                                                                       |       |       |     |      |      |     |        | auto    | 1       | local_weights_ds_874                          | top_new.cpp:164                                                                                                                       |
|   local_weights_ds_875_U                                                                      |       |       |     | 1    |      |     |        |         |         |                                               |                                                                                                                                       |
|     bind_storage ram_1p                                                                       |       |       |     |      |      |     |        | auto    | 1       | local_weights_ds_875                          | top_new.cpp:164                                                                                                                       |
|   local_weights_ds_876_U                                                                      |       |       |     | 1    |      |     |        |         |         |                                               |                                                                                                                                       |
|     bind_storage ram_1p                                                                       |       |       |     |      |      |     |        | auto    | 1       | local_weights_ds_876                          | top_new.cpp:164                                                                                                                       |
|   local_weights_ds_877_U                                                                      |       |       |     | 1    |      |     |        |         |         |                                               |                                                                                                                                       |
|     bind_storage ram_1p                                                                       |       |       |     |      |      |     |        | auto    | 1       | local_weights_ds_877                          | top_new.cpp:164                                                                                                                       |
|   local_weights_ds_878_U                                                                      | 32    |       |     | 1    |      |     |        |         |         |                                               |                                                                                                                                       |
|     bind_storage ram_1p                                                                       |       |       |     |      |      |     |        | auto    | 1       | local_weights_ds_878                          | top_new.cpp:164                                                                                                                       |
|   local_weights_ds_879_U                                                                      |       |       |     | 1    |      |     |        |         |         |                                               |                                                                                                                                       |
|     bind_storage ram_1p                                                                       |       |       |     |      |      |     |        | auto    | 1       | local_weights_ds_879                          | top_new.cpp:164                                                                                                                       |
|   local_weights_ds_880_U                                                                      |       |       |     | 1    |      |     |        |         |         |                                               |                                                                                                                                       |
|     bind_storage ram_1p                                                                       |       |       |     |      |      |     |        | auto    | 1       | local_weights_ds_880                          | top_new.cpp:164                                                                                                                       |
|   local_weights_ds_881_U                                                                      |       |       |     | 1    |      |     |        |         |         |                                               |                                                                                                                                       |
|     bind_storage ram_1p                                                                       |       |       |     |      |      |     |        | auto    | 1       | local_weights_ds_881                          | top_new.cpp:164                                                                                                                       |
|   local_weights_ds_882_U                                                                      | 64    |       |     | 1    |      |     |        |         |         |                                               |                                                                                                                                       |
|     bind_storage ram_1p                                                                       |       |       |     |      |      |     |        | auto    | 1       | local_weights_ds_882                          | top_new.cpp:164                                                                                                                       |
|   local_weights_ds_883_U                                                                      |       |       |     | 1    |      |     |        |         |         |                                               |                                                                                                                                       |
|     bind_storage ram_1p                                                                       |       |       |     |      |      |     |        | auto    | 1       | local_weights_ds_883                          | top_new.cpp:164                                                                                                                       |
|   local_weights_ds_884_U                                                                      |       |       |     | 1    |      |     |        |         |         |                                               |                                                                                                                                       |
|     bind_storage ram_1p                                                                       |       |       |     |      |      |     |        | auto    | 1       | local_weights_ds_884                          | top_new.cpp:164                                                                                                                       |
|   local_weights_ds_885_U                                                                      |       |       |     | 1    |      |     |        |         |         |                                               |                                                                                                                                       |
|     bind_storage ram_1p                                                                       |       |       |     |      |      |     |        | auto    | 1       | local_weights_ds_885                          | top_new.cpp:164                                                                                                                       |
|   local_weights_ds_886_U                                                                      | 32    |       |     | 1    |      |     |        |         |         |                                               |                                                                                                                                       |
|     bind_storage ram_1p                                                                       |       |       |     |      |      |     |        | auto    | 1       | local_weights_ds_886                          | top_new.cpp:164                                                                                                                       |
|   local_weights_ds_887_U                                                                      |       |       |     | 1    |      |     |        |         |         |                                               |                                                                                                                                       |
|     bind_storage ram_1p                                                                       |       |       |     |      |      |     |        | auto    | 1       | local_weights_ds_887                          | top_new.cpp:164                                                                                                                       |
|   local_weights_ds_888_U                                                                      |       |       |     | 1    |      |     |        |         |         |                                               |                                                                                                                                       |
|     bind_storage ram_1p                                                                       |       |       |     |      |      |     |        | auto    | 1       | local_weights_ds_888                          | top_new.cpp:164                                                                                                                       |
|   local_weights_ds_889_U                                                                      |       |       |     | 1    |      |     |        |         |         |                                               |                                                                                                                                       |
|     bind_storage ram_1p                                                                       |       |       |     |      |      |     |        | auto    | 1       | local_weights_ds_889                          | top_new.cpp:164                                                                                                                       |
|   local_weights_ds_890_U                                                                      | 32    |       |     | 1    |      |     |        |         |         |                                               |                                                                                                                                       |
|     bind_storage ram_1p                                                                       |       |       |     |      |      |     |        | auto    | 1       | local_weights_ds_890                          | top_new.cpp:164                                                                                                                       |
|   local_weights_ds_891_U                                                                      |       |       |     | 1    |      |     |        |         |         |                                               |                                                                                                                                       |
|     bind_storage ram_1p                                                                       |       |       |     |      |      |     |        | auto    | 1       | local_weights_ds_891                          | top_new.cpp:164                                                                                                                       |
|   local_weights_ds_892_U                                                                      |       |       |     | 1    |      |     |        |         |         |                                               |                                                                                                                                       |
|     bind_storage ram_1p                                                                       |       |       |     |      |      |     |        | auto    | 1       | local_weights_ds_892                          | top_new.cpp:164                                                                                                                       |
|   local_weights_ds_893_U                                                                      |       |       |     | 1    |      |     |        |         |         |                                               |                                                                                                                                       |
|     bind_storage ram_1p                                                                       |       |       |     |      |      |     |        | auto    | 1       | local_weights_ds_893                          | top_new.cpp:164                                                                                                                       |
|   local_weights_ds_894_U                                                                      | 32    |       |     | 1    |      |     |        |         |         |                                               |                                                                                                                                       |
|     bind_storage ram_1p                                                                       |       |       |     |      |      |     |        | auto    | 1       | local_weights_ds_894                          | top_new.cpp:164                                                                                                                       |
|   local_weights_ds_895_U                                                                      |       |       |     | 1    |      |     |        |         |         |                                               |                                                                                                                                       |
|     bind_storage ram_1p                                                                       |       |       |     |      |      |     |        | auto    | 1       | local_weights_ds_895                          | top_new.cpp:164                                                                                                                       |
|   local_weights_ds_896_U                                                                      |       |       |     | 1    |      |     |        |         |         |                                               |                                                                                                                                       |
|     bind_storage ram_1p                                                                       |       |       |     |      |      |     |        | auto    | 1       | local_weights_ds_896                          | top_new.cpp:164                                                                                                                       |
|   local_weights_ds_897_U                                                                      |       |       |     | 1    |      |     |        |         |         |                                               |                                                                                                                                       |
|     bind_storage ram_1p                                                                       |       |       |     |      |      |     |        | auto    | 1       | local_weights_ds_897                          | top_new.cpp:164                                                                                                                       |
|   local_weights_ds_898_U                                                                      | 32    |       |     | 1    |      |     |        |         |         |                                               |                                                                                                                                       |
|     bind_storage ram_1p                                                                       |       |       |     |      |      |     |        | auto    | 1       | local_weights_ds_898                          | top_new.cpp:164                                                                                                                       |
|   local_weights_ds_899_U                                                                      |       |       |     | 1    |      |     |        |         |         |                                               |                                                                                                                                       |
|     bind_storage ram_1p                                                                       |       |       |     |      |      |     |        | auto    | 1       | local_weights_ds_899                          | top_new.cpp:164                                                                                                                       |
|   local_weights_ds_900_U                                                                      |       |       |     | 1    |      |     |        |         |         |                                               |                                                                                                                                       |
|     bind_storage ram_1p                                                                       |       |       |     |      |      |     |        | auto    | 1       | local_weights_ds_900                          | top_new.cpp:164                                                                                                                       |
|   local_weights_ds_901_U                                                                      |       |       |     | 1    |      |     |        |         |         |                                               |                                                                                                                                       |
|     bind_storage ram_1p                                                                       |       |       |     |      |      |     |        | auto    | 1       | local_weights_ds_901                          | top_new.cpp:164                                                                                                                       |
|   local_weights_ds_902_U                                                                      | 32    |       |     | 1    |      |     |        |         |         |                                               |                                                                                                                                       |
|     bind_storage ram_1p                                                                       |       |       |     |      |      |     |        | auto    | 1       | local_weights_ds_902                          | top_new.cpp:164                                                                                                                       |
|   local_weights_ds_903_U                                                                      |       |       |     | 1    |      |     |        |         |         |                                               |                                                                                                                                       |
|     bind_storage ram_1p                                                                       |       |       |     |      |      |     |        | auto    | 1       | local_weights_ds_903                          | top_new.cpp:164                                                                                                                       |
|   local_weights_ds_904_U                                                                      |       |       |     | 1    |      |     |        |         |         |                                               |                                                                                                                                       |
|     bind_storage ram_1p                                                                       |       |       |     |      |      |     |        | auto    | 1       | local_weights_ds_904                          | top_new.cpp:164                                                                                                                       |
|   local_weights_ds_905_U                                                                      |       |       |     | 1    |      |     |        |         |         |                                               |                                                                                                                                       |
|     bind_storage ram_1p                                                                       |       |       |     |      |      |     |        | auto    | 1       | local_weights_ds_905                          | top_new.cpp:164                                                                                                                       |
|   local_weights_ds_906_U                                                                      | 32    |       |     | 1    |      |     |        |         |         |                                               |                                                                                                                                       |
|     bind_storage ram_1p                                                                       |       |       |     |      |      |     |        | auto    | 1       | local_weights_ds_906                          | top_new.cpp:164                                                                                                                       |
|   local_weights_ds_907_U                                                                      |       |       |     | 1    |      |     |        |         |         |                                               |                                                                                                                                       |
|     bind_storage ram_1p                                                                       |       |       |     |      |      |     |        | auto    | 1       | local_weights_ds_907                          | top_new.cpp:164                                                                                                                       |
|   local_weights_ds_908_U                                                                      |       |       |     | 1    |      |     |        |         |         |                                               |                                                                                                                                       |
|     bind_storage ram_1p                                                                       |       |       |     |      |      |     |        | auto    | 1       | local_weights_ds_908                          | top_new.cpp:164                                                                                                                       |
|   local_weights_ds_909_U                                                                      |       |       |     | 1    |      |     |        |         |         |                                               |                                                                                                                                       |
|     bind_storage ram_1p                                                                       |       |       |     |      |      |     |        | auto    | 1       | local_weights_ds_909                          | top_new.cpp:164                                                                                                                       |
|   local_weights_ds_910_U                                                                      | 32    |       |     | 1    |      |     |        |         |         |                                               |                                                                                                                                       |
|     bind_storage ram_1p                                                                       |       |       |     |      |      |     |        | auto    | 1       | local_weights_ds_910                          | top_new.cpp:164                                                                                                                       |
|   local_weights_ds_911_U                                                                      |       |       |     | 1    |      |     |        |         |         |                                               |                                                                                                                                       |
|     bind_storage ram_1p                                                                       |       |       |     |      |      |     |        | auto    | 1       | local_weights_ds_911                          | top_new.cpp:164                                                                                                                       |
|   local_weights_ds_912_U                                                                      |       |       |     | 1    |      |     |        |         |         |                                               |                                                                                                                                       |
|     bind_storage ram_1p                                                                       |       |       |     |      |      |     |        | auto    | 1       | local_weights_ds_912                          | top_new.cpp:164                                                                                                                       |
|   local_weights_ds_913_U                                                                      |       |       |     | 1    |      |     |        |         |         |                                               |                                                                                                                                       |
|     bind_storage ram_1p                                                                       |       |       |     |      |      |     |        | auto    | 1       | local_weights_ds_913                          | top_new.cpp:164                                                                                                                       |
|   local_weights_ds_914_U                                                                      | 32    |       |     | 1    |      |     |        |         |         |                                               |                                                                                                                                       |
|     bind_storage ram_1p                                                                       |       |       |     |      |      |     |        | auto    | 1       | local_weights_ds_914                          | top_new.cpp:164                                                                                                                       |
|   local_weights_ds_915_U                                                                      |       |       |     | 1    |      |     |        |         |         |                                               |                                                                                                                                       |
|     bind_storage ram_1p                                                                       |       |       |     |      |      |     |        | auto    | 1       | local_weights_ds_915                          | top_new.cpp:164                                                                                                                       |
|   local_weights_ds_916_U                                                                      |       |       |     | 1    |      |     |        |         |         |                                               |                                                                                                                                       |
|     bind_storage ram_1p                                                                       |       |       |     |      |      |     |        | auto    | 1       | local_weights_ds_916                          | top_new.cpp:164                                                                                                                       |
|   local_weights_ds_917_U                                                                      |       |       |     | 1    |      |     |        |         |         |                                               |                                                                                                                                       |
|     bind_storage ram_1p                                                                       |       |       |     |      |      |     |        | auto    | 1       | local_weights_ds_917                          | top_new.cpp:164                                                                                                                       |
|   local_weights_ds_918_U                                                                      | 32    |       |     | 1    |      |     |        |         |         |                                               |                                                                                                                                       |
|     bind_storage ram_1p                                                                       |       |       |     |      |      |     |        | auto    | 1       | local_weights_ds_918                          | top_new.cpp:164                                                                                                                       |
|   local_weights_ds_919_U                                                                      |       |       |     | 1    |      |     |        |         |         |                                               |                                                                                                                                       |
|     bind_storage ram_1p                                                                       |       |       |     |      |      |     |        | auto    | 1       | local_weights_ds_919                          | top_new.cpp:164                                                                                                                       |
|   local_weights_ds_920_U                                                                      |       |       |     | 1    |      |     |        |         |         |                                               |                                                                                                                                       |
|     bind_storage ram_1p                                                                       |       |       |     |      |      |     |        | auto    | 1       | local_weights_ds_920                          | top_new.cpp:164                                                                                                                       |
|   local_weights_ds_921_U                                                                      |       |       |     | 1    |      |     |        |         |         |                                               |                                                                                                                                       |
|     bind_storage ram_1p                                                                       |       |       |     |      |      |     |        | auto    | 1       | local_weights_ds_921                          | top_new.cpp:164                                                                                                                       |
|   local_weights_ds_922_U                                                                      | 32    |       |     | 1    |      |     |        |         |         |                                               |                                                                                                                                       |
|     bind_storage ram_1p                                                                       |       |       |     |      |      |     |        | auto    | 1       | local_weights_ds_922                          | top_new.cpp:164                                                                                                                       |
|   local_weights_ds_923_U                                                                      |       |       |     | 1    |      |     |        |         |         |                                               |                                                                                                                                       |
|     bind_storage ram_1p                                                                       |       |       |     |      |      |     |        | auto    | 1       | local_weights_ds_923                          | top_new.cpp:164                                                                                                                       |
|   local_weights_ds_924_U                                                                      |       |       |     | 1    |      |     |        |         |         |                                               |                                                                                                                                       |
|     bind_storage ram_1p                                                                       |       |       |     |      |      |     |        | auto    | 1       | local_weights_ds_924                          | top_new.cpp:164                                                                                                                       |
|   local_weights_ds_925_U                                                                      |       |       |     | 1    |      |     |        |         |         |                                               |                                                                                                                                       |
|     bind_storage ram_1p                                                                       |       |       |     |      |      |     |        | auto    | 1       | local_weights_ds_925                          | top_new.cpp:164                                                                                                                       |
|   local_weights_ds_926_U                                                                      | 32    |       |     | 1    |      |     |        |         |         |                                               |                                                                                                                                       |
|     bind_storage ram_1p                                                                       |       |       |     |      |      |     |        | auto    | 1       | local_weights_ds_926                          | top_new.cpp:164                                                                                                                       |
|   local_weights_ds_927_U                                                                      |       |       |     | 1    |      |     |        |         |         |                                               |                                                                                                                                       |
|     bind_storage ram_1p                                                                       |       |       |     |      |      |     |        | auto    | 1       | local_weights_ds_927                          | top_new.cpp:164                                                                                                                       |
|   local_weights_ds_928_U                                                                      |       |       |     | 1    |      |     |        |         |         |                                               |                                                                                                                                       |
|     bind_storage ram_1p                                                                       |       |       |     |      |      |     |        | auto    | 1       | local_weights_ds_928                          | top_new.cpp:164                                                                                                                       |
|   local_weights_ds_929_U                                                                      |       |       |     | 1    |      |     |        |         |         |                                               |                                                                                                                                       |
|     bind_storage ram_1p                                                                       |       |       |     |      |      |     |        | auto    | 1       | local_weights_ds_929                          | top_new.cpp:164                                                                                                                       |
|   local_weights_ds_930_U                                                                      | 32    |       |     | 1    |      |     |        |         |         |                                               |                                                                                                                                       |
|     bind_storage ram_1p                                                                       |       |       |     |      |      |     |        | auto    | 1       | local_weights_ds_930                          | top_new.cpp:164                                                                                                                       |
|   local_weights_ds_931_U                                                                      |       |       |     | 1    |      |     |        |         |         |                                               |                                                                                                                                       |
|     bind_storage ram_1p                                                                       |       |       |     |      |      |     |        | auto    | 1       | local_weights_ds_931                          | top_new.cpp:164                                                                                                                       |
|   local_weights_ds_932_U                                                                      |       |       |     | 1    |      |     |        |         |         |                                               |                                                                                                                                       |
|     bind_storage ram_1p                                                                       |       |       |     |      |      |     |        | auto    | 1       | local_weights_ds_932                          | top_new.cpp:164                                                                                                                       |
|   local_weights_ds_933_U                                                                      |       |       |     | 1    |      |     |        |         |         |                                               |                                                                                                                                       |
|     bind_storage ram_1p                                                                       |       |       |     |      |      |     |        | auto    | 1       | local_weights_ds_933                          | top_new.cpp:164                                                                                                                       |
|   local_weights_ds_934_U                                                                      | 32    |       |     | 1    |      |     |        |         |         |                                               |                                                                                                                                       |
|     bind_storage ram_1p                                                                       |       |       |     |      |      |     |        | auto    | 1       | local_weights_ds_934                          | top_new.cpp:164                                                                                                                       |
|   local_weights_ds_935_U                                                                      |       |       |     | 1    |      |     |        |         |         |                                               |                                                                                                                                       |
|     bind_storage ram_1p                                                                       |       |       |     |      |      |     |        | auto    | 1       | local_weights_ds_935                          | top_new.cpp:164                                                                                                                       |
|   local_weights_ds_936_U                                                                      |       |       |     | 1    |      |     |        |         |         |                                               |                                                                                                                                       |
|     bind_storage ram_1p                                                                       |       |       |     |      |      |     |        | auto    | 1       | local_weights_ds_936                          | top_new.cpp:164                                                                                                                       |
|   local_weights_ds_937_U                                                                      |       |       |     | 1    |      |     |        |         |         |                                               |                                                                                                                                       |
|     bind_storage ram_1p                                                                       |       |       |     |      |      |     |        | auto    | 1       | local_weights_ds_937                          | top_new.cpp:164                                                                                                                       |
|   local_weights_ds_938_U                                                                      | 32    |       |     | 1    |      |     |        |         |         |                                               |                                                                                                                                       |
|     bind_storage ram_1p                                                                       |       |       |     |      |      |     |        | auto    | 1       | local_weights_ds_938                          | top_new.cpp:164                                                                                                                       |
|   local_weights_ds_939_U                                                                      |       |       |     | 1    |      |     |        |         |         |                                               |                                                                                                                                       |
|     bind_storage ram_1p                                                                       |       |       |     |      |      |     |        | auto    | 1       | local_weights_ds_939                          | top_new.cpp:164                                                                                                                       |
|   local_weights_ds_940_U                                                                      |       |       |     | 1    |      |     |        |         |         |                                               |                                                                                                                                       |
|     bind_storage ram_1p                                                                       |       |       |     |      |      |     |        | auto    | 1       | local_weights_ds_940                          | top_new.cpp:164                                                                                                                       |
|   local_weights_ds_941_U                                                                      |       |       |     | 1    |      |     |        |         |         |                                               |                                                                                                                                       |
|     bind_storage ram_1p                                                                       |       |       |     |      |      |     |        | auto    | 1       | local_weights_ds_941                          | top_new.cpp:164                                                                                                                       |
|   local_weights_ds_942_U                                                                      | 32    |       |     | 1    |      |     |        |         |         |                                               |                                                                                                                                       |
|     bind_storage ram_1p                                                                       |       |       |     |      |      |     |        | auto    | 1       | local_weights_ds_942                          | top_new.cpp:164                                                                                                                       |
|   local_weights_ds_943_U                                                                      |       |       |     | 1    |      |     |        |         |         |                                               |                                                                                                                                       |
|     bind_storage ram_1p                                                                       |       |       |     |      |      |     |        | auto    | 1       | local_weights_ds_943                          | top_new.cpp:164                                                                                                                       |
|   local_weights_ds_944_U                                                                      |       |       |     | 1    |      |     |        |         |         |                                               |                                                                                                                                       |
|     bind_storage ram_1p                                                                       |       |       |     |      |      |     |        | auto    | 1       | local_weights_ds_944                          | top_new.cpp:164                                                                                                                       |
|   local_weights_ds_945_U                                                                      |       |       |     | 1    |      |     |        |         |         |                                               |                                                                                                                                       |
|     bind_storage ram_1p                                                                       |       |       |     |      |      |     |        | auto    | 1       | local_weights_ds_945                          | top_new.cpp:164                                                                                                                       |
|   local_weights_ds_946_U                                                                      | 96    |       |     | 1    |      |     |        |         |         |                                               |                                                                                                                                       |
|     bind_storage ram_1p                                                                       |       |       |     |      |      |     |        | auto    | 1       | local_weights_ds_946                          | top_new.cpp:164                                                                                                                       |
|   local_weights_ds_947_U                                                                      |       |       |     | 1    |      |     |        |         |         |                                               |                                                                                                                                       |
|     bind_storage ram_1p                                                                       |       |       |     |      |      |     |        | auto    | 1       | local_weights_ds_947                          | top_new.cpp:164                                                                                                                       |
|   local_weights_ds_948_U                                                                      |       |       |     | 1    |      |     |        |         |         |                                               |                                                                                                                                       |
|     bind_storage ram_1p                                                                       |       |       |     |      |      |     |        | auto    | 1       | local_weights_ds_948                          | top_new.cpp:164                                                                                                                       |
|   local_weights_ds_949_U                                                                      |       |       |     | 1    |      |     |        |         |         |                                               |                                                                                                                                       |
|     bind_storage ram_1p                                                                       |       |       |     |      |      |     |        | auto    | 1       | local_weights_ds_949                          | top_new.cpp:164                                                                                                                       |
|   local_weights_ds_950_U                                                                      | 32    |       |     | 1    |      |     |        |         |         |                                               |                                                                                                                                       |
|     bind_storage ram_1p                                                                       |       |       |     |      |      |     |        | auto    | 1       | local_weights_ds_950                          | top_new.cpp:164                                                                                                                       |
|   local_weights_ds_951_U                                                                      |       |       |     | 1    |      |     |        |         |         |                                               |                                                                                                                                       |
|     bind_storage ram_1p                                                                       |       |       |     |      |      |     |        | auto    | 1       | local_weights_ds_951                          | top_new.cpp:164                                                                                                                       |
|   local_weights_ds_952_U                                                                      |       |       |     | 1    |      |     |        |         |         |                                               |                                                                                                                                       |
|     bind_storage ram_1p                                                                       |       |       |     |      |      |     |        | auto    | 1       | local_weights_ds_952                          | top_new.cpp:164                                                                                                                       |
|   local_weights_ds_953_U                                                                      |       |       |     | 1    |      |     |        |         |         |                                               |                                                                                                                                       |
|     bind_storage ram_1p                                                                       |       |       |     |      |      |     |        | auto    | 1       | local_weights_ds_953                          | top_new.cpp:164                                                                                                                       |
|   local_weights_ds_954_U                                                                      | 32    |       |     | 1    |      |     |        |         |         |                                               |                                                                                                                                       |
|     bind_storage ram_1p                                                                       |       |       |     |      |      |     |        | auto    | 1       | local_weights_ds_954                          | top_new.cpp:164                                                                                                                       |
|   local_weights_ds_955_U                                                                      |       |       |     | 1    |      |     |        |         |         |                                               |                                                                                                                                       |
|     bind_storage ram_1p                                                                       |       |       |     |      |      |     |        | auto    | 1       | local_weights_ds_955                          | top_new.cpp:164                                                                                                                       |
|   local_weights_ds_956_U                                                                      |       |       |     | 1    |      |     |        |         |         |                                               |                                                                                                                                       |
|     bind_storage ram_1p                                                                       |       |       |     |      |      |     |        | auto    | 1       | local_weights_ds_956                          | top_new.cpp:164                                                                                                                       |
|   local_weights_ds_957_U                                                                      |       |       |     | 1    |      |     |        |         |         |                                               |                                                                                                                                       |
|     bind_storage ram_1p                                                                       |       |       |     |      |      |     |        | auto    | 1       | local_weights_ds_957                          | top_new.cpp:164                                                                                                                       |
|   local_weights_ds_958_U                                                                      | 32    |       |     | 1    |      |     |        |         |         |                                               |                                                                                                                                       |
|     bind_storage ram_1p                                                                       |       |       |     |      |      |     |        | auto    | 1       | local_weights_ds_958                          | top_new.cpp:164                                                                                                                       |
|   local_weights_ds_959_U                                                                      |       |       |     | 1    |      |     |        |         |         |                                               |                                                                                                                                       |
|     bind_storage ram_1p                                                                       |       |       |     |      |      |     |        | auto    | 1       | local_weights_ds_959                          | top_new.cpp:164                                                                                                                       |
|   local_weights_ds_960_U                                                                      |       |       |     | 1    |      |     |        |         |         |                                               |                                                                                                                                       |
|     bind_storage ram_1p                                                                       |       |       |     |      |      |     |        | auto    | 1       | local_weights_ds_960                          | top_new.cpp:164                                                                                                                       |
|   local_weights_ds_961_U                                                                      |       |       |     | 1    |      |     |        |         |         |                                               |                                                                                                                                       |
|     bind_storage ram_1p                                                                       |       |       |     |      |      |     |        | auto    | 1       | local_weights_ds_961                          | top_new.cpp:164                                                                                                                       |
|   local_weights_ds_962_U                                                                      | 32    |       |     | 1    |      |     |        |         |         |                                               |                                                                                                                                       |
|     bind_storage ram_1p                                                                       |       |       |     |      |      |     |        | auto    | 1       | local_weights_ds_962                          | top_new.cpp:164                                                                                                                       |
|   local_weights_ds_963_U                                                                      |       |       |     | 1    |      |     |        |         |         |                                               |                                                                                                                                       |
|     bind_storage ram_1p                                                                       |       |       |     |      |      |     |        | auto    | 1       | local_weights_ds_963                          | top_new.cpp:164                                                                                                                       |
|   local_weights_ds_964_U                                                                      |       |       |     | 1    |      |     |        |         |         |                                               |                                                                                                                                       |
|     bind_storage ram_1p                                                                       |       |       |     |      |      |     |        | auto    | 1       | local_weights_ds_964                          | top_new.cpp:164                                                                                                                       |
|   local_weights_ds_965_U                                                                      |       |       |     | 1    |      |     |        |         |         |                                               |                                                                                                                                       |
|     bind_storage ram_1p                                                                       |       |       |     |      |      |     |        | auto    | 1       | local_weights_ds_965                          | top_new.cpp:164                                                                                                                       |
|   local_weights_ds_966_U                                                                      | 32    |       |     | 1    |      |     |        |         |         |                                               |                                                                                                                                       |
|     bind_storage ram_1p                                                                       |       |       |     |      |      |     |        | auto    | 1       | local_weights_ds_966                          | top_new.cpp:164                                                                                                                       |
|   local_weights_ds_967_U                                                                      |       |       |     | 1    |      |     |        |         |         |                                               |                                                                                                                                       |
|     bind_storage ram_1p                                                                       |       |       |     |      |      |     |        | auto    | 1       | local_weights_ds_967                          | top_new.cpp:164                                                                                                                       |
|   local_weights_ds_968_U                                                                      |       |       |     | 1    |      |     |        |         |         |                                               |                                                                                                                                       |
|     bind_storage ram_1p                                                                       |       |       |     |      |      |     |        | auto    | 1       | local_weights_ds_968                          | top_new.cpp:164                                                                                                                       |
|   local_weights_ds_969_U                                                                      |       |       |     | 1    |      |     |        |         |         |                                               |                                                                                                                                       |
|     bind_storage ram_1p                                                                       |       |       |     |      |      |     |        | auto    | 1       | local_weights_ds_969                          | top_new.cpp:164                                                                                                                       |
|   local_weights_ds_970_U                                                                      | 32    |       |     | 1    |      |     |        |         |         |                                               |                                                                                                                                       |
|     bind_storage ram_1p                                                                       |       |       |     |      |      |     |        | auto    | 1       | local_weights_ds_970                          | top_new.cpp:164                                                                                                                       |
|   local_weights_ds_971_U                                                                      |       |       |     | 1    |      |     |        |         |         |                                               |                                                                                                                                       |
|     bind_storage ram_1p                                                                       |       |       |     |      |      |     |        | auto    | 1       | local_weights_ds_971                          | top_new.cpp:164                                                                                                                       |
|   local_weights_ds_972_U                                                                      |       |       |     | 1    |      |     |        |         |         |                                               |                                                                                                                                       |
|     bind_storage ram_1p                                                                       |       |       |     |      |      |     |        | auto    | 1       | local_weights_ds_972                          | top_new.cpp:164                                                                                                                       |
|   local_weights_ds_973_U                                                                      |       |       |     | 1    |      |     |        |         |         |                                               |                                                                                                                                       |
|     bind_storage ram_1p                                                                       |       |       |     |      |      |     |        | auto    | 1       | local_weights_ds_973                          | top_new.cpp:164                                                                                                                       |
|   local_weights_ds_974_U                                                                      | 32    |       |     | 1    |      |     |        |         |         |                                               |                                                                                                                                       |
|     bind_storage ram_1p                                                                       |       |       |     |      |      |     |        | auto    | 1       | local_weights_ds_974                          | top_new.cpp:164                                                                                                                       |
|   local_weights_ds_975_U                                                                      |       |       |     | 1    |      |     |        |         |         |                                               |                                                                                                                                       |
|     bind_storage ram_1p                                                                       |       |       |     |      |      |     |        | auto    | 1       | local_weights_ds_975                          | top_new.cpp:164                                                                                                                       |
|   local_weights_ds_976_U                                                                      |       |       |     | 1    |      |     |        |         |         |                                               |                                                                                                                                       |
|     bind_storage ram_1p                                                                       |       |       |     |      |      |     |        | auto    | 1       | local_weights_ds_976                          | top_new.cpp:164                                                                                                                       |
|   local_weights_ds_977_U                                                                      |       |       |     | 1    |      |     |        |         |         |                                               |                                                                                                                                       |
|     bind_storage ram_1p                                                                       |       |       |     |      |      |     |        | auto    | 1       | local_weights_ds_977                          | top_new.cpp:164                                                                                                                       |
|   local_weights_ds_978_U                                                                      | 32    |       |     | 1    |      |     |        |         |         |                                               |                                                                                                                                       |
|     bind_storage ram_1p                                                                       |       |       |     |      |      |     |        | auto    | 1       | local_weights_ds_978                          | top_new.cpp:164                                                                                                                       |
|   local_weights_ds_979_U                                                                      |       |       |     | 1    |      |     |        |         |         |                                               |                                                                                                                                       |
|     bind_storage ram_1p                                                                       |       |       |     |      |      |     |        | auto    | 1       | local_weights_ds_979                          | top_new.cpp:164                                                                                                                       |
|   local_weights_ds_980_U                                                                      |       |       |     | 1    |      |     |        |         |         |                                               |                                                                                                                                       |
|     bind_storage ram_1p                                                                       |       |       |     |      |      |     |        | auto    | 1       | local_weights_ds_980                          | top_new.cpp:164                                                                                                                       |
|   local_weights_ds_981_U                                                                      |       |       |     | 1    |      |     |        |         |         |                                               |                                                                                                                                       |
|     bind_storage ram_1p                                                                       |       |       |     |      |      |     |        | auto    | 1       | local_weights_ds_981                          | top_new.cpp:164                                                                                                                       |
|   local_weights_ds_982_U                                                                      | 32    |       |     | 1    |      |     |        |         |         |                                               |                                                                                                                                       |
|     bind_storage ram_1p                                                                       |       |       |     |      |      |     |        | auto    | 1       | local_weights_ds_982                          | top_new.cpp:164                                                                                                                       |
|   local_weights_ds_983_U                                                                      |       |       |     | 1    |      |     |        |         |         |                                               |                                                                                                                                       |
|     bind_storage ram_1p                                                                       |       |       |     |      |      |     |        | auto    | 1       | local_weights_ds_983                          | top_new.cpp:164                                                                                                                       |
|   local_weights_ds_984_U                                                                      |       |       |     | 1    |      |     |        |         |         |                                               |                                                                                                                                       |
|     bind_storage ram_1p                                                                       |       |       |     |      |      |     |        | auto    | 1       | local_weights_ds_984                          | top_new.cpp:164                                                                                                                       |
|   local_weights_ds_985_U                                                                      |       |       |     | 1    |      |     |        |         |         |                                               |                                                                                                                                       |
|     bind_storage ram_1p                                                                       |       |       |     |      |      |     |        | auto    | 1       | local_weights_ds_985                          | top_new.cpp:164                                                                                                                       |
|   local_weights_ds_986_U                                                                      | 32    |       |     | 1    |      |     |        |         |         |                                               |                                                                                                                                       |
|     bind_storage ram_1p                                                                       |       |       |     |      |      |     |        | auto    | 1       | local_weights_ds_986                          | top_new.cpp:164                                                                                                                       |
|   local_weights_ds_987_U                                                                      |       |       |     | 1    |      |     |        |         |         |                                               |                                                                                                                                       |
|     bind_storage ram_1p                                                                       |       |       |     |      |      |     |        | auto    | 1       | local_weights_ds_987                          | top_new.cpp:164                                                                                                                       |
|   local_weights_ds_988_U                                                                      |       |       |     | 1    |      |     |        |         |         |                                               |                                                                                                                                       |
|     bind_storage ram_1p                                                                       |       |       |     |      |      |     |        | auto    | 1       | local_weights_ds_988                          | top_new.cpp:164                                                                                                                       |
|   local_weights_ds_989_U                                                                      |       |       |     | 1    |      |     |        |         |         |                                               |                                                                                                                                       |
|     bind_storage ram_1p                                                                       |       |       |     |      |      |     |        | auto    | 1       | local_weights_ds_989                          | top_new.cpp:164                                                                                                                       |
|   local_weights_ds_990_U                                                                      | 32    |       |     | 1    |      |     |        |         |         |                                               |                                                                                                                                       |
|     bind_storage ram_1p                                                                       |       |       |     |      |      |     |        | auto    | 1       | local_weights_ds_990                          | top_new.cpp:164                                                                                                                       |
|   local_weights_ds_991_U                                                                      |       |       |     | 1    |      |     |        |         |         |                                               |                                                                                                                                       |
|     bind_storage ram_1p                                                                       |       |       |     |      |      |     |        | auto    | 1       | local_weights_ds_991                          | top_new.cpp:164                                                                                                                       |
|   local_weights_ds_992_U                                                                      |       |       |     | 1    |      |     |        |         |         |                                               |                                                                                                                                       |
|     bind_storage ram_1p                                                                       |       |       |     |      |      |     |        | auto    | 1       | local_weights_ds_992                          | top_new.cpp:164                                                                                                                       |
|   local_weights_ds_993_U                                                                      |       |       |     | 1    |      |     |        |         |         |                                               |                                                                                                                                       |
|     bind_storage ram_1p                                                                       |       |       |     |      |      |     |        | auto    | 1       | local_weights_ds_993                          | top_new.cpp:164                                                                                                                       |
|   local_weights_ds_994_U                                                                      | 32    |       |     | 1    |      |     |        |         |         |                                               |                                                                                                                                       |
|     bind_storage ram_1p                                                                       |       |       |     |      |      |     |        | auto    | 1       | local_weights_ds_994                          | top_new.cpp:164                                                                                                                       |
|   local_weights_ds_995_U                                                                      |       |       |     | 1    |      |     |        |         |         |                                               |                                                                                                                                       |
|     bind_storage ram_1p                                                                       |       |       |     |      |      |     |        | auto    | 1       | local_weights_ds_995                          | top_new.cpp:164                                                                                                                       |
|   local_weights_ds_996_U                                                                      |       |       |     | 1    |      |     |        |         |         |                                               |                                                                                                                                       |
|     bind_storage ram_1p                                                                       |       |       |     |      |      |     |        | auto    | 1       | local_weights_ds_996                          | top_new.cpp:164                                                                                                                       |
|   local_weights_ds_997_U                                                                      |       |       |     | 1    |      |     |        |         |         |                                               |                                                                                                                                       |
|   local_weights_ds_998_U                                                                      | 32    |       |     | 1    |      |     |        |         |         |                                               |                                                                                                                                       |
|   local_weights_ds_999_U                                                                      |       |       |     | 1    |      |     |        |         |         |                                               |                                                                                                                                       |
|     bind_storage ram_1p                                                                       |       |       |     |      |      |     |        | auto    | 1       | local_weights_ds_999                          | top_new.cpp:164                                                                                                                       |
|   local_weights_ds_U                                                                          |       |       |     | 1    |      |     |        |         |         |                                               |                                                                                                                                       |
|     bind_storage ram_1p                                                                       |       |       |     |      |      |     |        | auto    | 1       | local_weights_ds                              | top_new.cpp:164                                                                                                                       |
|   mem1_m_axi_U                                                                                | 1349  | 1943  |     | 2    |      |     |        |         |         |                                               |                                                                                                                                       |
|   mem2_m_axi_U                                                                                | 561   | 862   |     | 1    |      |     |        |         |         |                                               |                                                                                                                                       |
|   mem3_m_axi_U                                                                                | 607   | 862   |     | 1    |      |     |        |         |         |                                               |                                                                                                                                       |
+-----------------------------------------------------------------------------------------------+-------+-------+-----+------+------+-----+--------+---------+---------+-----------------------------------------------+---------------------------------------------------------------------------------------------------------------------------------------+


================================================================
== RTL Synthesis Fail Fast
================================================================
+-----------------------------------------------------------+-----------+--------+--------+
| Criteria                                                  | Guideline | Actual | Status |
+-----------------------------------------------------------+-----------+--------+--------+
| LUT                                                       | 70%       | 2.82%  | OK     |
| FD                                                        | 50%       | 0.70%  | OK     |
| LUTRAM+SRL                                                | 25%       | 1.10%  | OK     |
| CARRY8                                                    | 25%       | 0.41%  | OK     |
| MUXF7                                                     | 15%       | 1.39%  | OK     |
| DSP                                                       | 80%       | 0.12%  | OK     |
| RAMB/FIFO                                                 | 80%       | 52.16% | OK     |
| URAM                                                      | 80%       | 0.00%  | OK     |
| DSP+RAMB+URAM (Avg)                                       | 70%       | 26.14% | OK     |
| BUFGCE* + BUFGCTRL                                        | 24        | 0      | OK     |
| DONT_TOUCH (cells/nets)                                   | 0         | 0      | OK     |
| MARK_DEBUG (nets)                                         | 0         | 0      | OK     |
| Control Sets                                              | 32400     | 590    | OK     |
| Average Fanout for modules > 100k cells                   | 4         | 0      | OK     |
| Non-FD high fanout nets > 10k loads                       | 0         | 0      | OK     |
+-----------------------------------------------------------+-----------+--------+--------+
| TIMING-6 (No common primary clock between related clocks) | 0         | 0      | OK     |
| TIMING-7 (No common node between related clocks)          | 0         | 0      | OK     |
| TIMING-8 (No common period between related clocks)        | 0         | 0      | OK     |
| TIMING-14 (LUT on the clock tree)                         | 0         | 0      | OK     |
| TIMING-35 (No common node in paths with the same clock)   | 0         | 0      | OK     |
+-----------------------------------------------------------+-----------+--------+--------+
| Number of paths above max LUT budgeting (0.300ns)         | 0         | 0      | OK     |
| Number of paths above max Net budgeting (0.208ns)         | 0         | 0      | OK     |
+-----------------------------------------------------------+-----------+--------+--------+


================================================================
== RTL Synthesis Timing Paths
================================================================
* Timing was met
+-------+-------+-----------------------------------------------------------------------------------------------------+--------------------------------------------------------------+--------------+------------+----------------+----------------+--------------+
| Path  | SLACK | STARTPOINT PIN                                                                                      | ENDPOINT PIN                                                 | LOGIC LEVELS | MAX FANOUT | DATAPATH DELAY | DATAPATH LOGIC | DATAPATH NET |
|       |       |                                                                                                     |                                                              |              |            |                |          DELAY |        DELAY |
+-------+-------+-----------------------------------------------------------------------------------------------------+--------------------------------------------------------------+--------------+------------+----------------+----------------+--------------+
| Path1 | 2.536 | i_synth/ADDSUB_OP.ADDSUB/DSP.OP/DSP48E1_BODY.EXP/BMA_EXP_DELAY/i_pipe/opt_has_pipe.first_q_reg[5]/C | faddfsub_32ns_32ns_32_3_full_dsp_1_U2217/din0_buf1_reg[28]/D |           24 |         59 |          7.446 |          4.341 |        3.105 |
| Path2 | 2.547 | i_synth/ADDSUB_OP.ADDSUB/DSP.OP/DSP48E1_BODY.EXP/BMA_EXP_DELAY/i_pipe/opt_has_pipe.first_q_reg[5]/C | faddfsub_32ns_32ns_32_3_full_dsp_1_U2217/din0_buf1_reg[30]/D |           24 |         59 |          7.435 |          4.341 |        3.094 |
| Path3 | 2.574 | i_synth/ADDSUB_OP.ADDSUB/DSP.OP/DSP48E1_BODY.EXP/BMA_EXP_DELAY/i_pipe/opt_has_pipe.first_q_reg[5]/C | faddfsub_32ns_32ns_32_3_full_dsp_1_U2217/din0_buf1_reg[29]/D |           24 |         59 |          7.408 |          4.277 |        3.131 |
| Path4 | 2.705 | i_synth/ADDSUB_OP.ADDSUB/DSP.OP/DSP48E1_BODY.EXP/BMA_EXP_DELAY/i_pipe/opt_has_pipe.first_q_reg[5]/C | faddfsub_32ns_32ns_32_3_full_dsp_1_U2217/din0_buf1_reg[22]/D |           23 |         59 |          7.277 |          4.876 |        2.401 |
| Path5 | 2.745 | i_synth/ADDSUB_OP.ADDSUB/DSP.OP/DSP48E1_BODY.EXP/BMA_EXP_DELAY/i_pipe/opt_has_pipe.first_q_reg[5]/C | faddfsub_32ns_32ns_32_3_full_dsp_1_U2217/din0_buf1_reg[20]/D |           23 |         59 |          7.237 |          4.851 |        2.386 |
+-------+-------+-----------------------------------------------------------------------------------------------------+--------------------------------------------------------------+--------------+------------+----------------+----------------+--------------+

    +------------------------------------------------------------------------------------------------------------------------------------+------------------------+
    | Path1 Cells                                                                                                                        | Primitive Type         |
    +------------------------------------------------------------------------------------------------------------------------------------+------------------------+
    | i_synth/ADDSUB_OP.ADDSUB/DSP.OP/DSP48E1_BODY.EXP/BMA_EXP_DELAY/i_pipe/opt_has_pipe.first_q_reg[5]                                  | REGISTER.SDR.FDRE      |
    | i_synth/ADDSUB_OP.ADDSUB/DSP.OP/DSP48E1_BODY.EXP/BMA_EXP_DELAY/i_pipe/i_no_versal_es1_workaround.DSP_i_64                          | CLB.LUT.LUT6           |
    | i_synth/ADDSUB_OP.ADDSUB/DSP.OP/DSP48E1_BODY.ALIGN_ADD/DSP2/i_no_versal_es1_workaround.DSP/DSP_PREADD_DATA_INST                    | ARITHMETIC.DSP.DSP48E2 |
    | i_synth/ADDSUB_OP.ADDSUB/DSP.OP/DSP48E1_BODY.ALIGN_ADD/DSP2/i_no_versal_es1_workaround.DSP/DSP_PREADD_INST                         | ARITHMETIC.DSP.DSP48E2 |
    | i_synth/ADDSUB_OP.ADDSUB/DSP.OP/DSP48E1_BODY.ALIGN_ADD/DSP2/i_no_versal_es1_workaround.DSP/DSP_MULTIPLIER_INST                     | ARITHMETIC.DSP.DSP48E2 |
    | i_synth/ADDSUB_OP.ADDSUB/DSP.OP/DSP48E1_BODY.ALIGN_ADD/DSP2/i_no_versal_es1_workaround.DSP/DSP_M_DATA_INST                         | ARITHMETIC.DSP.DSP48E2 |
    | i_synth/ADDSUB_OP.ADDSUB/DSP.OP/DSP48E1_BODY.ALIGN_ADD/DSP2/i_no_versal_es1_workaround.DSP/DSP_ALU_INST                            | ARITHMETIC.DSP.DSP48E2 |
    | i_synth/ADDSUB_OP.ADDSUB/DSP.OP/DSP48E1_BODY.ALIGN_ADD/DSP2/i_no_versal_es1_workaround.DSP/DSP_OUTPUT_INST                         | ARITHMETIC.DSP.DSP48E2 |
    | i_synth/ADDSUB_OP.ADDSUB/DSP.OP/DSP48E1_BODY.ALIGN_ADD/DSP2/DIST_ENC[2].LSB_i_1                                                    | CLB.LUT.LUT2           |
    | i_synth/ADDSUB_OP.ADDSUB/DSP.OP/DSP48E1_BODY.NORM_RND/FULL_USAGE_DSP.LOD/DIST_ENC[2].MSB                                           | CLB.LUT.LUT5           |
    | i_synth/ADDSUB_OP.ADDSUB/DSP.OP/DSP48E1_BODY.NORM_RND/FULL_USAGE_DSP.LOD/i_no_versal_es1_workaround.DSP_i_42                       | CLB.LUT.LUT6           |
    | i_synth/ADDSUB_OP.ADDSUB/DSP.OP/DSP48E1_BODY.NORM_RND/FULL_USAGE_DSP.LOD/i_no_versal_es1_workaround.DSP_i_38                       | CLB.LUT.LUT6           |
    | i_synth/ADDSUB_OP.ADDSUB/DSP.OP/DSP48E1_BODY.NORM_RND/FULL_USAGE_DSP.LOD/i_no_versal_es1_workaround.DSP_i_37                       | CLB.LUT.LUT5           |
    | i_synth/ADDSUB_OP.ADDSUB/DSP.OP/DSP48E1_BODY.EXP/EXP_OFF.STRUCT_ADD/i_no_versal_es1_workaround.DSP_i_36                            | CLB.LUT.LUT5           |
    | i_synth/ADDSUB_OP.ADDSUB/DSP.OP/DSP48E1_BODY.EXP/EXP_OFF.STRUCT_ADD/i_no_versal_es1_workaround.DSP_i_29                            | CLB.LUT.LUT2           |
    | i_synth/ADDSUB_OP.ADDSUB/DSP.OP/DSP48E1_BODY.NORM_RND/FULL_USAGE_DSP.SHIFT_RND/i_no_versal_es1_workaround.DSP/DSP_C_DATA_INST      | ARITHMETIC.DSP.DSP48E2 |
    | i_synth/ADDSUB_OP.ADDSUB/DSP.OP/DSP48E1_BODY.NORM_RND/FULL_USAGE_DSP.SHIFT_RND/i_no_versal_es1_workaround.DSP/DSP_ALU_INST         | ARITHMETIC.DSP.DSP48E2 |
    | i_synth/ADDSUB_OP.ADDSUB/DSP.OP/DSP48E1_BODY.NORM_RND/FULL_USAGE_DSP.SHIFT_RND/i_no_versal_es1_workaround.DSP/DSP_OUTPUT_INST      | ARITHMETIC.DSP.DSP48E2 |
    | i_synth/ADDSUB_OP.ADDSUB/DSP.OP/DSP48E1_BODY.EXP/COND_DET_A/EXP_DET_LUT.EXP_ALL_ONE_DEL/i_pipe/m_axis_result_tdata[28]_INST_0      | CLB.LUT.LUT5           |
    | faddfsub_32ns_32ns_32_3_full_dsp_1_U2217/sum_fu_646[28]_i_1                                                                        | CLB.LUT.LUT3           |
    | grp_conv2d_stride_fu_7612/grp_conv2d_stride_Pipeline_VITIS_LOOP_288_5_VITIS_LOOP_290_6_VITIS_LOOP_292_7_fu_1560/din0_buf1[28]_i_12 | CLB.LUT.LUT5           |
    | grp_conv2d_stride_fu_7612/grp_conv2d_stride_Pipeline_VITIS_LOOP_288_5_VITIS_LOOP_290_6_VITIS_LOOP_292_7_fu_1560/din0_buf1[28]_i_7  | CLB.LUT.LUT3           |
    | grp_Add_4D_fu_7649/din0_buf1[28]_i_2__1                                                                                            | CLB.LUT.LUT6           |
    | grp_ResNet_Pipeline_VITIS_LOOP_342_5_fu_7659/din0_buf1[28]_i_1__3                                                                  | CLB.LUT.LUT6           |
    | faddfsub_32ns_32ns_32_3_full_dsp_1_U2217/din0_buf1_reg[28]                                                                         | REGISTER.SDR.FDRE      |
    +------------------------------------------------------------------------------------------------------------------------------------+------------------------+

    +------------------------------------------------------------------------------------------------------------------------------------+------------------------+
    | Path2 Cells                                                                                                                        | Primitive Type         |
    +------------------------------------------------------------------------------------------------------------------------------------+------------------------+
    | i_synth/ADDSUB_OP.ADDSUB/DSP.OP/DSP48E1_BODY.EXP/BMA_EXP_DELAY/i_pipe/opt_has_pipe.first_q_reg[5]                                  | REGISTER.SDR.FDRE      |
    | i_synth/ADDSUB_OP.ADDSUB/DSP.OP/DSP48E1_BODY.EXP/BMA_EXP_DELAY/i_pipe/i_no_versal_es1_workaround.DSP_i_64                          | CLB.LUT.LUT6           |
    | i_synth/ADDSUB_OP.ADDSUB/DSP.OP/DSP48E1_BODY.ALIGN_ADD/DSP2/i_no_versal_es1_workaround.DSP/DSP_PREADD_DATA_INST                    | ARITHMETIC.DSP.DSP48E2 |
    | i_synth/ADDSUB_OP.ADDSUB/DSP.OP/DSP48E1_BODY.ALIGN_ADD/DSP2/i_no_versal_es1_workaround.DSP/DSP_PREADD_INST                         | ARITHMETIC.DSP.DSP48E2 |
    | i_synth/ADDSUB_OP.ADDSUB/DSP.OP/DSP48E1_BODY.ALIGN_ADD/DSP2/i_no_versal_es1_workaround.DSP/DSP_MULTIPLIER_INST                     | ARITHMETIC.DSP.DSP48E2 |
    | i_synth/ADDSUB_OP.ADDSUB/DSP.OP/DSP48E1_BODY.ALIGN_ADD/DSP2/i_no_versal_es1_workaround.DSP/DSP_M_DATA_INST                         | ARITHMETIC.DSP.DSP48E2 |
    | i_synth/ADDSUB_OP.ADDSUB/DSP.OP/DSP48E1_BODY.ALIGN_ADD/DSP2/i_no_versal_es1_workaround.DSP/DSP_ALU_INST                            | ARITHMETIC.DSP.DSP48E2 |
    | i_synth/ADDSUB_OP.ADDSUB/DSP.OP/DSP48E1_BODY.ALIGN_ADD/DSP2/i_no_versal_es1_workaround.DSP/DSP_OUTPUT_INST                         | ARITHMETIC.DSP.DSP48E2 |
    | i_synth/ADDSUB_OP.ADDSUB/DSP.OP/DSP48E1_BODY.ALIGN_ADD/DSP2/DIST_ENC[2].LSB_i_1                                                    | CLB.LUT.LUT2           |
    | i_synth/ADDSUB_OP.ADDSUB/DSP.OP/DSP48E1_BODY.NORM_RND/FULL_USAGE_DSP.LOD/DIST_ENC[2].MSB                                           | CLB.LUT.LUT5           |
    | i_synth/ADDSUB_OP.ADDSUB/DSP.OP/DSP48E1_BODY.NORM_RND/FULL_USAGE_DSP.LOD/i_no_versal_es1_workaround.DSP_i_42                       | CLB.LUT.LUT6           |
    | i_synth/ADDSUB_OP.ADDSUB/DSP.OP/DSP48E1_BODY.NORM_RND/FULL_USAGE_DSP.LOD/i_no_versal_es1_workaround.DSP_i_38                       | CLB.LUT.LUT6           |
    | i_synth/ADDSUB_OP.ADDSUB/DSP.OP/DSP48E1_BODY.NORM_RND/FULL_USAGE_DSP.LOD/i_no_versal_es1_workaround.DSP_i_37                       | CLB.LUT.LUT5           |
    | i_synth/ADDSUB_OP.ADDSUB/DSP.OP/DSP48E1_BODY.EXP/EXP_OFF.STRUCT_ADD/i_no_versal_es1_workaround.DSP_i_36                            | CLB.LUT.LUT5           |
    | i_synth/ADDSUB_OP.ADDSUB/DSP.OP/DSP48E1_BODY.EXP/EXP_OFF.STRUCT_ADD/i_no_versal_es1_workaround.DSP_i_28                            | CLB.LUT.LUT3           |
    | i_synth/ADDSUB_OP.ADDSUB/DSP.OP/DSP48E1_BODY.NORM_RND/FULL_USAGE_DSP.SHIFT_RND/i_no_versal_es1_workaround.DSP/DSP_C_DATA_INST      | ARITHMETIC.DSP.DSP48E2 |
    | i_synth/ADDSUB_OP.ADDSUB/DSP.OP/DSP48E1_BODY.NORM_RND/FULL_USAGE_DSP.SHIFT_RND/i_no_versal_es1_workaround.DSP/DSP_ALU_INST         | ARITHMETIC.DSP.DSP48E2 |
    | i_synth/ADDSUB_OP.ADDSUB/DSP.OP/DSP48E1_BODY.NORM_RND/FULL_USAGE_DSP.SHIFT_RND/i_no_versal_es1_workaround.DSP/DSP_OUTPUT_INST      | ARITHMETIC.DSP.DSP48E2 |
    | i_synth/ADDSUB_OP.ADDSUB/DSP.OP/DSP48E1_BODY.EXP/COND_DET_A/EXP_DET_LUT.EXP_ALL_ONE_DEL/i_pipe/m_axis_result_tdata[30]_INST_0      | CLB.LUT.LUT5           |
    | faddfsub_32ns_32ns_32_3_full_dsp_1_U2217/sum_fu_646[30]_i_1                                                                        | CLB.LUT.LUT3           |
    | grp_conv2d_stride_fu_7612/grp_conv2d_stride_Pipeline_VITIS_LOOP_288_5_VITIS_LOOP_290_6_VITIS_LOOP_292_7_fu_1560/din0_buf1[30]_i_12 | CLB.LUT.LUT5           |
    | grp_conv2d_stride_fu_7612/grp_conv2d_stride_Pipeline_VITIS_LOOP_288_5_VITIS_LOOP_290_6_VITIS_LOOP_292_7_fu_1560/din0_buf1[30]_i_7  | CLB.LUT.LUT3           |
    | grp_Add_4D_fu_7649/din0_buf1[30]_i_2__1                                                                                            | CLB.LUT.LUT6           |
    | grp_ResNet_Pipeline_VITIS_LOOP_342_5_fu_7659/din0_buf1[30]_i_1__3                                                                  | CLB.LUT.LUT6           |
    | faddfsub_32ns_32ns_32_3_full_dsp_1_U2217/din0_buf1_reg[30]                                                                         | REGISTER.SDR.FDRE      |
    +------------------------------------------------------------------------------------------------------------------------------------+------------------------+

    +------------------------------------------------------------------------------------------------------------------------------------+------------------------+
    | Path3 Cells                                                                                                                        | Primitive Type         |
    +------------------------------------------------------------------------------------------------------------------------------------+------------------------+
    | i_synth/ADDSUB_OP.ADDSUB/DSP.OP/DSP48E1_BODY.EXP/BMA_EXP_DELAY/i_pipe/opt_has_pipe.first_q_reg[5]                                  | REGISTER.SDR.FDRE      |
    | i_synth/ADDSUB_OP.ADDSUB/DSP.OP/DSP48E1_BODY.EXP/BMA_EXP_DELAY/i_pipe/i_no_versal_es1_workaround.DSP_i_64                          | CLB.LUT.LUT6           |
    | i_synth/ADDSUB_OP.ADDSUB/DSP.OP/DSP48E1_BODY.ALIGN_ADD/DSP2/i_no_versal_es1_workaround.DSP/DSP_PREADD_DATA_INST                    | ARITHMETIC.DSP.DSP48E2 |
    | i_synth/ADDSUB_OP.ADDSUB/DSP.OP/DSP48E1_BODY.ALIGN_ADD/DSP2/i_no_versal_es1_workaround.DSP/DSP_PREADD_INST                         | ARITHMETIC.DSP.DSP48E2 |
    | i_synth/ADDSUB_OP.ADDSUB/DSP.OP/DSP48E1_BODY.ALIGN_ADD/DSP2/i_no_versal_es1_workaround.DSP/DSP_MULTIPLIER_INST                     | ARITHMETIC.DSP.DSP48E2 |
    | i_synth/ADDSUB_OP.ADDSUB/DSP.OP/DSP48E1_BODY.ALIGN_ADD/DSP2/i_no_versal_es1_workaround.DSP/DSP_M_DATA_INST                         | ARITHMETIC.DSP.DSP48E2 |
    | i_synth/ADDSUB_OP.ADDSUB/DSP.OP/DSP48E1_BODY.ALIGN_ADD/DSP2/i_no_versal_es1_workaround.DSP/DSP_ALU_INST                            | ARITHMETIC.DSP.DSP48E2 |
    | i_synth/ADDSUB_OP.ADDSUB/DSP.OP/DSP48E1_BODY.ALIGN_ADD/DSP2/i_no_versal_es1_workaround.DSP/DSP_OUTPUT_INST                         | ARITHMETIC.DSP.DSP48E2 |
    | i_synth/ADDSUB_OP.ADDSUB/DSP.OP/DSP48E1_BODY.ALIGN_ADD/DSP2/DIST_ENC[2].LSB_i_1                                                    | CLB.LUT.LUT2           |
    | i_synth/ADDSUB_OP.ADDSUB/DSP.OP/DSP48E1_BODY.NORM_RND/FULL_USAGE_DSP.LOD/DIST_ENC[2].MSB                                           | CLB.LUT.LUT5           |
    | i_synth/ADDSUB_OP.ADDSUB/DSP.OP/DSP48E1_BODY.NORM_RND/FULL_USAGE_DSP.LOD/i_no_versal_es1_workaround.DSP_i_42                       | CLB.LUT.LUT6           |
    | i_synth/ADDSUB_OP.ADDSUB/DSP.OP/DSP48E1_BODY.NORM_RND/FULL_USAGE_DSP.LOD/i_no_versal_es1_workaround.DSP_i_38                       | CLB.LUT.LUT6           |
    | i_synth/ADDSUB_OP.ADDSUB/DSP.OP/DSP48E1_BODY.NORM_RND/FULL_USAGE_DSP.LOD/i_no_versal_es1_workaround.DSP_i_37                       | CLB.LUT.LUT5           |
    | i_synth/ADDSUB_OP.ADDSUB/DSP.OP/DSP48E1_BODY.EXP/EXP_OFF.STRUCT_ADD/i_no_versal_es1_workaround.DSP_i_36                            | CLB.LUT.LUT5           |
    | i_synth/ADDSUB_OP.ADDSUB/DSP.OP/DSP48E1_BODY.EXP/EXP_OFF.STRUCT_ADD/i_no_versal_es1_workaround.DSP_i_28                            | CLB.LUT.LUT3           |
    | i_synth/ADDSUB_OP.ADDSUB/DSP.OP/DSP48E1_BODY.NORM_RND/FULL_USAGE_DSP.SHIFT_RND/i_no_versal_es1_workaround.DSP/DSP_C_DATA_INST      | ARITHMETIC.DSP.DSP48E2 |
    | i_synth/ADDSUB_OP.ADDSUB/DSP.OP/DSP48E1_BODY.NORM_RND/FULL_USAGE_DSP.SHIFT_RND/i_no_versal_es1_workaround.DSP/DSP_ALU_INST         | ARITHMETIC.DSP.DSP48E2 |
    | i_synth/ADDSUB_OP.ADDSUB/DSP.OP/DSP48E1_BODY.NORM_RND/FULL_USAGE_DSP.SHIFT_RND/i_no_versal_es1_workaround.DSP/DSP_OUTPUT_INST      | ARITHMETIC.DSP.DSP48E2 |
    | i_synth/ADDSUB_OP.ADDSUB/DSP.OP/DSP48E1_BODY.EXP/COND_DET_A/EXP_DET_LUT.EXP_ALL_ONE_DEL/i_pipe/m_axis_result_tdata[29]_INST_0      | CLB.LUT.LUT5           |
    | faddfsub_32ns_32ns_32_3_full_dsp_1_U2217/sum_fu_646[29]_i_1                                                                        | CLB.LUT.LUT3           |
    | grp_conv2d_stride_fu_7612/grp_conv2d_stride_Pipeline_VITIS_LOOP_288_5_VITIS_LOOP_290_6_VITIS_LOOP_292_7_fu_1560/din0_buf1[29]_i_12 | CLB.LUT.LUT5           |
    | grp_conv2d_stride_fu_7612/grp_conv2d_stride_Pipeline_VITIS_LOOP_288_5_VITIS_LOOP_290_6_VITIS_LOOP_292_7_fu_1560/din0_buf1[29]_i_7  | CLB.LUT.LUT3           |
    | grp_Add_4D_fu_7649/din0_buf1[29]_i_2__1                                                                                            | CLB.LUT.LUT6           |
    | grp_ResNet_Pipeline_VITIS_LOOP_342_5_fu_7659/din0_buf1[29]_i_1__3                                                                  | CLB.LUT.LUT6           |
    | faddfsub_32ns_32ns_32_3_full_dsp_1_U2217/din0_buf1_reg[29]                                                                         | REGISTER.SDR.FDRE      |
    +------------------------------------------------------------------------------------------------------------------------------------+------------------------+

    +------------------------------------------------------------------------------------------------------------------------------------+------------------------+
    | Path4 Cells                                                                                                                        | Primitive Type         |
    +------------------------------------------------------------------------------------------------------------------------------------+------------------------+
    | i_synth/ADDSUB_OP.ADDSUB/DSP.OP/DSP48E1_BODY.EXP/BMA_EXP_DELAY/i_pipe/opt_has_pipe.first_q_reg[5]                                  | REGISTER.SDR.FDRE      |
    | i_synth/ADDSUB_OP.ADDSUB/DSP.OP/DSP48E1_BODY.EXP/BMA_EXP_DELAY/i_pipe/i_no_versal_es1_workaround.DSP_i_64                          | CLB.LUT.LUT6           |
    | i_synth/ADDSUB_OP.ADDSUB/DSP.OP/DSP48E1_BODY.ALIGN_ADD/DSP2/i_no_versal_es1_workaround.DSP/DSP_PREADD_DATA_INST                    | ARITHMETIC.DSP.DSP48E2 |
    | i_synth/ADDSUB_OP.ADDSUB/DSP.OP/DSP48E1_BODY.ALIGN_ADD/DSP2/i_no_versal_es1_workaround.DSP/DSP_PREADD_INST                         | ARITHMETIC.DSP.DSP48E2 |
    | i_synth/ADDSUB_OP.ADDSUB/DSP.OP/DSP48E1_BODY.ALIGN_ADD/DSP2/i_no_versal_es1_workaround.DSP/DSP_MULTIPLIER_INST                     | ARITHMETIC.DSP.DSP48E2 |
    | i_synth/ADDSUB_OP.ADDSUB/DSP.OP/DSP48E1_BODY.ALIGN_ADD/DSP2/i_no_versal_es1_workaround.DSP/DSP_M_DATA_INST                         | ARITHMETIC.DSP.DSP48E2 |
    | i_synth/ADDSUB_OP.ADDSUB/DSP.OP/DSP48E1_BODY.ALIGN_ADD/DSP2/i_no_versal_es1_workaround.DSP/DSP_ALU_INST                            | ARITHMETIC.DSP.DSP48E2 |
    | i_synth/ADDSUB_OP.ADDSUB/DSP.OP/DSP48E1_BODY.ALIGN_ADD/DSP2/i_no_versal_es1_workaround.DSP/DSP_OUTPUT_INST                         | ARITHMETIC.DSP.DSP48E2 |
    | i_synth/ADDSUB_OP.ADDSUB/DSP.OP/DSP48E1_BODY.ALIGN_ADD/DSP2/DET_GEN[1].CARRY_MUX_i_1                                               | CLB.LUT.LUT5           |
    | i_synth/ADDSUB_OP.ADDSUB/DSP.OP/DSP48E1_BODY.NORM_RND/FULL_USAGE_DSP.LOD/DET_GEN[0].CARRY_MUX_CARRY4_CARRY8                        | CLB.CARRY.CARRY8       |
    | i_synth/ADDSUB_OP.ADDSUB/DSP.OP/DSP48E1_BODY.ALIGN_ADD/DSP2/i_no_versal_es1_workaround.DSP_i_1                                     | CLB.LUT.LUT5           |
    | i_synth/ADDSUB_OP.ADDSUB/DSP.OP/DSP48E1_BODY.NORM_RND/FULL_USAGE_DSP.SHIFT_RND/i_no_versal_es1_workaround.DSP/DSP_A_B_DATA_INST    | ARITHMETIC.DSP.DSP48E2 |
    | i_synth/ADDSUB_OP.ADDSUB/DSP.OP/DSP48E1_BODY.NORM_RND/FULL_USAGE_DSP.SHIFT_RND/i_no_versal_es1_workaround.DSP/DSP_PREADD_DATA_INST | ARITHMETIC.DSP.DSP48E2 |
    | i_synth/ADDSUB_OP.ADDSUB/DSP.OP/DSP48E1_BODY.NORM_RND/FULL_USAGE_DSP.SHIFT_RND/i_no_versal_es1_workaround.DSP/DSP_MULTIPLIER_INST  | ARITHMETIC.DSP.DSP48E2 |
    | i_synth/ADDSUB_OP.ADDSUB/DSP.OP/DSP48E1_BODY.NORM_RND/FULL_USAGE_DSP.SHIFT_RND/i_no_versal_es1_workaround.DSP/DSP_M_DATA_INST      | ARITHMETIC.DSP.DSP48E2 |
    | i_synth/ADDSUB_OP.ADDSUB/DSP.OP/DSP48E1_BODY.NORM_RND/FULL_USAGE_DSP.SHIFT_RND/i_no_versal_es1_workaround.DSP/DSP_ALU_INST         | ARITHMETIC.DSP.DSP48E2 |
    | i_synth/ADDSUB_OP.ADDSUB/DSP.OP/DSP48E1_BODY.NORM_RND/FULL_USAGE_DSP.SHIFT_RND/i_no_versal_es1_workaround.DSP/DSP_OUTPUT_INST      | ARITHMETIC.DSP.DSP48E2 |
    | i_synth/ADDSUB_OP.ADDSUB/DSP.OP/DSP48E1_BODY.EXP/COND_DET_A/EXP_DET_LUT.EXP_ALL_ONE_DEL/i_pipe/mant_op_inferred_i_1                | CLB.LUT.LUT5           |
    | faddfsub_32ns_32ns_32_3_full_dsp_1_U2217/sum_fu_646[22]_i_1                                                                        | CLB.LUT.LUT3           |
    | grp_conv2d_stride_fu_7612/grp_conv2d_stride_Pipeline_VITIS_LOOP_288_5_VITIS_LOOP_290_6_VITIS_LOOP_292_7_fu_1560/din0_buf1[22]_i_12 | CLB.LUT.LUT5           |
    | grp_conv2d_stride_fu_7612/grp_conv2d_stride_Pipeline_VITIS_LOOP_288_5_VITIS_LOOP_290_6_VITIS_LOOP_292_7_fu_1560/din0_buf1[22]_i_7  | CLB.LUT.LUT3           |
    | grp_Add_4D_fu_7649/din0_buf1[22]_i_2__1                                                                                            | CLB.LUT.LUT6           |
    | grp_ResNet_Pipeline_VITIS_LOOP_342_5_fu_7659/din0_buf1[22]_i_1__3                                                                  | CLB.LUT.LUT6           |
    | faddfsub_32ns_32ns_32_3_full_dsp_1_U2217/din0_buf1_reg[22]                                                                         | REGISTER.SDR.FDRE      |
    +------------------------------------------------------------------------------------------------------------------------------------+------------------------+

    +------------------------------------------------------------------------------------------------------------------------------------+------------------------+
    | Path5 Cells                                                                                                                        | Primitive Type         |
    +------------------------------------------------------------------------------------------------------------------------------------+------------------------+
    | i_synth/ADDSUB_OP.ADDSUB/DSP.OP/DSP48E1_BODY.EXP/BMA_EXP_DELAY/i_pipe/opt_has_pipe.first_q_reg[5]                                  | REGISTER.SDR.FDRE      |
    | i_synth/ADDSUB_OP.ADDSUB/DSP.OP/DSP48E1_BODY.EXP/BMA_EXP_DELAY/i_pipe/i_no_versal_es1_workaround.DSP_i_64                          | CLB.LUT.LUT6           |
    | i_synth/ADDSUB_OP.ADDSUB/DSP.OP/DSP48E1_BODY.ALIGN_ADD/DSP2/i_no_versal_es1_workaround.DSP/DSP_PREADD_DATA_INST                    | ARITHMETIC.DSP.DSP48E2 |
    | i_synth/ADDSUB_OP.ADDSUB/DSP.OP/DSP48E1_BODY.ALIGN_ADD/DSP2/i_no_versal_es1_workaround.DSP/DSP_PREADD_INST                         | ARITHMETIC.DSP.DSP48E2 |
    | i_synth/ADDSUB_OP.ADDSUB/DSP.OP/DSP48E1_BODY.ALIGN_ADD/DSP2/i_no_versal_es1_workaround.DSP/DSP_MULTIPLIER_INST                     | ARITHMETIC.DSP.DSP48E2 |
    | i_synth/ADDSUB_OP.ADDSUB/DSP.OP/DSP48E1_BODY.ALIGN_ADD/DSP2/i_no_versal_es1_workaround.DSP/DSP_M_DATA_INST                         | ARITHMETIC.DSP.DSP48E2 |
    | i_synth/ADDSUB_OP.ADDSUB/DSP.OP/DSP48E1_BODY.ALIGN_ADD/DSP2/i_no_versal_es1_workaround.DSP/DSP_ALU_INST                            | ARITHMETIC.DSP.DSP48E2 |
    | i_synth/ADDSUB_OP.ADDSUB/DSP.OP/DSP48E1_BODY.ALIGN_ADD/DSP2/i_no_versal_es1_workaround.DSP/DSP_OUTPUT_INST                         | ARITHMETIC.DSP.DSP48E2 |
    | i_synth/ADDSUB_OP.ADDSUB/DSP.OP/DSP48E1_BODY.ALIGN_ADD/DSP2/DET_GEN[1].CARRY_MUX_i_1                                               | CLB.LUT.LUT5           |
    | i_synth/ADDSUB_OP.ADDSUB/DSP.OP/DSP48E1_BODY.NORM_RND/FULL_USAGE_DSP.LOD/DET_GEN[0].CARRY_MUX_CARRY4_CARRY8                        | CLB.CARRY.CARRY8       |
    | i_synth/ADDSUB_OP.ADDSUB/DSP.OP/DSP48E1_BODY.ALIGN_ADD/DSP2/i_no_versal_es1_workaround.DSP_i_1                                     | CLB.LUT.LUT5           |
    | i_synth/ADDSUB_OP.ADDSUB/DSP.OP/DSP48E1_BODY.NORM_RND/FULL_USAGE_DSP.SHIFT_RND/i_no_versal_es1_workaround.DSP/DSP_A_B_DATA_INST    | ARITHMETIC.DSP.DSP48E2 |
    | i_synth/ADDSUB_OP.ADDSUB/DSP.OP/DSP48E1_BODY.NORM_RND/FULL_USAGE_DSP.SHIFT_RND/i_no_versal_es1_workaround.DSP/DSP_PREADD_DATA_INST | ARITHMETIC.DSP.DSP48E2 |
    | i_synth/ADDSUB_OP.ADDSUB/DSP.OP/DSP48E1_BODY.NORM_RND/FULL_USAGE_DSP.SHIFT_RND/i_no_versal_es1_workaround.DSP/DSP_MULTIPLIER_INST  | ARITHMETIC.DSP.DSP48E2 |
    | i_synth/ADDSUB_OP.ADDSUB/DSP.OP/DSP48E1_BODY.NORM_RND/FULL_USAGE_DSP.SHIFT_RND/i_no_versal_es1_workaround.DSP/DSP_M_DATA_INST      | ARITHMETIC.DSP.DSP48E2 |
    | i_synth/ADDSUB_OP.ADDSUB/DSP.OP/DSP48E1_BODY.NORM_RND/FULL_USAGE_DSP.SHIFT_RND/i_no_versal_es1_workaround.DSP/DSP_ALU_INST         | ARITHMETIC.DSP.DSP48E2 |
    | i_synth/ADDSUB_OP.ADDSUB/DSP.OP/DSP48E1_BODY.NORM_RND/FULL_USAGE_DSP.SHIFT_RND/i_no_versal_es1_workaround.DSP/DSP_OUTPUT_INST      | ARITHMETIC.DSP.DSP48E2 |
    | i_synth/ADDSUB_OP.ADDSUB/DSP.OP/DSP48E1_BODY.NORM_RND/FULL_USAGE_DSP.SHIFT_RND/mant_op_inferred_i_3                                | CLB.LUT.LUT2           |
    | faddfsub_32ns_32ns_32_3_full_dsp_1_U2217/sum_fu_646[20]_i_1                                                                        | CLB.LUT.LUT3           |
    | grp_conv2d_stride_fu_7612/grp_conv2d_stride_Pipeline_VITIS_LOOP_288_5_VITIS_LOOP_290_6_VITIS_LOOP_292_7_fu_1560/din0_buf1[20]_i_12 | CLB.LUT.LUT5           |
    | grp_conv2d_stride_fu_7612/grp_conv2d_stride_Pipeline_VITIS_LOOP_288_5_VITIS_LOOP_290_6_VITIS_LOOP_292_7_fu_1560/din0_buf1[20]_i_7  | CLB.LUT.LUT3           |
    | grp_Add_4D_fu_7649/din0_buf1[20]_i_2__1                                                                                            | CLB.LUT.LUT6           |
    | grp_ResNet_Pipeline_VITIS_LOOP_342_5_fu_7659/din0_buf1[20]_i_1__3                                                                  | CLB.LUT.LUT6           |
    | faddfsub_32ns_32ns_32_3_full_dsp_1_U2217/din0_buf1_reg[20]                                                                         | REGISTER.SDR.FDRE      |
    +------------------------------------------------------------------------------------------------------------------------------------+------------------------+


================================================================
== RTL Synthesis Vivado Reports
================================================================
+--------------------------+---------------------------------------------------------------+
| Report Type              | Report Location                                               |
+--------------------------+---------------------------------------------------------------+
| design_analysis          | impl/verilog/report/ResNet_design_analysis_synth.rpt          |
| failfast                 | impl/verilog/report/ResNet_failfast_synth.rpt                 |
| timing                   | impl/verilog/report/ResNet_timing_synth.rpt                   |
| timing_paths             | impl/verilog/report/ResNet_timing_paths_synth.rpt             |
| utilization              | impl/verilog/report/ResNet_utilization_synth.rpt              |
| utilization_hierarchical | impl/verilog/report/ResNet_utilization_hierarchical_synth.rpt |
+--------------------------+---------------------------------------------------------------+


