

================================================================
== Vitis HLS Report for 'compute_convolution_14_Pipeline_conv_loop'
================================================================
* Date:           Mon Apr 28 18:48:58 2025

* Version:        2024.2.2 (Build 6049644 on Mar  5 2025)
* Project:        project_1
* Solution:       solution1 (Vivado IP Flow Target)
* Product family: aversalaiedge
* Target device:  xave1752-vsva1596-1LJ-i-S


================================================================
== Performance Estimates
================================================================
+ Timing: 
    * Summary: 
    +--------+----------+----------+------------+
    |  Clock |  Target  | Estimated| Uncertainty|
    +--------+----------+----------+------------+
    |ap_clk  |  10.00 ns|  6.054 ns|     2.70 ns|
    +--------+----------+----------+------------+

+ Latency: 
    * Summary: 
    +---------+---------+-----------+-----------+------+------+------------------------------------------------+
    |  Latency (cycles) |   Latency (absolute)  |   Interval  |                    Pipeline                    |
    |   min   |   max   |    min    |    max    |  min |  max |                      Type                      |
    +---------+---------+-----------+-----------+------+------+------------------------------------------------+
    |     8419|     8419|  84.190 us|  84.190 us|  8192|  8192|  loop auto-rewind stp (delay=0 clock cycles(s))|
    +---------+---------+-----------+-----------+------+------+------------------------------------------------+

    + Detail: 
        * Instance: 
        N/A

        * Loop: 
        +-------------+---------+---------+----------+-----------+-----------+------+----------+
        |             |  Latency (cycles) | Iteration|  Initiation Interval  | Trip |          |
        |  Loop Name  |   min   |   max   |  Latency |  achieved |   target  | Count| Pipelined|
        +-------------+---------+---------+----------+-----------+-----------+------+----------+
        |- conv_loop  |     8417|     8417|       258|         32|          1|   256|       yes|
        +-------------+---------+---------+----------+-----------+-----------+------+----------+



================================================================
== Utilization Estimates
================================================================
* Summary: 
+-----------------+---------+------+--------+--------+-----+
|       Name      | BRAM_18K|  DSP |   FF   |   LUT  | URAM|
+-----------------+---------+------+--------+--------+-----+
|DSP              |        -|     -|       -|       -|    -|
|Expression       |        -|     -|       0|    2251|    -|
|FIFO             |        -|     -|       -|       -|    -|
|Instance         |        -|     8|       0|     520|    -|
|Memory           |        -|     -|       -|       -|    -|
|Multiplexer      |        -|     -|       0|   16240|    -|
|Register         |        -|     -|   11899|    3426|    -|
+-----------------+---------+------+--------+--------+-----+
|Total            |        0|     8|   11899|   22437|    0|
+-----------------+---------+------+--------+--------+-----+
|Available        |     1908|  1312|  897024|  448512|  462|
+-----------------+---------+------+--------+--------+-----+
|Utilization (%)  |        0|    ~0|       1|       5|    0|
+-----------------+---------+------+--------+--------+-----+

+ Detail: 
    * Instance: 
    +----------------------------------------------------+------------------------------------------------+---------+----+---+----+-----+
    |                      Instance                      |                     Module                     | BRAM_18K| DSP| FF| LUT| URAM|
    +----------------------------------------------------+------------------------------------------------+---------+----+---+----+-----+
    |fmadd_32ns_32ns_32ns_32ns_32_1_primitive_dsp_1_U15  |fmadd_32ns_32ns_32ns_32ns_32_1_primitive_dsp_1  |        0|   1|  0|   1|    0|
    |fmadd_32ns_32ns_32ns_32ns_32_1_primitive_dsp_1_U16  |fmadd_32ns_32ns_32ns_32ns_32_1_primitive_dsp_1  |        0|   1|  0|   1|    0|
    |fmadd_32ns_32ns_32ns_32ns_32_1_primitive_dsp_1_U17  |fmadd_32ns_32ns_32ns_32ns_32_1_primitive_dsp_1  |        0|   1|  0|   1|    0|
    |fmadd_32ns_32ns_32ns_32ns_32_1_primitive_dsp_1_U18  |fmadd_32ns_32ns_32ns_32ns_32_1_primitive_dsp_1  |        0|   1|  0|   1|    0|
    |fmadd_32ns_32ns_32ns_32ns_32_1_primitive_dsp_1_U19  |fmadd_32ns_32ns_32ns_32ns_32_1_primitive_dsp_1  |        0|   1|  0|   1|    0|
    |fmadd_32ns_32ns_32ns_32ns_32_1_primitive_dsp_1_U20  |fmadd_32ns_32ns_32ns_32ns_32_1_primitive_dsp_1  |        0|   1|  0|   1|    0|
    |fmadd_32ns_32ns_32ns_32ns_32_1_primitive_dsp_1_U21  |fmadd_32ns_32ns_32ns_32ns_32_1_primitive_dsp_1  |        0|   1|  0|   1|    0|
    |fmadd_32ns_32ns_32ns_32ns_32_1_primitive_dsp_1_U22  |fmadd_32ns_32ns_32ns_32ns_32_1_primitive_dsp_1  |        0|   1|  0|   1|    0|
    |sparsemux_9_2_32_1_1_U23                            |sparsemux_9_2_32_1_1                            |        0|   0|  0|  32|    0|
    |sparsemux_9_2_32_1_1_U24                            |sparsemux_9_2_32_1_1                            |        0|   0|  0|  32|    0|
    |sparsemux_9_2_32_1_1_U25                            |sparsemux_9_2_32_1_1                            |        0|   0|  0|  32|    0|
    |sparsemux_9_2_32_1_1_U26                            |sparsemux_9_2_32_1_1                            |        0|   0|  0|  32|    0|
    |sparsemux_9_2_32_1_1_U27                            |sparsemux_9_2_32_1_1                            |        0|   0|  0|  32|    0|
    |sparsemux_9_2_32_1_1_U28                            |sparsemux_9_2_32_1_1                            |        0|   0|  0|  32|    0|
    |sparsemux_9_2_32_1_1_U29                            |sparsemux_9_2_32_1_1                            |        0|   0|  0|  32|    0|
    |sparsemux_9_2_32_1_1_U30                            |sparsemux_9_2_32_1_1                            |        0|   0|  0|  32|    0|
    |sparsemux_9_2_32_1_1_U31                            |sparsemux_9_2_32_1_1                            |        0|   0|  0|  32|    0|
    |sparsemux_9_2_32_1_1_U32                            |sparsemux_9_2_32_1_1                            |        0|   0|  0|  32|    0|
    |sparsemux_9_2_32_1_1_U33                            |sparsemux_9_2_32_1_1                            |        0|   0|  0|  32|    0|
    |sparsemux_9_2_32_1_1_U34                            |sparsemux_9_2_32_1_1                            |        0|   0|  0|  32|    0|
    |sparsemux_9_2_32_1_1_U35                            |sparsemux_9_2_32_1_1                            |        0|   0|  0|  32|    0|
    |sparsemux_9_2_32_1_1_U36                            |sparsemux_9_2_32_1_1                            |        0|   0|  0|  32|    0|
    |sparsemux_9_2_32_1_1_U37                            |sparsemux_9_2_32_1_1                            |        0|   0|  0|  32|    0|
    |sparsemux_9_2_32_1_1_U38                            |sparsemux_9_2_32_1_1                            |        0|   0|  0|  32|    0|
    +----------------------------------------------------+------------------------------------------------+---------+----+---+----+-----+
    |Total                                               |                                                |        0|   8|  0| 520|    0|
    +----------------------------------------------------+------------------------------------------------+---------+----+---+----+-----+

    * DSP: 
    N/A

    * Memory: 
    N/A

    * FIFO: 
    N/A

    * Expression: 
    +--------------------------+----------+----+---+----+------------+------------+
    |       Variable Name      | Operation| DSP| FF| LUT| Bitwidth P0| Bitwidth P1|
    +--------------------------+----------+----+---+----+------------+------------+
    |add_ln37_100_fu_15199_p2  |         +|   0|  0|   9|           9|           7|
    |add_ln37_101_fu_15238_p2  |         +|   0|  0|   9|           9|           7|
    |add_ln37_102_fu_15277_p2  |         +|   0|  0|   9|           9|           7|
    |add_ln37_103_fu_15322_p2  |         +|   0|  0|   8|           7|           5|
    |add_ln37_104_fu_15351_p2  |         +|   0|  0|   9|           9|           7|
    |add_ln37_105_fu_15390_p2  |         +|   0|  0|   9|           9|           7|
    |add_ln37_106_fu_15429_p2  |         +|   0|  0|   9|           9|           7|
    |add_ln37_107_fu_15468_p2  |         +|   0|  0|   8|           7|           5|
    |add_ln37_108_fu_15497_p2  |         +|   0|  0|   9|           9|           7|
    |add_ln37_109_fu_15536_p2  |         +|   0|  0|   9|           9|           7|
    |add_ln37_10_fu_11865_p2   |         +|   0|  0|   9|           9|           4|
    |add_ln37_110_fu_15575_p2  |         +|   0|  0|   9|           9|           7|
    |add_ln37_111_fu_15620_p2  |         +|   0|  0|   8|           7|           5|
    |add_ln37_112_fu_15649_p2  |         +|   0|  0|   9|           9|           7|
    |add_ln37_113_fu_15688_p2  |         +|   0|  0|   9|           9|           7|
    |add_ln37_114_fu_15727_p2  |         +|   0|  0|   9|           9|           7|
    |add_ln37_115_fu_15766_p2  |         +|   0|  0|   8|           7|           5|
    |add_ln37_116_fu_15795_p2  |         +|   0|  0|   9|           9|           7|
    |add_ln37_117_fu_15834_p2  |         +|   0|  0|   9|           9|           7|
    |add_ln37_118_fu_15873_p2  |         +|   0|  0|   9|           9|           7|
    |add_ln37_119_fu_15918_p2  |         +|   0|  0|   8|           7|           5|
    |add_ln37_11_fu_11904_p2   |         +|   0|  0|   8|           7|           2|
    |add_ln37_120_fu_15947_p2  |         +|   0|  0|   9|           9|           7|
    |add_ln37_121_fu_15986_p2  |         +|   0|  0|   9|           9|           7|
    |add_ln37_122_fu_16025_p2  |         +|   0|  0|   9|           9|           7|
    |add_ln37_123_fu_16064_p2  |         +|   0|  0|   8|           7|           5|
    |add_ln37_124_fu_16093_p2  |         +|   0|  0|   9|           9|           7|
    |add_ln37_125_fu_16132_p2  |         +|   0|  0|   9|           9|           7|
    |add_ln37_126_fu_16171_p2  |         +|   0|  0|   9|           9|           7|
    |add_ln37_127_fu_16216_p2  |         +|   0|  0|   8|           7|           6|
    |add_ln37_128_fu_16245_p2  |         +|   0|  0|   9|           9|           8|
    |add_ln37_129_fu_16284_p2  |         +|   0|  0|   9|           9|           8|
    |add_ln37_12_fu_11933_p2   |         +|   0|  0|   9|           9|           4|
    |add_ln37_130_fu_16323_p2  |         +|   0|  0|   9|           9|           8|
    |add_ln37_131_fu_16362_p2  |         +|   0|  0|   8|           7|           6|
    |add_ln37_132_fu_16391_p2  |         +|   0|  0|   9|           9|           8|
    |add_ln37_133_fu_16430_p2  |         +|   0|  0|   9|           9|           8|
    |add_ln37_134_fu_16469_p2  |         +|   0|  0|   9|           9|           8|
    |add_ln37_135_fu_16514_p2  |         +|   0|  0|   8|           7|           6|
    |add_ln37_136_fu_16543_p2  |         +|   0|  0|   9|           9|           8|
    |add_ln37_137_fu_16582_p2  |         +|   0|  0|   9|           9|           8|
    |add_ln37_138_fu_16621_p2  |         +|   0|  0|   9|           9|           8|
    |add_ln37_139_fu_16660_p2  |         +|   0|  0|   8|           7|           6|
    |add_ln37_13_fu_11972_p2   |         +|   0|  0|   9|           9|           4|
    |add_ln37_140_fu_16689_p2  |         +|   0|  0|   9|           9|           8|
    |add_ln37_141_fu_16728_p2  |         +|   0|  0|   9|           9|           8|
    |add_ln37_142_fu_16767_p2  |         +|   0|  0|   9|           9|           8|
    |add_ln37_143_fu_16812_p2  |         +|   0|  0|   8|           7|           6|
    |add_ln37_144_fu_16841_p2  |         +|   0|  0|   9|           9|           8|
    |add_ln37_145_fu_16880_p2  |         +|   0|  0|   9|           9|           8|
    |add_ln37_146_fu_16919_p2  |         +|   0|  0|   9|           9|           8|
    |add_ln37_147_fu_16958_p2  |         +|   0|  0|   8|           7|           6|
    |add_ln37_148_fu_16987_p2  |         +|   0|  0|   9|           9|           8|
    |add_ln37_149_fu_17026_p2  |         +|   0|  0|   9|           9|           8|
    |add_ln37_14_fu_12011_p2   |         +|   0|  0|   9|           9|           4|
    |add_ln37_150_fu_17065_p2  |         +|   0|  0|   9|           9|           8|
    |add_ln37_151_fu_17107_p2  |         +|   0|  0|   8|           7|           6|
    |add_ln37_152_fu_17136_p2  |         +|   0|  0|   9|           9|           8|
    |add_ln37_153_fu_17175_p2  |         +|   0|  0|   9|           9|           8|
    |add_ln37_154_fu_17214_p2  |         +|   0|  0|   9|           9|           8|
    |add_ln37_155_fu_17253_p2  |         +|   0|  0|   8|           7|           6|
    |add_ln37_156_fu_17282_p2  |         +|   0|  0|   9|           9|           8|
    |add_ln37_157_fu_17321_p2  |         +|   0|  0|   9|           9|           8|
    |add_ln37_158_fu_17360_p2  |         +|   0|  0|   9|           9|           8|
    |add_ln37_159_fu_17405_p2  |         +|   0|  0|   8|           7|           6|
    |add_ln37_15_fu_12053_p2   |         +|   0|  0|   8|           7|           3|
    |add_ln37_160_fu_17434_p2  |         +|   0|  0|   9|           9|           8|
    |add_ln37_161_fu_17473_p2  |         +|   0|  0|   9|           9|           8|
    |add_ln37_162_fu_17512_p2  |         +|   0|  0|   9|           9|           8|
    |add_ln37_163_fu_17551_p2  |         +|   0|  0|   8|           7|           6|
    |add_ln37_164_fu_17580_p2  |         +|   0|  0|   9|           9|           8|
    |add_ln37_165_fu_17619_p2  |         +|   0|  0|   9|           9|           8|
    |add_ln37_166_fu_17658_p2  |         +|   0|  0|   9|           9|           8|
    |add_ln37_167_fu_17703_p2  |         +|   0|  0|   8|           7|           6|
    |add_ln37_168_fu_17732_p2  |         +|   0|  0|   9|           9|           8|
    |add_ln37_169_fu_17771_p2  |         +|   0|  0|   9|           9|           8|
    |add_ln37_16_fu_12082_p2   |         +|   0|  0|   9|           9|           5|
    |add_ln37_170_fu_17810_p2  |         +|   0|  0|   9|           9|           8|
    |add_ln37_171_fu_17849_p2  |         +|   0|  0|   8|           7|           6|
    |add_ln37_172_fu_17878_p2  |         +|   0|  0|   9|           9|           8|
    |add_ln37_173_fu_17917_p2  |         +|   0|  0|   9|           9|           8|
    |add_ln37_174_fu_17956_p2  |         +|   0|  0|   9|           9|           8|
    |add_ln37_175_fu_18001_p2  |         +|   0|  0|   8|           7|           6|
    |add_ln37_176_fu_18030_p2  |         +|   0|  0|   9|           9|           8|
    |add_ln37_177_fu_18069_p2  |         +|   0|  0|   9|           9|           8|
    |add_ln37_178_fu_18108_p2  |         +|   0|  0|   9|           9|           8|
    |add_ln37_179_fu_18147_p2  |         +|   0|  0|   8|           7|           6|
    |add_ln37_17_fu_12121_p2   |         +|   0|  0|   9|           9|           5|
    |add_ln37_180_fu_18176_p2  |         +|   0|  0|   9|           9|           8|
    |add_ln37_181_fu_18215_p2  |         +|   0|  0|   9|           9|           8|
    |add_ln37_182_fu_18254_p2  |         +|   0|  0|   9|           9|           8|
    |add_ln37_183_fu_18299_p2  |         +|   0|  0|   8|           7|           6|
    |add_ln37_184_fu_18328_p2  |         +|   0|  0|   9|           9|           8|
    |add_ln37_185_fu_18367_p2  |         +|   0|  0|   9|           9|           8|
    |add_ln37_186_fu_18406_p2  |         +|   0|  0|   9|           9|           8|
    |add_ln37_187_fu_18445_p2  |         +|   0|  0|   8|           7|           6|
    |add_ln37_188_fu_18474_p2  |         +|   0|  0|   9|           9|           8|
    |add_ln37_189_fu_18513_p2  |         +|   0|  0|   9|           9|           8|
    |add_ln37_18_fu_12160_p2   |         +|   0|  0|   9|           9|           5|
    |add_ln37_190_fu_18552_p2  |         +|   0|  0|   9|           9|           8|
    |add_ln37_191_fu_18597_p2  |         +|   0|  0|   8|           7|           6|
    |add_ln37_192_fu_18626_p2  |         +|   0|  0|   9|           9|           8|
    |add_ln37_193_fu_18665_p2  |         +|   0|  0|   9|           9|           8|
    |add_ln37_194_fu_18704_p2  |         +|   0|  0|   9|           9|           8|
    |add_ln37_195_fu_18743_p2  |         +|   0|  0|   8|           7|           6|
    |add_ln37_196_fu_18772_p2  |         +|   0|  0|   9|           9|           8|
    |add_ln37_197_fu_18811_p2  |         +|   0|  0|   9|           9|           8|
    |add_ln37_198_fu_18850_p2  |         +|   0|  0|   9|           9|           8|
    |add_ln37_199_fu_18895_p2  |         +|   0|  0|   8|           7|           6|
    |add_ln37_19_fu_12199_p2   |         +|   0|  0|   8|           7|           3|
    |add_ln37_1_fu_11512_p2    |         +|   0|  0|   9|           9|           2|
    |add_ln37_200_fu_18924_p2  |         +|   0|  0|   9|           9|           8|
    |add_ln37_201_fu_18963_p2  |         +|   0|  0|   9|           9|           8|
    |add_ln37_202_fu_19002_p2  |         +|   0|  0|   9|           9|           8|
    |add_ln37_203_fu_19041_p2  |         +|   0|  0|   8|           7|           6|
    |add_ln37_204_fu_19070_p2  |         +|   0|  0|   9|           9|           8|
    |add_ln37_205_fu_19109_p2  |         +|   0|  0|   9|           9|           8|
    |add_ln37_206_fu_19148_p2  |         +|   0|  0|   9|           9|           8|
    |add_ln37_207_fu_19193_p2  |         +|   0|  0|   8|           7|           6|
    |add_ln37_208_fu_19222_p2  |         +|   0|  0|   9|           9|           8|
    |add_ln37_209_fu_19261_p2  |         +|   0|  0|   9|           9|           8|
    |add_ln37_20_fu_12228_p2   |         +|   0|  0|   9|           9|           5|
    |add_ln37_210_fu_19300_p2  |         +|   0|  0|   9|           9|           8|
    |add_ln37_211_fu_19339_p2  |         +|   0|  0|   8|           7|           6|
    |add_ln37_212_fu_19368_p2  |         +|   0|  0|   9|           9|           8|
    |add_ln37_213_fu_19407_p2  |         +|   0|  0|   9|           9|           8|
    |add_ln37_214_fu_19446_p2  |         +|   0|  0|   9|           9|           8|
    |add_ln37_215_fu_19491_p2  |         +|   0|  0|   8|           7|           6|
    |add_ln37_216_fu_19520_p2  |         +|   0|  0|   9|           9|           8|
    |add_ln37_217_fu_19559_p2  |         +|   0|  0|   9|           9|           8|
    |add_ln37_218_fu_19598_p2  |         +|   0|  0|   9|           9|           8|
    |add_ln37_219_fu_19637_p2  |         +|   0|  0|   8|           7|           6|
    |add_ln37_21_fu_12267_p2   |         +|   0|  0|   9|           9|           5|
    |add_ln37_220_fu_19666_p2  |         +|   0|  0|   9|           9|           8|
    |add_ln37_221_fu_19705_p2  |         +|   0|  0|   9|           9|           8|
    |add_ln37_222_fu_19744_p2  |         +|   0|  0|   9|           9|           8|
    |add_ln37_223_fu_19786_p2  |         +|   0|  0|   8|           7|           6|
    |add_ln37_224_fu_19815_p2  |         +|   0|  0|   9|           9|           8|
    |add_ln37_225_fu_19854_p2  |         +|   0|  0|   9|           9|           8|
    |add_ln37_226_fu_19893_p2  |         +|   0|  0|   9|           9|           8|
    |add_ln37_227_fu_19932_p2  |         +|   0|  0|   8|           7|           6|
    |add_ln37_228_fu_19961_p2  |         +|   0|  0|   9|           9|           8|
    |add_ln37_229_fu_20000_p2  |         +|   0|  0|   9|           9|           8|
    |add_ln37_22_fu_12306_p2   |         +|   0|  0|   9|           9|           5|
    |add_ln37_230_fu_20039_p2  |         +|   0|  0|   9|           9|           8|
    |add_ln37_231_fu_20084_p2  |         +|   0|  0|   8|           7|           6|
    |add_ln37_232_fu_20113_p2  |         +|   0|  0|   9|           9|           8|
    |add_ln37_233_fu_20152_p2  |         +|   0|  0|   9|           9|           8|
    |add_ln37_234_fu_20191_p2  |         +|   0|  0|   9|           9|           8|
    |add_ln37_235_fu_20230_p2  |         +|   0|  0|   8|           7|           6|
    |add_ln37_236_fu_20259_p2  |         +|   0|  0|   9|           9|           8|
    |add_ln37_237_fu_20298_p2  |         +|   0|  0|   9|           9|           8|
    |add_ln37_238_fu_20337_p2  |         +|   0|  0|   9|           9|           8|
    |add_ln37_239_fu_20382_p2  |         +|   0|  0|   8|           7|           6|
    |add_ln37_23_fu_12348_p2   |         +|   0|  0|   8|           7|           3|
    |add_ln37_240_fu_20411_p2  |         +|   0|  0|   9|           9|           8|
    |add_ln37_241_fu_20450_p2  |         +|   0|  0|   9|           9|           8|
    |add_ln37_242_fu_20489_p2  |         +|   0|  0|   9|           9|           8|
    |add_ln37_243_fu_20528_p2  |         +|   0|  0|   8|           7|           6|
    |add_ln37_244_fu_20557_p2  |         +|   0|  0|   9|           9|           8|
    |add_ln37_245_fu_20596_p2  |         +|   0|  0|   9|           9|           8|
    |add_ln37_246_fu_20635_p2  |         +|   0|  0|   9|           9|           8|
    |add_ln37_247_fu_20680_p2  |         +|   0|  0|   8|           7|           6|
    |add_ln37_248_fu_20709_p2  |         +|   0|  0|   9|           9|           8|
    |add_ln37_249_fu_20748_p2  |         +|   0|  0|   9|           9|           8|
    |add_ln37_24_fu_12377_p2   |         +|   0|  0|   9|           9|           5|
    |add_ln37_250_fu_20787_p2  |         +|   0|  0|   9|           9|           8|
    |add_ln37_251_fu_20826_p2  |         +|   0|  0|   8|           7|           6|
    |add_ln37_252_fu_20855_p2  |         +|   0|  0|   9|           9|           8|
    |add_ln37_253_fu_20894_p2  |         +|   0|  0|   9|           9|           8|
    |add_ln37_254_fu_20933_p2  |         +|   0|  0|   9|           9|           8|
    |add_ln37_25_fu_12416_p2   |         +|   0|  0|   9|           9|           5|
    |add_ln37_26_fu_12455_p2   |         +|   0|  0|   9|           9|           5|
    |add_ln37_27_fu_12494_p2   |         +|   0|  0|   8|           7|           3|
    |add_ln37_28_fu_12523_p2   |         +|   0|  0|   9|           9|           5|
    |add_ln37_29_fu_12562_p2   |         +|   0|  0|   9|           9|           5|
    |add_ln37_2_fu_11552_p2    |         +|   0|  0|   9|           9|           2|
    |add_ln37_30_fu_12601_p2   |         +|   0|  0|   9|           9|           5|
    |add_ln37_31_fu_12643_p2   |         +|   0|  0|   8|           7|           4|
    |add_ln37_32_fu_12672_p2   |         +|   0|  0|   9|           9|           6|
    |add_ln37_33_fu_12711_p2   |         +|   0|  0|   9|           9|           6|
    |add_ln37_34_fu_12750_p2   |         +|   0|  0|   9|           9|           6|
    |add_ln37_35_fu_12789_p2   |         +|   0|  0|   8|           7|           4|
    |add_ln37_36_fu_12818_p2   |         +|   0|  0|   9|           9|           6|
    |add_ln37_37_fu_12857_p2   |         +|   0|  0|   9|           9|           6|
    |add_ln37_38_fu_12896_p2   |         +|   0|  0|   9|           9|           6|
    |add_ln37_39_fu_12941_p2   |         +|   0|  0|   8|           7|           4|
    |add_ln37_3_fu_11592_p2    |         +|   0|  0|   8|           7|           1|
    |add_ln37_40_fu_12970_p2   |         +|   0|  0|   9|           9|           6|
    |add_ln37_41_fu_13009_p2   |         +|   0|  0|   9|           9|           6|
    |add_ln37_42_fu_13048_p2   |         +|   0|  0|   9|           9|           6|
    |add_ln37_43_fu_13087_p2   |         +|   0|  0|   8|           7|           4|
    |add_ln37_44_fu_13116_p2   |         +|   0|  0|   9|           9|           6|
    |add_ln37_45_fu_13155_p2   |         +|   0|  0|   9|           9|           6|
    |add_ln37_46_fu_13194_p2   |         +|   0|  0|   9|           9|           6|
    |add_ln37_47_fu_13239_p2   |         +|   0|  0|   8|           7|           4|
    |add_ln37_48_fu_13268_p2   |         +|   0|  0|   9|           9|           6|
    |add_ln37_49_fu_13307_p2   |         +|   0|  0|   9|           9|           6|
    |add_ln37_4_fu_11622_p2    |         +|   0|  0|   9|           9|           3|
    |add_ln37_50_fu_13346_p2   |         +|   0|  0|   9|           9|           6|
    |add_ln37_51_fu_13385_p2   |         +|   0|  0|   8|           7|           4|
    |add_ln37_52_fu_13414_p2   |         +|   0|  0|   9|           9|           6|
    |add_ln37_53_fu_13453_p2   |         +|   0|  0|   9|           9|           6|
    |add_ln37_54_fu_13492_p2   |         +|   0|  0|   9|           9|           6|
    |add_ln37_55_fu_13537_p2   |         +|   0|  0|   8|           7|           4|
    |add_ln37_56_fu_13566_p2   |         +|   0|  0|   9|           9|           6|
    |add_ln37_57_fu_13605_p2   |         +|   0|  0|   9|           9|           6|
    |add_ln37_58_fu_13644_p2   |         +|   0|  0|   9|           9|           6|
    |add_ln37_59_fu_13683_p2   |         +|   0|  0|   8|           7|           4|
    |add_ln37_5_fu_11662_p2    |         +|   0|  0|   9|           9|           3|
    |add_ln37_60_fu_13712_p2   |         +|   0|  0|   9|           9|           6|
    |add_ln37_61_fu_13751_p2   |         +|   0|  0|   9|           9|           6|
    |add_ln37_62_fu_13790_p2   |         +|   0|  0|   9|           9|           6|
    |add_ln37_63_fu_13835_p2   |         +|   0|  0|   8|           7|           5|
    |add_ln37_64_fu_13864_p2   |         +|   0|  0|   9|           9|           7|
    |add_ln37_65_fu_13903_p2   |         +|   0|  0|   9|           9|           7|
    |add_ln37_66_fu_13942_p2   |         +|   0|  0|   9|           9|           7|
    |add_ln37_67_fu_13981_p2   |         +|   0|  0|   8|           7|           5|
    |add_ln37_68_fu_14010_p2   |         +|   0|  0|   9|           9|           7|
    |add_ln37_69_fu_14049_p2   |         +|   0|  0|   9|           9|           7|
    |add_ln37_6_fu_11702_p2    |         +|   0|  0|   9|           9|           3|
    |add_ln37_70_fu_14088_p2   |         +|   0|  0|   9|           9|           7|
    |add_ln37_71_fu_14133_p2   |         +|   0|  0|   8|           7|           5|
    |add_ln37_72_fu_14162_p2   |         +|   0|  0|   9|           9|           7|
    |add_ln37_73_fu_14201_p2   |         +|   0|  0|   9|           9|           7|
    |add_ln37_74_fu_14240_p2   |         +|   0|  0|   9|           9|           7|
    |add_ln37_75_fu_14279_p2   |         +|   0|  0|   8|           7|           5|
    |add_ln37_76_fu_14308_p2   |         +|   0|  0|   9|           9|           7|
    |add_ln37_77_fu_14347_p2   |         +|   0|  0|   9|           9|           7|
    |add_ln37_78_fu_14386_p2   |         +|   0|  0|   9|           9|           7|
    |add_ln37_79_fu_14428_p2   |         +|   0|  0|   8|           7|           5|
    |add_ln37_7_fu_11758_p2    |         +|   0|  0|   8|           7|           2|
    |add_ln37_80_fu_14457_p2   |         +|   0|  0|   9|           9|           7|
    |add_ln37_81_fu_14496_p2   |         +|   0|  0|   9|           9|           7|
    |add_ln37_82_fu_14535_p2   |         +|   0|  0|   9|           9|           7|
    |add_ln37_83_fu_14574_p2   |         +|   0|  0|   8|           7|           5|
    |add_ln37_84_fu_14603_p2   |         +|   0|  0|   9|           9|           7|
    |add_ln37_85_fu_14642_p2   |         +|   0|  0|   9|           9|           7|
    |add_ln37_86_fu_14681_p2   |         +|   0|  0|   9|           9|           7|
    |add_ln37_87_fu_14726_p2   |         +|   0|  0|   8|           7|           5|
    |add_ln37_88_fu_14755_p2   |         +|   0|  0|   9|           9|           7|
    |add_ln37_89_fu_14794_p2   |         +|   0|  0|   9|           9|           7|
    |add_ln37_8_fu_11787_p2    |         +|   0|  0|   9|           9|           4|
    |add_ln37_90_fu_14833_p2   |         +|   0|  0|   9|           9|           7|
    |add_ln37_91_fu_14872_p2   |         +|   0|  0|   8|           7|           5|
    |add_ln37_92_fu_14901_p2   |         +|   0|  0|   9|           9|           7|
    |add_ln37_93_fu_14940_p2   |         +|   0|  0|   9|           9|           7|
    |add_ln37_94_fu_14979_p2   |         +|   0|  0|   9|           9|           7|
    |add_ln37_95_fu_15024_p2   |         +|   0|  0|   8|           7|           5|
    |add_ln37_96_fu_15053_p2   |         +|   0|  0|   9|           9|           7|
    |add_ln37_97_fu_15092_p2   |         +|   0|  0|   9|           9|           7|
    |add_ln37_98_fu_15131_p2   |         +|   0|  0|   9|           9|           7|
    |add_ln37_99_fu_15170_p2   |         +|   0|  0|   8|           7|           5|
    |add_ln37_9_fu_11826_p2    |         +|   0|  0|   9|           9|           4|
    |add_ln39_fu_22319_p2      |         +|   0|  0|  14|          14|          14|
    |n_fu_11468_p2             |         +|   0|  0|   9|           9|           1|
    |icmp_ln33_fu_11433_p2     |      icmp|   0|  0|   3|           8|           2|
    |ap_enable_pp0             |       xor|   0|  0|   2|           1|           2|
    +--------------------------+----------+----+---+----+------------+------------+
    |Total                     |          |   0|  0|2251|        2192|        1685|
    +--------------------------+----------+----+---+----+------------+------------+

    * Multiplexer: 
    +----------------------------------+-----+-----------+-----+-----------+
    |               Name               | LUT | Input Size| Bits| Total Bits|
    +----------------------------------+-----+-----------+-----+-----------+
    |ap_NS_fsm                         |   21|         33|    1|         33|
    |ap_done_int                       |    1|          2|    1|          2|
    |ap_enable_reg_pp0_iter0           |    1|          2|    1|          2|
    |ap_enable_reg_pp0_iter8           |    1|          2|    1|          2|
    |ap_loop_exit_ready_pp0_iter1_reg  |    1|          2|    1|          2|
    |ap_loop_exit_ready_pp0_iter2_reg  |    1|          2|    1|          2|
    |ap_loop_exit_ready_pp0_iter3_reg  |    1|          2|    1|          2|
    |ap_loop_exit_ready_pp0_iter4_reg  |    1|          2|    1|          2|
    |ap_loop_exit_ready_pp0_iter5_reg  |    1|          2|    1|          2|
    |ap_loop_exit_ready_pp0_iter6_reg  |    1|          2|    1|          2|
    |ap_loop_exit_ready_pp0_iter7_reg  |    1|          2|    1|          2|
    |ap_loop_exit_ready_pp0_iter8_reg  |    1|          2|    1|          2|
    |ap_sig_allocacmp_n7683_load       |    8|          2|    8|         16|
    |grp_fu_10879_p1                   |  352|         30|   32|        960|
    |grp_fu_10879_p2                   |  672|         33|   32|       1056|
    |grp_fu_10879_p3                   |   32|          3|   32|         96|
    |grp_fu_10887_p1                   |  672|         33|   32|       1056|
    |grp_fu_10887_p2                   |  672|         33|   32|       1056|
    |grp_fu_10887_p3                   |   32|          3|   32|         96|
    |grp_fu_10894_p1                   |  672|         33|   32|       1056|
    |grp_fu_10894_p2                   |  672|         33|   32|       1056|
    |grp_fu_10894_p3                   |   32|          3|   32|         96|
    |grp_fu_10901_p1                   |  672|         33|   32|       1056|
    |grp_fu_10901_p2                   |  672|         33|   32|       1056|
    |grp_fu_10901_p3                   |   32|          3|   32|         96|
    |grp_fu_10908_p1                   |  672|         33|   32|       1056|
    |grp_fu_10908_p2                   |  672|         33|   32|       1056|
    |grp_fu_10908_p3                   |   32|          3|   32|         96|
    |grp_fu_10915_p1                   |  672|         33|   32|       1056|
    |grp_fu_10915_p2                   |  672|         33|   32|       1056|
    |grp_fu_10915_p3                   |   32|          3|   32|         96|
    |grp_fu_10922_p1                   |  672|         33|   32|       1056|
    |grp_fu_10922_p2                   |  672|         33|   32|       1056|
    |grp_fu_10922_p3                   |   32|          3|   32|         96|
    |grp_fu_10929_p1                   |  672|         33|   32|       1056|
    |grp_fu_10929_p2                   |  672|         33|   32|       1056|
    |grp_fu_10929_p3                   |   32|          3|   32|         96|
    |grp_fu_11121_p10                  |    8|          3|    2|          6|
    |grp_fu_11144_p10                  |    8|          3|    2|          6|
    |grp_fu_11167_p10                  |    8|          3|    2|          6|
    |grp_fu_11190_p10                  |    8|          3|    2|          6|
    |grp_fu_11213_p10                  |    8|          3|    2|          6|
    |grp_fu_11236_p10                  |    8|          3|    2|          6|
    |grp_fu_11259_p10                  |    8|          3|    2|          6|
    |grp_fu_11282_p10                  |    8|          3|    2|          6|
    |n7683_fu_1092                     |    8|          2|    8|         16|
    |padded_A_1_i_14_address0_local    |  680|        129|    7|        903|
    |padded_A_1_i_14_address1_local    |  680|        129|    7|        903|
    |padded_A_1_i_address0_local       |  680|        129|    7|        903|
    |padded_A_1_i_address1_local       |  680|        129|    7|        903|
    |padded_A_2_i_address0_local       |  680|        129|    7|        903|
    |padded_A_2_i_address1_local       |  680|        129|    7|        903|
    |padded_A_i_address0_local         |  680|        129|    7|        903|
    |padded_A_i_address1_local         |  680|        129|    7|        903|
    +----------------------------------+-----+-----------+-----+-----------+
    |Total                             |16240|       1664|  868|      24927|
    +----------------------------------+-----+-----------+-----+-----------+

    * Register: 
    +------------------------------------+-----+----+-----+-----------+
    |                Name                |  FF | LUT| Bits| Const Bits|
    +------------------------------------+-----+----+-----+-----------+
    |ap_CS_fsm                           |   32|   0|   32|          0|
    |ap_done_reg                         |    1|   0|    1|          0|
    |ap_enable_reg_pp0_iter0_reg         |    1|   0|    1|          0|
    |ap_enable_reg_pp0_iter1             |    1|   0|    1|          0|
    |ap_enable_reg_pp0_iter2             |    1|   0|    1|          0|
    |ap_enable_reg_pp0_iter3             |    1|   0|    1|          0|
    |ap_enable_reg_pp0_iter4             |    1|   0|    1|          0|
    |ap_enable_reg_pp0_iter5             |    1|   0|    1|          0|
    |ap_enable_reg_pp0_iter6             |    1|   0|    1|          0|
    |ap_enable_reg_pp0_iter7             |    1|   0|    1|          0|
    |ap_enable_reg_pp0_iter8             |    1|   0|    1|          0|
    |ap_loop_exit_ready_pp0_iter1_reg    |    1|   0|    1|          0|
    |ap_loop_exit_ready_pp0_iter2_reg    |    1|   0|    1|          0|
    |ap_loop_exit_ready_pp0_iter3_reg    |    1|   0|    1|          0|
    |ap_loop_exit_ready_pp0_iter4_reg    |    1|   0|    1|          0|
    |ap_loop_exit_ready_pp0_iter5_reg    |    1|   0|    1|          0|
    |ap_loop_exit_ready_pp0_iter6_reg    |    1|   0|    1|          0|
    |ap_loop_exit_ready_pp0_iter7_reg    |    1|   0|    1|          0|
    |ap_loop_exit_ready_pp0_iter8_reg    |    1|   0|    1|          0|
    |icmp_ln33_reg_23928                 |    1|   0|    1|          0|
    |lshr_ln_reg_23922                   |    6|   0|    6|          0|
    |n7683_fu_1092                       |    8|   0|    8|          0|
    |n7683_load_reg_23896                |    8|   0|    8|          0|
    |reg_11305                           |   32|   0|   32|          0|
    |reg_11311                           |   32|   0|   32|          0|
    |reg_11316                           |   32|   0|   32|          0|
    |reg_11321                           |   32|   0|   32|          0|
    |reg_11326                           |   32|   0|   32|          0|
    |reg_11332                           |   32|   0|   32|          0|
    |reg_11338                           |   32|   0|   32|          0|
    |reg_11344                           |   32|   0|   32|          0|
    |reg_11350                           |   32|   0|   32|          0|
    |reg_11356                           |   32|   0|   32|          0|
    |reg_11362                           |   32|   0|   32|          0|
    |tmp_100_i_reg_26832                 |   32|   0|   32|          0|
    |tmp_101_i_reg_26838                 |   32|   0|   32|          0|
    |tmp_102_i_reg_26844                 |   32|   0|   32|          0|
    |tmp_103_i_reg_27010                 |   32|   0|   32|          0|
    |tmp_104_i_reg_27016                 |   32|   0|   32|          0|
    |tmp_105_i_reg_27022                 |   32|   0|   32|          0|
    |tmp_106_i_reg_27028                 |   32|   0|   32|          0|
    |tmp_107_i_reg_27034                 |   32|   0|   32|          0|
    |tmp_108_i_reg_27040                 |   32|   0|   32|          0|
    |tmp_109_i_reg_27046                 |   32|   0|   32|          0|
    |tmp_10_i_reg_24544                  |   32|   0|   32|          0|
    |tmp_110_i_reg_27052                 |   32|   0|   32|          0|
    |tmp_111_i_reg_27218                 |   32|   0|   32|          0|
    |tmp_112_i_reg_27224                 |   32|   0|   32|          0|
    |tmp_113_i_reg_27230                 |   32|   0|   32|          0|
    |tmp_114_i_reg_27236                 |   32|   0|   32|          0|
    |tmp_115_i_reg_27242                 |   32|   0|   32|          0|
    |tmp_116_i_reg_27248                 |   32|   0|   32|          0|
    |tmp_117_i_reg_27254                 |   32|   0|   32|          0|
    |tmp_118_i_reg_27260                 |   32|   0|   32|          0|
    |tmp_119_i_reg_27426                 |   32|   0|   32|          0|
    |tmp_11_i_reg_24550                  |   32|   0|   32|          0|
    |tmp_120_i_reg_27432                 |   32|   0|   32|          0|
    |tmp_121_i_reg_27438                 |   32|   0|   32|          0|
    |tmp_122_i_reg_27444                 |   32|   0|   32|          0|
    |tmp_123_i_reg_27450                 |   32|   0|   32|          0|
    |tmp_124_i_reg_27456                 |   32|   0|   32|          0|
    |tmp_125_i_reg_27462                 |   32|   0|   32|          0|
    |tmp_126_i_reg_27468                 |   32|   0|   32|          0|
    |tmp_127_i_reg_27634                 |   32|   0|   32|          0|
    |tmp_128_i_reg_27640                 |   32|   0|   32|          0|
    |tmp_129_i_reg_27646                 |   32|   0|   32|          0|
    |tmp_12_i_reg_24556                  |   32|   0|   32|          0|
    |tmp_130_i_reg_27652                 |   32|   0|   32|          0|
    |tmp_131_i_reg_27658                 |   32|   0|   32|          0|
    |tmp_132_i_reg_27664                 |   32|   0|   32|          0|
    |tmp_133_i_reg_27670                 |   32|   0|   32|          0|
    |tmp_134_i_reg_27676                 |   32|   0|   32|          0|
    |tmp_135_i_reg_27842                 |   32|   0|   32|          0|
    |tmp_136_i_reg_27848                 |   32|   0|   32|          0|
    |tmp_137_i_reg_27854                 |   32|   0|   32|          0|
    |tmp_138_i_reg_27860                 |   32|   0|   32|          0|
    |tmp_139_i_reg_27866                 |   32|   0|   32|          0|
    |tmp_13_i_reg_24562                  |   32|   0|   32|          0|
    |tmp_140_i_reg_27872                 |   32|   0|   32|          0|
    |tmp_141_i_reg_27878                 |   32|   0|   32|          0|
    |tmp_142_i_reg_27884                 |   32|   0|   32|          0|
    |tmp_143_i_reg_28050                 |   32|   0|   32|          0|
    |tmp_144_i_reg_28056                 |   32|   0|   32|          0|
    |tmp_145_i_reg_28062                 |   32|   0|   32|          0|
    |tmp_146_i_reg_28068                 |   32|   0|   32|          0|
    |tmp_147_i_reg_28074                 |   32|   0|   32|          0|
    |tmp_148_i_reg_28080                 |   32|   0|   32|          0|
    |tmp_149_i_reg_28086                 |   32|   0|   32|          0|
    |tmp_14_i_reg_24568                  |   32|   0|   32|          0|
    |tmp_150_i_reg_28092                 |   32|   0|   32|          0|
    |tmp_151_i_reg_28258                 |   32|   0|   32|          0|
    |tmp_152_i_reg_28264                 |   32|   0|   32|          0|
    |tmp_153_i_reg_28270                 |   32|   0|   32|          0|
    |tmp_154_i_reg_28276                 |   32|   0|   32|          0|
    |tmp_155_i_reg_28282                 |   32|   0|   32|          0|
    |tmp_156_i_reg_28288                 |   32|   0|   32|          0|
    |tmp_157_i_reg_28294                 |   32|   0|   32|          0|
    |tmp_158_i_reg_28300                 |   32|   0|   32|          0|
    |tmp_159_i_reg_28466                 |   32|   0|   32|          0|
    |tmp_15_i_reg_24734                  |   32|   0|   32|          0|
    |tmp_160_i_reg_28472                 |   32|   0|   32|          0|
    |tmp_161_i_reg_28478                 |   32|   0|   32|          0|
    |tmp_162_i_reg_28484                 |   32|   0|   32|          0|
    |tmp_163_i_reg_28490                 |   32|   0|   32|          0|
    |tmp_164_i_reg_28496                 |   32|   0|   32|          0|
    |tmp_165_i_reg_28502                 |   32|   0|   32|          0|
    |tmp_166_i_reg_28508                 |   32|   0|   32|          0|
    |tmp_167_i_reg_28674                 |   32|   0|   32|          0|
    |tmp_168_i_reg_28680                 |   32|   0|   32|          0|
    |tmp_169_i_reg_28686                 |   32|   0|   32|          0|
    |tmp_16_i_reg_24740                  |   32|   0|   32|          0|
    |tmp_170_i_reg_28692                 |   32|   0|   32|          0|
    |tmp_171_i_reg_28698                 |   32|   0|   32|          0|
    |tmp_172_i_reg_28704                 |   32|   0|   32|          0|
    |tmp_173_i_reg_28710                 |   32|   0|   32|          0|
    |tmp_174_i_reg_28716                 |   32|   0|   32|          0|
    |tmp_175_i_reg_28882                 |   32|   0|   32|          0|
    |tmp_176_i_reg_28888                 |   32|   0|   32|          0|
    |tmp_177_i_reg_28894                 |   32|   0|   32|          0|
    |tmp_178_i_reg_28900                 |   32|   0|   32|          0|
    |tmp_179_i_reg_28906                 |   32|   0|   32|          0|
    |tmp_180_i_reg_28912                 |   32|   0|   32|          0|
    |tmp_181_i_reg_28918                 |   32|   0|   32|          0|
    |tmp_182_i_reg_28924                 |   32|   0|   32|          0|
    |tmp_183_i_reg_29090                 |   32|   0|   32|          0|
    |tmp_184_i_reg_29096                 |   32|   0|   32|          0|
    |tmp_185_i_reg_29102                 |   32|   0|   32|          0|
    |tmp_186_i_reg_29108                 |   32|   0|   32|          0|
    |tmp_187_i_reg_29114                 |   32|   0|   32|          0|
    |tmp_188_i_reg_29120                 |   32|   0|   32|          0|
    |tmp_189_i_reg_29126                 |   32|   0|   32|          0|
    |tmp_18_i_reg_24746                  |   32|   0|   32|          0|
    |tmp_190_i_reg_29132                 |   32|   0|   32|          0|
    |tmp_191_i_reg_29298                 |   32|   0|   32|          0|
    |tmp_192_i_reg_29304                 |   32|   0|   32|          0|
    |tmp_193_i_reg_29310                 |   32|   0|   32|          0|
    |tmp_194_i_reg_29316                 |   32|   0|   32|          0|
    |tmp_195_i_reg_29322                 |   32|   0|   32|          0|
    |tmp_196_i_reg_29328                 |   32|   0|   32|          0|
    |tmp_197_i_reg_29334                 |   32|   0|   32|          0|
    |tmp_198_i_reg_29340                 |   32|   0|   32|          0|
    |tmp_199_i_reg_29506                 |   32|   0|   32|          0|
    |tmp_19_i_reg_24752                  |   32|   0|   32|          0|
    |tmp_200_i_reg_29512                 |   32|   0|   32|          0|
    |tmp_201_i_reg_29518                 |   32|   0|   32|          0|
    |tmp_202_i_reg_29524                 |   32|   0|   32|          0|
    |tmp_203_i_reg_29530                 |   32|   0|   32|          0|
    |tmp_204_i_reg_29536                 |   32|   0|   32|          0|
    |tmp_205_i_reg_29542                 |   32|   0|   32|          0|
    |tmp_206_i_reg_29548                 |   32|   0|   32|          0|
    |tmp_207_i_reg_29714                 |   32|   0|   32|          0|
    |tmp_208_i_reg_29720                 |   32|   0|   32|          0|
    |tmp_209_i_reg_29726                 |   32|   0|   32|          0|
    |tmp_20_i_reg_24758                  |   32|   0|   32|          0|
    |tmp_210_i_reg_29732                 |   32|   0|   32|          0|
    |tmp_211_i_reg_29738                 |   32|   0|   32|          0|
    |tmp_212_i_reg_29744                 |   32|   0|   32|          0|
    |tmp_213_i_reg_29750                 |   32|   0|   32|          0|
    |tmp_214_i_reg_29756                 |   32|   0|   32|          0|
    |tmp_215_i_reg_29922                 |   32|   0|   32|          0|
    |tmp_216_i_reg_29928                 |   32|   0|   32|          0|
    |tmp_217_i_reg_29934                 |   32|   0|   32|          0|
    |tmp_218_i_reg_29940                 |   32|   0|   32|          0|
    |tmp_219_i_reg_29946                 |   32|   0|   32|          0|
    |tmp_21_i_reg_24764                  |   32|   0|   32|          0|
    |tmp_220_i_reg_29952                 |   32|   0|   32|          0|
    |tmp_221_i_reg_29958                 |   32|   0|   32|          0|
    |tmp_222_i_reg_29964                 |   32|   0|   32|          0|
    |tmp_223_i_reg_30130                 |   32|   0|   32|          0|
    |tmp_224_i_reg_30136                 |   32|   0|   32|          0|
    |tmp_225_i_reg_30142                 |   32|   0|   32|          0|
    |tmp_226_i_reg_30148                 |   32|   0|   32|          0|
    |tmp_227_i_reg_30154                 |   32|   0|   32|          0|
    |tmp_228_i_reg_30160                 |   32|   0|   32|          0|
    |tmp_229_i_reg_30166                 |   32|   0|   32|          0|
    |tmp_22_i_reg_24770                  |   32|   0|   32|          0|
    |tmp_230_i_reg_30172                 |   32|   0|   32|          0|
    |tmp_231_i_reg_30338                 |   32|   0|   32|          0|
    |tmp_232_i_reg_30344                 |   32|   0|   32|          0|
    |tmp_233_i_reg_30350                 |   32|   0|   32|          0|
    |tmp_234_i_reg_30356                 |   32|   0|   32|          0|
    |tmp_235_i_reg_30362                 |   32|   0|   32|          0|
    |tmp_236_i_reg_30368                 |   32|   0|   32|          0|
    |tmp_237_i_reg_30374                 |   32|   0|   32|          0|
    |tmp_238_i_reg_30380                 |   32|   0|   32|          0|
    |tmp_239_i_reg_30546                 |   32|   0|   32|          0|
    |tmp_23_i_reg_24936                  |   32|   0|   32|          0|
    |tmp_240_i_reg_30552                 |   32|   0|   32|          0|
    |tmp_241_i_reg_30558                 |   32|   0|   32|          0|
    |tmp_242_i_reg_30564                 |   32|   0|   32|          0|
    |tmp_243_i_reg_30570                 |   32|   0|   32|          0|
    |tmp_244_i_reg_30576                 |   32|   0|   32|          0|
    |tmp_245_i_reg_30582                 |   32|   0|   32|          0|
    |tmp_246_i_reg_30588                 |   32|   0|   32|          0|
    |tmp_247_i_reg_30754                 |   32|   0|   32|          0|
    |tmp_248_i_reg_30760                 |   32|   0|   32|          0|
    |tmp_249_i_reg_30766                 |   32|   0|   32|          0|
    |tmp_24_i_reg_24942                  |   32|   0|   32|          0|
    |tmp_250_i_reg_30772                 |   32|   0|   32|          0|
    |tmp_251_i_reg_30778                 |   32|   0|   32|          0|
    |tmp_252_i_reg_30784                 |   32|   0|   32|          0|
    |tmp_253_i_reg_30790                 |   32|   0|   32|          0|
    |tmp_254_i_reg_30796                 |   32|   0|   32|          0|
    |tmp_25_i_reg_24948                  |   32|   0|   32|          0|
    |tmp_27_i_reg_24954                  |   32|   0|   32|          0|
    |tmp_28_i_reg_24960                  |   32|   0|   32|          0|
    |tmp_29_i_reg_24966                  |   32|   0|   32|          0|
    |tmp_30_i_reg_24972                  |   32|   0|   32|          0|
    |tmp_31_i_reg_25138                  |   32|   0|   32|          0|
    |tmp_32_i_reg_25144                  |   32|   0|   32|          0|
    |tmp_33_i_reg_25150                  |   32|   0|   32|          0|
    |tmp_34_i_reg_25156                  |   32|   0|   32|          0|
    |tmp_35_i_reg_25162                  |   32|   0|   32|          0|
    |tmp_36_i_reg_25168                  |   32|   0|   32|          0|
    |tmp_36_i_reg_25168_pp0_iter1_reg    |   32|   0|   32|          0|
    |tmp_37_i_reg_25174                  |   32|   0|   32|          0|
    |tmp_37_i_reg_25174_pp0_iter1_reg    |   32|   0|   32|          0|
    |tmp_38_i_reg_25180                  |   32|   0|   32|          0|
    |tmp_38_i_reg_25180_pp0_iter1_reg    |   32|   0|   32|          0|
    |tmp_39_i_reg_25346                  |   32|   0|   32|          0|
    |tmp_39_i_reg_25346_pp0_iter1_reg    |   32|   0|   32|          0|
    |tmp_40_i_reg_25352                  |   32|   0|   32|          0|
    |tmp_40_i_reg_25352_pp0_iter1_reg    |   32|   0|   32|          0|
    |tmp_41_i_reg_25358                  |   32|   0|   32|          0|
    |tmp_41_i_reg_25358_pp0_iter1_reg    |   32|   0|   32|          0|
    |tmp_42_i_reg_25364                  |   32|   0|   32|          0|
    |tmp_42_i_reg_25364_pp0_iter1_reg    |   32|   0|   32|          0|
    |tmp_43_i_reg_25370                  |   32|   0|   32|          0|
    |tmp_43_i_reg_25370_pp0_iter1_reg    |   32|   0|   32|          0|
    |tmp_44_i_reg_25376                  |   32|   0|   32|          0|
    |tmp_44_i_reg_25376_pp0_iter1_reg    |   32|   0|   32|          0|
    |tmp_45_i_reg_25382                  |   32|   0|   32|          0|
    |tmp_45_i_reg_25382_pp0_iter1_reg    |   32|   0|   32|          0|
    |tmp_46_i_reg_25388                  |   32|   0|   32|          0|
    |tmp_46_i_reg_25388_pp0_iter1_reg    |   32|   0|   32|          0|
    |tmp_47_i_reg_25554                  |   32|   0|   32|          0|
    |tmp_47_i_reg_25554_pp0_iter1_reg    |   32|   0|   32|          0|
    |tmp_48_i_reg_25560                  |   32|   0|   32|          0|
    |tmp_48_i_reg_25560_pp0_iter1_reg    |   32|   0|   32|          0|
    |tmp_49_i_reg_25566                  |   32|   0|   32|          0|
    |tmp_49_i_reg_25566_pp0_iter1_reg    |   32|   0|   32|          0|
    |tmp_4_i_reg_24348                   |   32|   0|   32|          0|
    |tmp_50_i_reg_25572                  |   32|   0|   32|          0|
    |tmp_50_i_reg_25572_pp0_iter1_reg    |   32|   0|   32|          0|
    |tmp_51_i_reg_25578                  |   32|   0|   32|          0|
    |tmp_51_i_reg_25578_pp0_iter1_reg    |   32|   0|   32|          0|
    |tmp_52_i_reg_25584                  |   32|   0|   32|          0|
    |tmp_52_i_reg_25584_pp0_iter1_reg    |   32|   0|   32|          0|
    |tmp_53_i_reg_25590                  |   32|   0|   32|          0|
    |tmp_53_i_reg_25590_pp0_iter1_reg    |   32|   0|   32|          0|
    |tmp_54_i_reg_25596                  |   32|   0|   32|          0|
    |tmp_54_i_reg_25596_pp0_iter1_reg    |   32|   0|   32|          0|
    |tmp_55_i_reg_25762                  |   32|   0|   32|          0|
    |tmp_55_i_reg_25762_pp0_iter1_reg    |   32|   0|   32|          0|
    |tmp_56_i_reg_25768                  |   32|   0|   32|          0|
    |tmp_56_i_reg_25768_pp0_iter1_reg    |   32|   0|   32|          0|
    |tmp_57_i_reg_25774                  |   32|   0|   32|          0|
    |tmp_57_i_reg_25774_pp0_iter1_reg    |   32|   0|   32|          0|
    |tmp_58_i_reg_25780                  |   32|   0|   32|          0|
    |tmp_58_i_reg_25780_pp0_iter1_reg    |   32|   0|   32|          0|
    |tmp_59_i_reg_25786                  |   32|   0|   32|          0|
    |tmp_59_i_reg_25786_pp0_iter1_reg    |   32|   0|   32|          0|
    |tmp_5_i_reg_24354                   |   32|   0|   32|          0|
    |tmp_60_i_reg_25792                  |   32|   0|   32|          0|
    |tmp_60_i_reg_25792_pp0_iter1_reg    |   32|   0|   32|          0|
    |tmp_61_i_reg_25798                  |   32|   0|   32|          0|
    |tmp_61_i_reg_25798_pp0_iter1_reg    |   32|   0|   32|          0|
    |tmp_62_i_reg_25804                  |   32|   0|   32|          0|
    |tmp_62_i_reg_25804_pp0_iter1_reg    |   32|   0|   32|          0|
    |tmp_63_i_reg_25970                  |   32|   0|   32|          0|
    |tmp_63_i_reg_25970_pp0_iter1_reg    |   32|   0|   32|          0|
    |tmp_64_i_reg_25976                  |   32|   0|   32|          0|
    |tmp_64_i_reg_25976_pp0_iter1_reg    |   32|   0|   32|          0|
    |tmp_65_i_reg_25982                  |   32|   0|   32|          0|
    |tmp_65_i_reg_25982_pp0_iter1_reg    |   32|   0|   32|          0|
    |tmp_66_i_reg_25988                  |   32|   0|   32|          0|
    |tmp_66_i_reg_25988_pp0_iter1_reg    |   32|   0|   32|          0|
    |tmp_67_i_reg_25994                  |   32|   0|   32|          0|
    |tmp_67_i_reg_25994_pp0_iter1_reg    |   32|   0|   32|          0|
    |tmp_68_i_reg_26000                  |   32|   0|   32|          0|
    |tmp_68_i_reg_26000_pp0_iter1_reg    |   32|   0|   32|          0|
    |tmp_69_i_reg_26006                  |   32|   0|   32|          0|
    |tmp_69_i_reg_26006_pp0_iter1_reg    |   32|   0|   32|          0|
    |tmp_6_i_reg_24360                   |   32|   0|   32|          0|
    |tmp_70_i_reg_26012                  |   32|   0|   32|          0|
    |tmp_70_i_reg_26012_pp0_iter1_reg    |   32|   0|   32|          0|
    |tmp_71_i_reg_26178                  |   32|   0|   32|          0|
    |tmp_71_i_reg_26178_pp0_iter1_reg    |   32|   0|   32|          0|
    |tmp_72_i_reg_26184                  |   32|   0|   32|          0|
    |tmp_72_i_reg_26184_pp0_iter1_reg    |   32|   0|   32|          0|
    |tmp_73_i_reg_26190                  |   32|   0|   32|          0|
    |tmp_74_i_reg_26196                  |   32|   0|   32|          0|
    |tmp_75_i_reg_26202                  |   32|   0|   32|          0|
    |tmp_76_i_reg_26208                  |   32|   0|   32|          0|
    |tmp_77_i_reg_26214                  |   32|   0|   32|          0|
    |tmp_78_i_reg_26220                  |   32|   0|   32|          0|
    |tmp_79_i_reg_26386                  |   32|   0|   32|          0|
    |tmp_7_i_reg_24366                   |   32|   0|   32|          0|
    |tmp_80_i_reg_26392                  |   32|   0|   32|          0|
    |tmp_81_i_reg_26398                  |   32|   0|   32|          0|
    |tmp_82_i_reg_26404                  |   32|   0|   32|          0|
    |tmp_83_i_reg_26410                  |   32|   0|   32|          0|
    |tmp_84_i_reg_26416                  |   32|   0|   32|          0|
    |tmp_85_i_reg_26422                  |   32|   0|   32|          0|
    |tmp_86_i_reg_26428                  |   32|   0|   32|          0|
    |tmp_87_i_reg_26594                  |   32|   0|   32|          0|
    |tmp_88_i_reg_26600                  |   32|   0|   32|          0|
    |tmp_89_i_reg_26606                  |   32|   0|   32|          0|
    |tmp_8_i_reg_24532                   |   32|   0|   32|          0|
    |tmp_90_i_reg_26612                  |   32|   0|   32|          0|
    |tmp_91_i_reg_26618                  |   32|   0|   32|          0|
    |tmp_92_i_reg_26624                  |   32|   0|   32|          0|
    |tmp_93_i_reg_26630                  |   32|   0|   32|          0|
    |tmp_94_i_reg_26636                  |   32|   0|   32|          0|
    |tmp_95_i_reg_26802                  |   32|   0|   32|          0|
    |tmp_96_i_reg_26808                  |   32|   0|   32|          0|
    |tmp_97_i_reg_26814                  |   32|   0|   32|          0|
    |tmp_98_i_reg_26820                  |   32|   0|   32|          0|
    |tmp_99_i_reg_26826                  |   32|   0|   32|          0|
    |tmp_i_170_reg_24538                 |   32|   0|   32|          0|
    |trunc_ln33_reg_23902                |    2|   0|    2|          0|
    |trunc_ln33_reg_23902_pp0_iter1_reg  |    2|   0|    2|          0|
    |zext_ln33_2_reg_24122               |    6|   0|    7|          1|
    |zext_ln33_reg_23932                 |    8|   0|    9|          1|
    |icmp_ln33_reg_23928                 |    0|   2|    1|          0|
    |n7683_load_reg_23896                |    0|   8|    8|          0|
    |tmp_100_i_reg_26832                 |   64|  30|   32|          0|
    |tmp_101_i_reg_26838                 |   64|  30|   32|          0|
    |tmp_102_i_reg_26844                 |   64|  30|   32|          0|
    |tmp_103_i_reg_27010                 |   64|  30|   32|          0|
    |tmp_104_i_reg_27016                 |   64|  30|   32|          0|
    |tmp_105_i_reg_27022                 |   64|  30|   32|          0|
    |tmp_106_i_reg_27028                 |   64|  30|   32|          0|
    |tmp_107_i_reg_27034                 |   64|  30|   32|          0|
    |tmp_108_i_reg_27040                 |   64|  30|   32|          0|
    |tmp_109_i_reg_27046                 |    0|  16|   32|          0|
    |tmp_110_i_reg_27052                 |    0|  16|   32|          0|
    |tmp_111_i_reg_27218                 |    0|  16|   32|          0|
    |tmp_112_i_reg_27224                 |    0|  16|   32|          0|
    |tmp_113_i_reg_27230                 |    0|  16|   32|          0|
    |tmp_114_i_reg_27236                 |    0|  16|   32|          0|
    |tmp_115_i_reg_27242                 |    0|  16|   32|          0|
    |tmp_116_i_reg_27248                 |    0|  16|   32|          0|
    |tmp_117_i_reg_27254                 |    0|  16|   32|          0|
    |tmp_118_i_reg_27260                 |    0|  16|   32|          0|
    |tmp_119_i_reg_27426                 |    0|  16|   32|          0|
    |tmp_120_i_reg_27432                 |    0|  16|   32|          0|
    |tmp_121_i_reg_27438                 |    0|  16|   32|          0|
    |tmp_122_i_reg_27444                 |    0|  16|   32|          0|
    |tmp_123_i_reg_27450                 |    0|  16|   32|          0|
    |tmp_124_i_reg_27456                 |    0|  16|   32|          0|
    |tmp_125_i_reg_27462                 |    0|  16|   32|          0|
    |tmp_126_i_reg_27468                 |    0|  16|   32|          0|
    |tmp_127_i_reg_27634                 |    0|  16|   32|          0|
    |tmp_128_i_reg_27640                 |    0|  16|   32|          0|
    |tmp_129_i_reg_27646                 |    0|  16|   32|          0|
    |tmp_130_i_reg_27652                 |    0|  16|   32|          0|
    |tmp_131_i_reg_27658                 |    0|  16|   32|          0|
    |tmp_132_i_reg_27664                 |    0|  16|   32|          0|
    |tmp_133_i_reg_27670                 |    0|  16|   32|          0|
    |tmp_134_i_reg_27676                 |    0|  16|   32|          0|
    |tmp_135_i_reg_27842                 |    0|  16|   32|          0|
    |tmp_136_i_reg_27848                 |    0|  16|   32|          0|
    |tmp_137_i_reg_27854                 |    0|  16|   32|          0|
    |tmp_138_i_reg_27860                 |    0|  16|   32|          0|
    |tmp_139_i_reg_27866                 |    0|  16|   32|          0|
    |tmp_140_i_reg_27872                 |    0|  16|   32|          0|
    |tmp_141_i_reg_27878                 |    0|  16|   32|          0|
    |tmp_142_i_reg_27884                 |    0|  16|   32|          0|
    |tmp_143_i_reg_28050                 |    0|  16|   32|          0|
    |tmp_144_i_reg_28056                 |    0|  16|   32|          0|
    |tmp_145_i_reg_28062                 |    0|  16|   32|          0|
    |tmp_146_i_reg_28068                 |    0|  16|   32|          0|
    |tmp_147_i_reg_28074                 |    0|  16|   32|          0|
    |tmp_148_i_reg_28080                 |    0|  16|   32|          0|
    |tmp_149_i_reg_28086                 |    0|  16|   32|          0|
    |tmp_150_i_reg_28092                 |    0|  16|   32|          0|
    |tmp_151_i_reg_28258                 |    0|  16|   32|          0|
    |tmp_152_i_reg_28264                 |    0|  16|   32|          0|
    |tmp_153_i_reg_28270                 |    0|  16|   32|          0|
    |tmp_154_i_reg_28276                 |    0|  16|   32|          0|
    |tmp_155_i_reg_28282                 |    0|  16|   32|          0|
    |tmp_156_i_reg_28288                 |    0|  16|   32|          0|
    |tmp_157_i_reg_28294                 |    0|  16|   32|          0|
    |tmp_158_i_reg_28300                 |    0|  16|   32|          0|
    |tmp_159_i_reg_28466                 |    0|  16|   32|          0|
    |tmp_160_i_reg_28472                 |    0|  16|   32|          0|
    |tmp_161_i_reg_28478                 |    0|  16|   32|          0|
    |tmp_162_i_reg_28484                 |    0|  16|   32|          0|
    |tmp_163_i_reg_28490                 |    0|  16|   32|          0|
    |tmp_164_i_reg_28496                 |    0|  16|   32|          0|
    |tmp_165_i_reg_28502                 |    0|  16|   32|          0|
    |tmp_166_i_reg_28508                 |    0|  16|   32|          0|
    |tmp_167_i_reg_28674                 |    0|  16|   32|          0|
    |tmp_168_i_reg_28680                 |    0|  16|   32|          0|
    |tmp_169_i_reg_28686                 |    0|  16|   32|          0|
    |tmp_170_i_reg_28692                 |    0|  16|   32|          0|
    |tmp_171_i_reg_28698                 |    0|  16|   32|          0|
    |tmp_172_i_reg_28704                 |    0|  16|   32|          0|
    |tmp_173_i_reg_28710                 |    0|  16|   32|          0|
    |tmp_174_i_reg_28716                 |    0|  16|   32|          0|
    |tmp_175_i_reg_28882                 |    0|  16|   32|          0|
    |tmp_176_i_reg_28888                 |    0|  16|   32|          0|
    |tmp_177_i_reg_28894                 |    0|  16|   32|          0|
    |tmp_178_i_reg_28900                 |    0|  16|   32|          0|
    |tmp_179_i_reg_28906                 |    0|  16|   32|          0|
    |tmp_180_i_reg_28912                 |    0|  16|   32|          0|
    |tmp_181_i_reg_28918                 |    0|  16|   32|          0|
    |tmp_182_i_reg_28924                 |    0|  16|   32|          0|
    |tmp_183_i_reg_29090                 |    0|  16|   32|          0|
    |tmp_184_i_reg_29096                 |    0|  16|   32|          0|
    |tmp_185_i_reg_29102                 |    0|  16|   32|          0|
    |tmp_186_i_reg_29108                 |    0|  16|   32|          0|
    |tmp_187_i_reg_29114                 |    0|  16|   32|          0|
    |tmp_188_i_reg_29120                 |    0|  16|   32|          0|
    |tmp_189_i_reg_29126                 |    0|  16|   32|          0|
    |tmp_190_i_reg_29132                 |    0|  16|   32|          0|
    |tmp_191_i_reg_29298                 |    0|  16|   32|          0|
    |tmp_192_i_reg_29304                 |    0|  16|   32|          0|
    |tmp_193_i_reg_29310                 |    0|  16|   32|          0|
    |tmp_194_i_reg_29316                 |    0|  16|   32|          0|
    |tmp_195_i_reg_29322                 |    0|  16|   32|          0|
    |tmp_196_i_reg_29328                 |    0|  16|   32|          0|
    |tmp_197_i_reg_29334                 |    0|  16|   32|          0|
    |tmp_198_i_reg_29340                 |    0|  16|   32|          0|
    |tmp_199_i_reg_29506                 |    0|  16|   32|          0|
    |tmp_200_i_reg_29512                 |    0|  16|   32|          0|
    |tmp_201_i_reg_29518                 |    0|  16|   32|          0|
    |tmp_202_i_reg_29524                 |    0|  16|   32|          0|
    |tmp_203_i_reg_29530                 |    0|  16|   32|          0|
    |tmp_204_i_reg_29536                 |    0|  16|   32|          0|
    |tmp_205_i_reg_29542                 |    0|  16|   32|          0|
    |tmp_206_i_reg_29548                 |    0|  16|   32|          0|
    |tmp_207_i_reg_29714                 |    0|  16|   32|          0|
    |tmp_208_i_reg_29720                 |    0|  16|   32|          0|
    |tmp_209_i_reg_29726                 |    0|  16|   32|          0|
    |tmp_210_i_reg_29732                 |    0|  16|   32|          0|
    |tmp_211_i_reg_29738                 |    0|  16|   32|          0|
    |tmp_212_i_reg_29744                 |    0|  16|   32|          0|
    |tmp_213_i_reg_29750                 |    0|  16|   32|          0|
    |tmp_214_i_reg_29756                 |    0|  16|   32|          0|
    |tmp_215_i_reg_29922                 |    0|  16|   32|          0|
    |tmp_216_i_reg_29928                 |    0|  16|   32|          0|
    |tmp_217_i_reg_29934                 |    0|  16|   32|          0|
    |tmp_218_i_reg_29940                 |    0|  16|   32|          0|
    |tmp_219_i_reg_29946                 |    0|  16|   32|          0|
    |tmp_220_i_reg_29952                 |    0|  16|   32|          0|
    |tmp_221_i_reg_29958                 |    0|  16|   32|          0|
    |tmp_222_i_reg_29964                 |    0|  16|   32|          0|
    |tmp_223_i_reg_30130                 |    0|  16|   32|          0|
    |tmp_224_i_reg_30136                 |    0|  16|   32|          0|
    |tmp_225_i_reg_30142                 |    0|  16|   32|          0|
    |tmp_226_i_reg_30148                 |    0|  16|   32|          0|
    |tmp_227_i_reg_30154                 |    0|  16|   32|          0|
    |tmp_228_i_reg_30160                 |    0|  16|   32|          0|
    |tmp_229_i_reg_30166                 |    0|  16|   32|          0|
    |tmp_230_i_reg_30172                 |    0|  16|   32|          0|
    |tmp_231_i_reg_30338                 |    0|  16|   32|          0|
    |tmp_232_i_reg_30344                 |    0|  16|   32|          0|
    |tmp_233_i_reg_30350                 |    0|  16|   32|          0|
    |tmp_234_i_reg_30356                 |    0|  16|   32|          0|
    |tmp_235_i_reg_30362                 |    0|  16|   32|          0|
    |tmp_236_i_reg_30368                 |    0|  16|   32|          0|
    |tmp_237_i_reg_30374                 |    0|  16|   32|          0|
    |tmp_238_i_reg_30380                 |    0|  16|   32|          0|
    |tmp_239_i_reg_30546                 |    0|  16|   32|          0|
    |tmp_240_i_reg_30552                 |    0|  16|   32|          0|
    |tmp_241_i_reg_30558                 |    0|  16|   32|          0|
    |tmp_242_i_reg_30564                 |    0|  16|   32|          0|
    |tmp_243_i_reg_30570                 |    0|  16|   32|          0|
    |tmp_244_i_reg_30576                 |    0|  16|   32|          0|
    |tmp_245_i_reg_30582                 |    0|  16|   32|          0|
    |tmp_246_i_reg_30588                 |    0|  16|   32|          0|
    |tmp_247_i_reg_30754                 |    0|  16|   32|          0|
    |tmp_248_i_reg_30760                 |    0|  16|   32|          0|
    |tmp_249_i_reg_30766                 |    0|  16|   32|          0|
    |tmp_250_i_reg_30772                 |    0|  16|   32|          0|
    |tmp_251_i_reg_30778                 |    0|  16|   32|          0|
    |tmp_252_i_reg_30784                 |    0|  16|   32|          0|
    |tmp_253_i_reg_30790                 |    0|  16|   32|          0|
    |tmp_254_i_reg_30796                 |    0|  16|   32|          0|
    |tmp_73_i_reg_26190                  |   64|  30|   32|          0|
    |tmp_74_i_reg_26196                  |   64|  30|   32|          0|
    |tmp_75_i_reg_26202                  |   64|  30|   32|          0|
    |tmp_76_i_reg_26208                  |   64|  30|   32|          0|
    |tmp_77_i_reg_26214                  |   64|  30|   32|          0|
    |tmp_78_i_reg_26220                  |   64|  30|   32|          0|
    |tmp_79_i_reg_26386                  |   64|  30|   32|          0|
    |tmp_80_i_reg_26392                  |   64|  30|   32|          0|
    |tmp_81_i_reg_26398                  |   64|  30|   32|          0|
    |tmp_82_i_reg_26404                  |   64|  30|   32|          0|
    |tmp_83_i_reg_26410                  |   64|  30|   32|          0|
    |tmp_84_i_reg_26416                  |   64|  30|   32|          0|
    |tmp_85_i_reg_26422                  |   64|  30|   32|          0|
    |tmp_86_i_reg_26428                  |   64|  30|   32|          0|
    |tmp_87_i_reg_26594                  |   64|  30|   32|          0|
    |tmp_88_i_reg_26600                  |   64|  30|   32|          0|
    |tmp_89_i_reg_26606                  |   64|  30|   32|          0|
    |tmp_90_i_reg_26612                  |   64|  30|   32|          0|
    |tmp_91_i_reg_26618                  |   64|  30|   32|          0|
    |tmp_92_i_reg_26624                  |   64|  30|   32|          0|
    |tmp_93_i_reg_26630                  |   64|  30|   32|          0|
    |tmp_94_i_reg_26636                  |   64|  30|   32|          0|
    |tmp_95_i_reg_26802                  |   64|  30|   32|          0|
    |tmp_96_i_reg_26808                  |   64|  30|   32|          0|
    |tmp_97_i_reg_26814                  |   64|  30|   32|          0|
    |tmp_98_i_reg_26820                  |   64|  30|   32|          0|
    |tmp_99_i_reg_26826                  |   64|  30|   32|          0|
    +------------------------------------+-----+----+-----+-----------+
    |Total                               |11899|3426|15430|          2|
    +------------------------------------+-----+----+-----+-----------+



================================================================
== Interface
================================================================
* Summary: 
+--------------------------+-----+-----+------------+-------------------------------------------+--------------+
|         RTL Ports        | Dir | Bits|  Protocol  |               Source Object               |    C Type    |
+--------------------------+-----+-----+------------+-------------------------------------------+--------------+
|ap_clk                    |   in|    1|  ap_ctrl_hs|  compute_convolution.14_Pipeline_conv_loop|  return value|
|ap_rst                    |   in|    1|  ap_ctrl_hs|  compute_convolution.14_Pipeline_conv_loop|  return value|
|ap_start                  |   in|    1|  ap_ctrl_hs|  compute_convolution.14_Pipeline_conv_loop|  return value|
|ap_done                   |  out|    1|  ap_ctrl_hs|  compute_convolution.14_Pipeline_conv_loop|  return value|
|ap_idle                   |  out|    1|  ap_ctrl_hs|  compute_convolution.14_Pipeline_conv_loop|  return value|
|ap_ready                  |  out|    1|  ap_ctrl_hs|  compute_convolution.14_Pipeline_conv_loop|  return value|
|zext_ln39                 |   in|   14|     ap_none|                                  zext_ln39|        scalar|
|C_address0                |  out|   14|   ap_memory|                                          C|         array|
|C_ce0                     |  out|    1|   ap_memory|                                          C|         array|
|C_we0                     |  out|    1|   ap_memory|                                          C|         array|
|C_d0                      |  out|   32|   ap_memory|                                          C|         array|
|padded_A_2_i_address0     |  out|    7|   ap_memory|                               padded_A_2_i|         array|
|padded_A_2_i_ce0          |  out|    1|   ap_memory|                               padded_A_2_i|         array|
|padded_A_2_i_q0           |   in|   32|   ap_memory|                               padded_A_2_i|         array|
|padded_A_2_i_address1     |  out|    7|   ap_memory|                               padded_A_2_i|         array|
|padded_A_2_i_ce1          |  out|    1|   ap_memory|                               padded_A_2_i|         array|
|padded_A_2_i_q1           |   in|   32|   ap_memory|                               padded_A_2_i|         array|
|padded_A_1_i_14_address0  |  out|    7|   ap_memory|                            padded_A_1_i_14|         array|
|padded_A_1_i_14_ce0       |  out|    1|   ap_memory|                            padded_A_1_i_14|         array|
|padded_A_1_i_14_q0        |   in|   32|   ap_memory|                            padded_A_1_i_14|         array|
|padded_A_1_i_14_address1  |  out|    7|   ap_memory|                            padded_A_1_i_14|         array|
|padded_A_1_i_14_ce1       |  out|    1|   ap_memory|                            padded_A_1_i_14|         array|
|padded_A_1_i_14_q1        |   in|   32|   ap_memory|                            padded_A_1_i_14|         array|
|padded_A_1_i_address0     |  out|    7|   ap_memory|                               padded_A_1_i|         array|
|padded_A_1_i_ce0          |  out|    1|   ap_memory|                               padded_A_1_i|         array|
|padded_A_1_i_q0           |   in|   32|   ap_memory|                               padded_A_1_i|         array|
|padded_A_1_i_address1     |  out|    7|   ap_memory|                               padded_A_1_i|         array|
|padded_A_1_i_ce1          |  out|    1|   ap_memory|                               padded_A_1_i|         array|
|padded_A_1_i_q1           |   in|   32|   ap_memory|                               padded_A_1_i|         array|
|padded_A_i_address0       |  out|    7|   ap_memory|                                 padded_A_i|         array|
|padded_A_i_ce0            |  out|    1|   ap_memory|                                 padded_A_i|         array|
|padded_A_i_q0             |   in|   32|   ap_memory|                                 padded_A_i|         array|
|padded_A_i_address1       |  out|    7|   ap_memory|                                 padded_A_i|         array|
|padded_A_i_ce1            |  out|    1|   ap_memory|                                 padded_A_i|         array|
|padded_A_i_q1             |   in|   32|   ap_memory|                                 padded_A_i|         array|
|kernel_2_i_load           |   in|   32|     ap_none|                            kernel_2_i_load|        scalar|
|kernel_1_i_load_15_30     |   in|   32|     ap_none|                      kernel_1_i_load_15_30|        scalar|
|kernel_1_i_load           |   in|   32|     ap_none|                            kernel_1_i_load|        scalar|
|kernel_i_load             |   in|   32|     ap_none|                              kernel_i_load|        scalar|
|kernel_2_i_load_1         |   in|   32|     ap_none|                          kernel_2_i_load_1|        scalar|
|kernel_1_i_load_1_16      |   in|   32|     ap_none|                       kernel_1_i_load_1_16|        scalar|
|kernel_1_i_load_1         |   in|   32|     ap_none|                          kernel_1_i_load_1|        scalar|
|kernel_i_load_1           |   in|   32|     ap_none|                            kernel_i_load_1|        scalar|
|kernel_2_i_load_2         |   in|   32|     ap_none|                          kernel_2_i_load_2|        scalar|
|kernel_1_i_load_2_17      |   in|   32|     ap_none|                       kernel_1_i_load_2_17|        scalar|
|kernel_1_i_load_2         |   in|   32|     ap_none|                          kernel_1_i_load_2|        scalar|
|kernel_i_load_2           |   in|   32|     ap_none|                            kernel_i_load_2|        scalar|
|kernel_2_i_load_3         |   in|   32|     ap_none|                          kernel_2_i_load_3|        scalar|
|kernel_1_i_load_3_18      |   in|   32|     ap_none|                       kernel_1_i_load_3_18|        scalar|
|kernel_1_i_load_3         |   in|   32|     ap_none|                          kernel_1_i_load_3|        scalar|
|kernel_i_load_3           |   in|   32|     ap_none|                            kernel_i_load_3|        scalar|
|kernel_2_i_load_4         |   in|   32|     ap_none|                          kernel_2_i_load_4|        scalar|
|kernel_1_i_load_4_19      |   in|   32|     ap_none|                       kernel_1_i_load_4_19|        scalar|
|kernel_1_i_load_4         |   in|   32|     ap_none|                          kernel_1_i_load_4|        scalar|
|kernel_i_load_4           |   in|   32|     ap_none|                            kernel_i_load_4|        scalar|
|kernel_2_i_load_5         |   in|   32|     ap_none|                          kernel_2_i_load_5|        scalar|
|kernel_1_i_load_5_20      |   in|   32|     ap_none|                       kernel_1_i_load_5_20|        scalar|
|kernel_1_i_load_5         |   in|   32|     ap_none|                          kernel_1_i_load_5|        scalar|
|kernel_i_load_5           |   in|   32|     ap_none|                            kernel_i_load_5|        scalar|
|kernel_2_i_load_6         |   in|   32|     ap_none|                          kernel_2_i_load_6|        scalar|
|kernel_1_i_load_6_21      |   in|   32|     ap_none|                       kernel_1_i_load_6_21|        scalar|
|kernel_1_i_load_6         |   in|   32|     ap_none|                          kernel_1_i_load_6|        scalar|
|kernel_i_load_6           |   in|   32|     ap_none|                            kernel_i_load_6|        scalar|
|kernel_2_i_load_7         |   in|   32|     ap_none|                          kernel_2_i_load_7|        scalar|
|kernel_1_i_load_7_22      |   in|   32|     ap_none|                       kernel_1_i_load_7_22|        scalar|
|kernel_1_i_load_7         |   in|   32|     ap_none|                          kernel_1_i_load_7|        scalar|
|kernel_i_load_7           |   in|   32|     ap_none|                            kernel_i_load_7|        scalar|
|kernel_2_i_load_8         |   in|   32|     ap_none|                          kernel_2_i_load_8|        scalar|
|kernel_1_i_load_8_23      |   in|   32|     ap_none|                       kernel_1_i_load_8_23|        scalar|
|kernel_1_i_load_8         |   in|   32|     ap_none|                          kernel_1_i_load_8|        scalar|
|kernel_i_load_8           |   in|   32|     ap_none|                            kernel_i_load_8|        scalar|
|kernel_2_i_load_9         |   in|   32|     ap_none|                          kernel_2_i_load_9|        scalar|
|kernel_1_i_load_9_24      |   in|   32|     ap_none|                       kernel_1_i_load_9_24|        scalar|
|kernel_1_i_load_9         |   in|   32|     ap_none|                          kernel_1_i_load_9|        scalar|
|kernel_i_load_9           |   in|   32|     ap_none|                            kernel_i_load_9|        scalar|
|kernel_2_i_load_10        |   in|   32|     ap_none|                         kernel_2_i_load_10|        scalar|
|kernel_1_i_load_10_25     |   in|   32|     ap_none|                      kernel_1_i_load_10_25|        scalar|
|kernel_1_i_load_10        |   in|   32|     ap_none|                         kernel_1_i_load_10|        scalar|
|kernel_i_load_10          |   in|   32|     ap_none|                           kernel_i_load_10|        scalar|
|kernel_2_i_load_11        |   in|   32|     ap_none|                         kernel_2_i_load_11|        scalar|
|kernel_1_i_load_11_26     |   in|   32|     ap_none|                      kernel_1_i_load_11_26|        scalar|
|kernel_1_i_load_11        |   in|   32|     ap_none|                         kernel_1_i_load_11|        scalar|
|kernel_i_load_11          |   in|   32|     ap_none|                           kernel_i_load_11|        scalar|
|kernel_2_i_load_12        |   in|   32|     ap_none|                         kernel_2_i_load_12|        scalar|
|kernel_1_i_load_12_27     |   in|   32|     ap_none|                      kernel_1_i_load_12_27|        scalar|
|kernel_1_i_load_12        |   in|   32|     ap_none|                         kernel_1_i_load_12|        scalar|
|kernel_i_load_12          |   in|   32|     ap_none|                           kernel_i_load_12|        scalar|
|kernel_2_i_load_13        |   in|   32|     ap_none|                         kernel_2_i_load_13|        scalar|
|kernel_1_i_load_13_28     |   in|   32|     ap_none|                      kernel_1_i_load_13_28|        scalar|
|kernel_1_i_load_13        |   in|   32|     ap_none|                         kernel_1_i_load_13|        scalar|
|kernel_i_load_13          |   in|   32|     ap_none|                           kernel_i_load_13|        scalar|
|kernel_2_i_load_14        |   in|   32|     ap_none|                         kernel_2_i_load_14|        scalar|
|kernel_1_i_load_14_29     |   in|   32|     ap_none|                      kernel_1_i_load_14_29|        scalar|
|kernel_1_i_load_14        |   in|   32|     ap_none|                         kernel_1_i_load_14|        scalar|
|kernel_i_load_14          |   in|   32|     ap_none|                           kernel_i_load_14|        scalar|
|kernel_2_i_load_15        |   in|   32|     ap_none|                         kernel_2_i_load_15|        scalar|
|kernel_1_i_load_15_31     |   in|   32|     ap_none|                      kernel_1_i_load_15_31|        scalar|
|kernel_1_i_load_15        |   in|   32|     ap_none|                         kernel_1_i_load_15|        scalar|
|kernel_i_load_15          |   in|   32|     ap_none|                           kernel_i_load_15|        scalar|
|kernel_2_i_load_16        |   in|   32|     ap_none|                         kernel_2_i_load_16|        scalar|
|kernel_1_i_load_16_32     |   in|   32|     ap_none|                      kernel_1_i_load_16_32|        scalar|
|kernel_1_i_load_16        |   in|   32|     ap_none|                         kernel_1_i_load_16|        scalar|
|kernel_i_load_16          |   in|   32|     ap_none|                           kernel_i_load_16|        scalar|
|kernel_2_i_load_17        |   in|   32|     ap_none|                         kernel_2_i_load_17|        scalar|
|kernel_1_i_load_17_33     |   in|   32|     ap_none|                      kernel_1_i_load_17_33|        scalar|
|kernel_1_i_load_17        |   in|   32|     ap_none|                         kernel_1_i_load_17|        scalar|
|kernel_i_load_17          |   in|   32|     ap_none|                           kernel_i_load_17|        scalar|
|kernel_2_i_load_18        |   in|   32|     ap_none|                         kernel_2_i_load_18|        scalar|
|kernel_1_i_load_18_34     |   in|   32|     ap_none|                      kernel_1_i_load_18_34|        scalar|
|kernel_1_i_load_18        |   in|   32|     ap_none|                         kernel_1_i_load_18|        scalar|
|kernel_i_load_18          |   in|   32|     ap_none|                           kernel_i_load_18|        scalar|
|kernel_2_i_load_19        |   in|   32|     ap_none|                         kernel_2_i_load_19|        scalar|
|kernel_1_i_load_19_35     |   in|   32|     ap_none|                      kernel_1_i_load_19_35|        scalar|
|kernel_1_i_load_19        |   in|   32|     ap_none|                         kernel_1_i_load_19|        scalar|
|kernel_i_load_19          |   in|   32|     ap_none|                           kernel_i_load_19|        scalar|
|kernel_2_i_load_20        |   in|   32|     ap_none|                         kernel_2_i_load_20|        scalar|
|kernel_1_i_load_20_36     |   in|   32|     ap_none|                      kernel_1_i_load_20_36|        scalar|
|kernel_1_i_load_20        |   in|   32|     ap_none|                         kernel_1_i_load_20|        scalar|
|kernel_i_load_20          |   in|   32|     ap_none|                           kernel_i_load_20|        scalar|
|kernel_2_i_load_21        |   in|   32|     ap_none|                         kernel_2_i_load_21|        scalar|
|kernel_1_i_load_21_37     |   in|   32|     ap_none|                      kernel_1_i_load_21_37|        scalar|
|kernel_1_i_load_21        |   in|   32|     ap_none|                         kernel_1_i_load_21|        scalar|
|kernel_i_load_21          |   in|   32|     ap_none|                           kernel_i_load_21|        scalar|
|kernel_2_i_load_22        |   in|   32|     ap_none|                         kernel_2_i_load_22|        scalar|
|kernel_1_i_load_22_38     |   in|   32|     ap_none|                      kernel_1_i_load_22_38|        scalar|
|kernel_1_i_load_22        |   in|   32|     ap_none|                         kernel_1_i_load_22|        scalar|
|kernel_i_load_22          |   in|   32|     ap_none|                           kernel_i_load_22|        scalar|
|kernel_2_i_load_23        |   in|   32|     ap_none|                         kernel_2_i_load_23|        scalar|
|kernel_1_i_load_23_39     |   in|   32|     ap_none|                      kernel_1_i_load_23_39|        scalar|
|kernel_1_i_load_23        |   in|   32|     ap_none|                         kernel_1_i_load_23|        scalar|
|kernel_i_load_23          |   in|   32|     ap_none|                           kernel_i_load_23|        scalar|
|kernel_2_i_load_24        |   in|   32|     ap_none|                         kernel_2_i_load_24|        scalar|
|kernel_1_i_load_24_40     |   in|   32|     ap_none|                      kernel_1_i_load_24_40|        scalar|
|kernel_1_i_load_24        |   in|   32|     ap_none|                         kernel_1_i_load_24|        scalar|
|kernel_i_load_24          |   in|   32|     ap_none|                           kernel_i_load_24|        scalar|
|kernel_2_i_load_25        |   in|   32|     ap_none|                         kernel_2_i_load_25|        scalar|
|kernel_1_i_load_25_41     |   in|   32|     ap_none|                      kernel_1_i_load_25_41|        scalar|
|kernel_1_i_load_25        |   in|   32|     ap_none|                         kernel_1_i_load_25|        scalar|
|kernel_i_load_25          |   in|   32|     ap_none|                           kernel_i_load_25|        scalar|
|kernel_2_i_load_26        |   in|   32|     ap_none|                         kernel_2_i_load_26|        scalar|
|kernel_1_i_load_26_42     |   in|   32|     ap_none|                      kernel_1_i_load_26_42|        scalar|
|kernel_1_i_load_26        |   in|   32|     ap_none|                         kernel_1_i_load_26|        scalar|
|kernel_i_load_26          |   in|   32|     ap_none|                           kernel_i_load_26|        scalar|
|kernel_2_i_load_27        |   in|   32|     ap_none|                         kernel_2_i_load_27|        scalar|
|kernel_1_i_load_27_43     |   in|   32|     ap_none|                      kernel_1_i_load_27_43|        scalar|
|kernel_1_i_load_27        |   in|   32|     ap_none|                         kernel_1_i_load_27|        scalar|
|kernel_i_load_27          |   in|   32|     ap_none|                           kernel_i_load_27|        scalar|
|kernel_2_i_load_28        |   in|   32|     ap_none|                         kernel_2_i_load_28|        scalar|
|kernel_1_i_load_28_44     |   in|   32|     ap_none|                      kernel_1_i_load_28_44|        scalar|
|kernel_1_i_load_28        |   in|   32|     ap_none|                         kernel_1_i_load_28|        scalar|
|kernel_i_load_28          |   in|   32|     ap_none|                           kernel_i_load_28|        scalar|
|kernel_2_i_load_29        |   in|   32|     ap_none|                         kernel_2_i_load_29|        scalar|
|kernel_1_i_load_29_45     |   in|   32|     ap_none|                      kernel_1_i_load_29_45|        scalar|
|kernel_1_i_load_29        |   in|   32|     ap_none|                         kernel_1_i_load_29|        scalar|
|kernel_i_load_29          |   in|   32|     ap_none|                           kernel_i_load_29|        scalar|
|kernel_2_i_load_30        |   in|   32|     ap_none|                         kernel_2_i_load_30|        scalar|
|kernel_1_i_load_30_46     |   in|   32|     ap_none|                      kernel_1_i_load_30_46|        scalar|
|kernel_1_i_load_30        |   in|   32|     ap_none|                         kernel_1_i_load_30|        scalar|
|kernel_i_load_30          |   in|   32|     ap_none|                           kernel_i_load_30|        scalar|
|kernel_2_i_load_31        |   in|   32|     ap_none|                         kernel_2_i_load_31|        scalar|
|kernel_1_i_load_31_47     |   in|   32|     ap_none|                      kernel_1_i_load_31_47|        scalar|
|kernel_1_i_load_31        |   in|   32|     ap_none|                         kernel_1_i_load_31|        scalar|
|kernel_i_load_31          |   in|   32|     ap_none|                           kernel_i_load_31|        scalar|
|kernel_2_i_load_32        |   in|   32|     ap_none|                         kernel_2_i_load_32|        scalar|
|kernel_1_i_load_32_48     |   in|   32|     ap_none|                      kernel_1_i_load_32_48|        scalar|
|kernel_1_i_load_32        |   in|   32|     ap_none|                         kernel_1_i_load_32|        scalar|
|kernel_i_load_32          |   in|   32|     ap_none|                           kernel_i_load_32|        scalar|
|kernel_2_i_load_33        |   in|   32|     ap_none|                         kernel_2_i_load_33|        scalar|
|kernel_1_i_load_33_49     |   in|   32|     ap_none|                      kernel_1_i_load_33_49|        scalar|
|kernel_1_i_load_33        |   in|   32|     ap_none|                         kernel_1_i_load_33|        scalar|
|kernel_i_load_33          |   in|   32|     ap_none|                           kernel_i_load_33|        scalar|
|kernel_2_i_load_34        |   in|   32|     ap_none|                         kernel_2_i_load_34|        scalar|
|kernel_1_i_load_34_50     |   in|   32|     ap_none|                      kernel_1_i_load_34_50|        scalar|
|kernel_1_i_load_34        |   in|   32|     ap_none|                         kernel_1_i_load_34|        scalar|
|kernel_i_load_34          |   in|   32|     ap_none|                           kernel_i_load_34|        scalar|
|kernel_2_i_load_35        |   in|   32|     ap_none|                         kernel_2_i_load_35|        scalar|
|kernel_1_i_load_35_51     |   in|   32|     ap_none|                      kernel_1_i_load_35_51|        scalar|
|kernel_1_i_load_35        |   in|   32|     ap_none|                         kernel_1_i_load_35|        scalar|
|kernel_i_load_35          |   in|   32|     ap_none|                           kernel_i_load_35|        scalar|
|kernel_2_i_load_36        |   in|   32|     ap_none|                         kernel_2_i_load_36|        scalar|
|kernel_1_i_load_36_52     |   in|   32|     ap_none|                      kernel_1_i_load_36_52|        scalar|
|kernel_1_i_load_36        |   in|   32|     ap_none|                         kernel_1_i_load_36|        scalar|
|kernel_i_load_36          |   in|   32|     ap_none|                           kernel_i_load_36|        scalar|
|kernel_2_i_load_37        |   in|   32|     ap_none|                         kernel_2_i_load_37|        scalar|
|kernel_1_i_load_37_53     |   in|   32|     ap_none|                      kernel_1_i_load_37_53|        scalar|
|kernel_1_i_load_37        |   in|   32|     ap_none|                         kernel_1_i_load_37|        scalar|
|kernel_i_load_37          |   in|   32|     ap_none|                           kernel_i_load_37|        scalar|
|kernel_2_i_load_38        |   in|   32|     ap_none|                         kernel_2_i_load_38|        scalar|
|kernel_1_i_load_38_54     |   in|   32|     ap_none|                      kernel_1_i_load_38_54|        scalar|
|kernel_1_i_load_38        |   in|   32|     ap_none|                         kernel_1_i_load_38|        scalar|
|kernel_i_load_38          |   in|   32|     ap_none|                           kernel_i_load_38|        scalar|
|kernel_2_i_load_39        |   in|   32|     ap_none|                         kernel_2_i_load_39|        scalar|
|kernel_1_i_load_39_55     |   in|   32|     ap_none|                      kernel_1_i_load_39_55|        scalar|
|kernel_1_i_load_39        |   in|   32|     ap_none|                         kernel_1_i_load_39|        scalar|
|kernel_i_load_39          |   in|   32|     ap_none|                           kernel_i_load_39|        scalar|
|kernel_2_i_load_40        |   in|   32|     ap_none|                         kernel_2_i_load_40|        scalar|
|kernel_1_i_load_40_56     |   in|   32|     ap_none|                      kernel_1_i_load_40_56|        scalar|
|kernel_1_i_load_40        |   in|   32|     ap_none|                         kernel_1_i_load_40|        scalar|
|kernel_i_load_40          |   in|   32|     ap_none|                           kernel_i_load_40|        scalar|
|kernel_2_i_load_41        |   in|   32|     ap_none|                         kernel_2_i_load_41|        scalar|
|kernel_1_i_load_41_57     |   in|   32|     ap_none|                      kernel_1_i_load_41_57|        scalar|
|kernel_1_i_load_41        |   in|   32|     ap_none|                         kernel_1_i_load_41|        scalar|
|kernel_i_load_41          |   in|   32|     ap_none|                           kernel_i_load_41|        scalar|
|kernel_2_i_load_42        |   in|   32|     ap_none|                         kernel_2_i_load_42|        scalar|
|kernel_1_i_load_42_58     |   in|   32|     ap_none|                      kernel_1_i_load_42_58|        scalar|
|kernel_1_i_load_42        |   in|   32|     ap_none|                         kernel_1_i_load_42|        scalar|
|kernel_i_load_42          |   in|   32|     ap_none|                           kernel_i_load_42|        scalar|
|kernel_2_i_load_43        |   in|   32|     ap_none|                         kernel_2_i_load_43|        scalar|
|kernel_1_i_load_43_59     |   in|   32|     ap_none|                      kernel_1_i_load_43_59|        scalar|
|kernel_1_i_load_43        |   in|   32|     ap_none|                         kernel_1_i_load_43|        scalar|
|kernel_i_load_43          |   in|   32|     ap_none|                           kernel_i_load_43|        scalar|
|kernel_2_i_load_44        |   in|   32|     ap_none|                         kernel_2_i_load_44|        scalar|
|kernel_1_i_load_44_60     |   in|   32|     ap_none|                      kernel_1_i_load_44_60|        scalar|
|kernel_1_i_load_44        |   in|   32|     ap_none|                         kernel_1_i_load_44|        scalar|
|kernel_i_load_44          |   in|   32|     ap_none|                           kernel_i_load_44|        scalar|
|kernel_2_i_load_45        |   in|   32|     ap_none|                         kernel_2_i_load_45|        scalar|
|kernel_1_i_load_45_61     |   in|   32|     ap_none|                      kernel_1_i_load_45_61|        scalar|
|kernel_1_i_load_45        |   in|   32|     ap_none|                         kernel_1_i_load_45|        scalar|
|kernel_i_load_45          |   in|   32|     ap_none|                           kernel_i_load_45|        scalar|
|kernel_2_i_load_46        |   in|   32|     ap_none|                         kernel_2_i_load_46|        scalar|
|kernel_1_i_load_46_62     |   in|   32|     ap_none|                      kernel_1_i_load_46_62|        scalar|
|kernel_1_i_load_46        |   in|   32|     ap_none|                         kernel_1_i_load_46|        scalar|
|kernel_i_load_46          |   in|   32|     ap_none|                           kernel_i_load_46|        scalar|
|kernel_2_i_load_47        |   in|   32|     ap_none|                         kernel_2_i_load_47|        scalar|
|kernel_1_i_load_47_63     |   in|   32|     ap_none|                      kernel_1_i_load_47_63|        scalar|
|kernel_1_i_load_47        |   in|   32|     ap_none|                         kernel_1_i_load_47|        scalar|
|kernel_i_load_47          |   in|   32|     ap_none|                           kernel_i_load_47|        scalar|
|kernel_2_i_load_48        |   in|   32|     ap_none|                         kernel_2_i_load_48|        scalar|
|kernel_1_i_load_48_64     |   in|   32|     ap_none|                      kernel_1_i_load_48_64|        scalar|
|kernel_1_i_load_48        |   in|   32|     ap_none|                         kernel_1_i_load_48|        scalar|
|kernel_i_load_48          |   in|   32|     ap_none|                           kernel_i_load_48|        scalar|
|kernel_2_i_load_49        |   in|   32|     ap_none|                         kernel_2_i_load_49|        scalar|
|kernel_1_i_load_49_65     |   in|   32|     ap_none|                      kernel_1_i_load_49_65|        scalar|
|kernel_1_i_load_49        |   in|   32|     ap_none|                         kernel_1_i_load_49|        scalar|
|kernel_i_load_49          |   in|   32|     ap_none|                           kernel_i_load_49|        scalar|
|kernel_2_i_load_50        |   in|   32|     ap_none|                         kernel_2_i_load_50|        scalar|
|kernel_1_i_load_50_66     |   in|   32|     ap_none|                      kernel_1_i_load_50_66|        scalar|
|kernel_1_i_load_50        |   in|   32|     ap_none|                         kernel_1_i_load_50|        scalar|
|kernel_i_load_50          |   in|   32|     ap_none|                           kernel_i_load_50|        scalar|
|kernel_2_i_load_51        |   in|   32|     ap_none|                         kernel_2_i_load_51|        scalar|
|kernel_1_i_load_51_67     |   in|   32|     ap_none|                      kernel_1_i_load_51_67|        scalar|
|kernel_1_i_load_51        |   in|   32|     ap_none|                         kernel_1_i_load_51|        scalar|
|kernel_i_load_51          |   in|   32|     ap_none|                           kernel_i_load_51|        scalar|
|kernel_2_i_load_52        |   in|   32|     ap_none|                         kernel_2_i_load_52|        scalar|
|kernel_1_i_load_52_68     |   in|   32|     ap_none|                      kernel_1_i_load_52_68|        scalar|
|kernel_1_i_load_52        |   in|   32|     ap_none|                         kernel_1_i_load_52|        scalar|
|kernel_i_load_52          |   in|   32|     ap_none|                           kernel_i_load_52|        scalar|
|kernel_2_i_load_53        |   in|   32|     ap_none|                         kernel_2_i_load_53|        scalar|
|kernel_1_i_load_53_69     |   in|   32|     ap_none|                      kernel_1_i_load_53_69|        scalar|
|kernel_1_i_load_53        |   in|   32|     ap_none|                         kernel_1_i_load_53|        scalar|
|kernel_i_load_53          |   in|   32|     ap_none|                           kernel_i_load_53|        scalar|
|kernel_2_i_load_54        |   in|   32|     ap_none|                         kernel_2_i_load_54|        scalar|
|kernel_1_i_load_54_70     |   in|   32|     ap_none|                      kernel_1_i_load_54_70|        scalar|
|kernel_1_i_load_54        |   in|   32|     ap_none|                         kernel_1_i_load_54|        scalar|
|kernel_i_load_54          |   in|   32|     ap_none|                           kernel_i_load_54|        scalar|
|kernel_2_i_load_55        |   in|   32|     ap_none|                         kernel_2_i_load_55|        scalar|
|kernel_1_i_load_55_71     |   in|   32|     ap_none|                      kernel_1_i_load_55_71|        scalar|
|kernel_1_i_load_55        |   in|   32|     ap_none|                         kernel_1_i_load_55|        scalar|
|kernel_i_load_55          |   in|   32|     ap_none|                           kernel_i_load_55|        scalar|
|kernel_2_i_load_56        |   in|   32|     ap_none|                         kernel_2_i_load_56|        scalar|
|kernel_1_i_load_56_72     |   in|   32|     ap_none|                      kernel_1_i_load_56_72|        scalar|
|kernel_1_i_load_56        |   in|   32|     ap_none|                         kernel_1_i_load_56|        scalar|
|kernel_i_load_56          |   in|   32|     ap_none|                           kernel_i_load_56|        scalar|
|kernel_2_i_load_57        |   in|   32|     ap_none|                         kernel_2_i_load_57|        scalar|
|kernel_1_i_load_57_73     |   in|   32|     ap_none|                      kernel_1_i_load_57_73|        scalar|
|kernel_1_i_load_57        |   in|   32|     ap_none|                         kernel_1_i_load_57|        scalar|
|kernel_i_load_57          |   in|   32|     ap_none|                           kernel_i_load_57|        scalar|
|kernel_2_i_load_58        |   in|   32|     ap_none|                         kernel_2_i_load_58|        scalar|
|kernel_1_i_load_58_74     |   in|   32|     ap_none|                      kernel_1_i_load_58_74|        scalar|
|kernel_1_i_load_58        |   in|   32|     ap_none|                         kernel_1_i_load_58|        scalar|
|kernel_i_load_58          |   in|   32|     ap_none|                           kernel_i_load_58|        scalar|
|kernel_2_i_load_59        |   in|   32|     ap_none|                         kernel_2_i_load_59|        scalar|
|kernel_1_i_load_59_75     |   in|   32|     ap_none|                      kernel_1_i_load_59_75|        scalar|
|kernel_1_i_load_59        |   in|   32|     ap_none|                         kernel_1_i_load_59|        scalar|
|kernel_i_load_59          |   in|   32|     ap_none|                           kernel_i_load_59|        scalar|
|kernel_2_i_load_60        |   in|   32|     ap_none|                         kernel_2_i_load_60|        scalar|
|kernel_1_i_load_60_76     |   in|   32|     ap_none|                      kernel_1_i_load_60_76|        scalar|
|kernel_1_i_load_60        |   in|   32|     ap_none|                         kernel_1_i_load_60|        scalar|
|kernel_i_load_60          |   in|   32|     ap_none|                           kernel_i_load_60|        scalar|
|kernel_2_i_load_61        |   in|   32|     ap_none|                         kernel_2_i_load_61|        scalar|
|kernel_1_i_load_61_77     |   in|   32|     ap_none|                      kernel_1_i_load_61_77|        scalar|
|kernel_1_i_load_61        |   in|   32|     ap_none|                         kernel_1_i_load_61|        scalar|
|kernel_i_load_61          |   in|   32|     ap_none|                           kernel_i_load_61|        scalar|
|kernel_2_i_load_62        |   in|   32|     ap_none|                         kernel_2_i_load_62|        scalar|
|kernel_1_i_load_62_78     |   in|   32|     ap_none|                      kernel_1_i_load_62_78|        scalar|
|kernel_1_i_load_62        |   in|   32|     ap_none|                         kernel_1_i_load_62|        scalar|
|kernel_i_load_62          |   in|   32|     ap_none|                           kernel_i_load_62|        scalar|
|kernel_2_i_load_63        |   in|   32|     ap_none|                         kernel_2_i_load_63|        scalar|
|kernel_1_i_load_63_79     |   in|   32|     ap_none|                      kernel_1_i_load_63_79|        scalar|
|kernel_1_i_load_63        |   in|   32|     ap_none|                         kernel_1_i_load_63|        scalar|
|kernel_i_load_63          |   in|   32|     ap_none|                           kernel_i_load_63|        scalar|
+--------------------------+-----+-----+------------+-------------------------------------------+--------------+

